3	0	207	23	27	43	35	43	35	39	35	31	31	35	
12082	12079	140	23	47	39	39	51	27	39	27	35	35	35	
24162	12080	27	39	35	35	39	35	31	27	23	35	27	23	
36245	12083	82	59	39	43	43	39	47	35	31	43	35	43	
48326	12081	-38	39	39	39	51	35	35	43	35	31	31	35	
60407	12081	86	55	35	39	43	35	35	31	35	43	35	31	
72487	12080	23	23	27	43	39	35	27	31	47	35	27	39	
84568	12081	35	35	39	31	35	27	31	43	31	27	31	27	
96652	12084	66	39	35	39	35	39	39	27	35	35	27	31	
108734	12082	47	39	35	31	27	43	35	39	23	31	39	39	
120815	12081	23	27	27	43	39	35	31	35	39	39	23	35	
132896	12081	70	39	35	31	31	39	31	43	31	39	27	31	
144979	12083	23	27	43	35	43	35	39	35	31	31	35	23	
157061	12082	23	47	39	39	51	27	39	27	35	35	35	39	
169143	12082	39	35	35	39	35	31	27	23	35	27	23	39	
181229	12086	59	39	43	43	39	47	35	31	43	35	43	31	
193309	12080	39	39	39	51	35	35	43	35	31	31	35	23	
205392	12083	55	35	39	43	35	35	31	35	43	35	31	31	
217479	12087	23	27	43	39	35	27	31	47	35	27	39	31	
229559	12080	35	39	31	35	27	31	43	31	27	31	27	35	
241644	12085	39	35	39	35	39	39	27	35	35	27	31	27	
253724	12080	39	35	31	27	43	35	39	23	31	39	39	39	
265808	12084	27	27	43	39	35	31	35	39	39	23	35	39	
277891	12083	39	35	31	31	39	31	43	31	39	27	31	43	
289974	12083	27	43	35	43	35	39	35	31	31	35	23	35	
302055	12081	47	39	39	51	27	39	27	35	35	35	39	39	
314137	12082	35	35	39	35	31	27	23	35	27	23	39	27	
326219	12082	39	43	43	39	47	35	31	43	35	43	31	23	
338302	12083	39	39	51	35	35	43	35	31	31	35	23	35	
350381	12079	35	39	43	35	35	31	35	43	35	31	31	43	
362468	12087	27	43	39	35	27	31	47	35	27	39	31	51	
374549	12081	39	31	35	27	31	43	31	27	31	27	35	43	
386631	12082	35	39	35	39	39	27	35	35	27	31	27	31	
398711	12080	35	31	27	43	35	39	23	31	39	39	39	35	
410792	12081	27	43	39	35	31	35	39	39	23	35	39	35	
422875	12083	35	31	31	39	31	43	31	39	27	31	43	27	
434958	12083	43	35	43	35	39	35	31	31	35	23	35	27	
447039	12081	39	39	51	27	39	27	35	35	35	39	39	35	
459120	12081	35	39	35	31	27	23	35	27	23	39	27	43	
471202	12082	43	43	39	47	35	31	43	35	43	31	23	43	
483283	12081	39	51	35	35	43	35	31	31	35	23	35	35	
495360	12077	39	43	35	35	31	35	43	35	31	31	43	39	
507442	12082	43	39	35	27	31	47	35	27	39	31	51	47	
519522	12080	31	35	27	31	43	31	27	31	27	35	43	51	
531606	12084	39	35	39	39	27	35	35	27	31	27	31	39	
543689	12083	31	27	43	35	39	23	31	39	39	39	35	35	
555770	12081	43	39	35	31	35	39	39	23	35	39	35	31	
567853	12083	31	31	39	31	43	31	39	27	31	43	27	31	
579935	12082	35	43	35	39	35	31	31	35	23	35	27	43	
592018	12083	39	51	27	39	27	35	35	35	39	39	35	31	
604099	12081	39	35	31	27	23	35	27	23	39	27	43	31	
616182	12083	43	39	47	35	31	43	35	43	31	23	43	27	
628262	12080	51	35	35	43	35	31	31	35	23	35	35	31	
640343	12081	43	35	35	31	35	43	35	31	31	43	39	35	
652422	12079	39	35	27	31	47	35	27	39	31	51	47	39	
664504	12082	35	27	31	43	31	27	31	27	35	43	51	39	
676585	12081	35	39	39	27	35	35	27	31	27	31	39	43	
688671	12086	27	43	35	39	23	31	39	39	39	35	35	31	
700753	12082	39	35	31	35	39	39	23	35	39	35	31	35	
712836	12083	31	39	31	43	31	39	27	31	43	27	31	31	
724916	12080	43	35	39	35	31	31	35	23	35	27	43	31	
736998	12082	51	27	39	27	35	35	35	39	39	35	31	35	
749081	12083	35	31	27	23	35	27	23	39	27	43	31	35	
761162	12081	39	47	35	31	43	35	43	31	23	43	27	43	
773245	12083	35	35	43	35	31	31	35	23	35	35	31	31	
785324	12079	35	35	31	35	43	35	31	31	43	39	35	35	
797405	12081	35	27	31	47	35	27	39	31	51	47	39	39	
809486	12081	27	31	43	31	27	31	27	35	43	51	39	35	
821564	12078	39	39	27	35	35	27	31	27	31	39	43	39	
833645	12081	43	35	39	23	31	39	39	39	35	35	31	39	
845729	12084	35	31	35	39	39	23	35	39	35	31	35	31	
857814	12085	39	31	43	31	39	27	31	43	27	31	31	39	
869897	12083	35	39	35	31	31	35	23	35	27	43	31	35	
881979	12082	27	39	27	35	35	35	39	39	35	31	35	35	
894061	12082	31	27	23	35	27	23	39	27	43	31	35	35	
906143	12082	47	35	31	43	35	43	31	23	43	27	43	31	
918229	12086	35	43	35	31	31	35	23	35	35	31	31	35	
930309	12080	35	31	35	43	35	31	31	43	39	35	35	47	
942392	12083	27	31	47	35	27	39	31	51	47	39	39	35	
954479	12087	31	43	31	27	31	27	35	43	51	39	35	23	
966559	12080	39	27	35	35	27	31	27	31	39	43	39	43	
978644	12085	35	39	23	31	39	39	39	35	35	31	39	35	
990724	12080	31	35	39	39	23	35	39	35	31	35	31	35	
1002808	12084	31	43	31	39	27	31	43	27	31	31	39	35	
1014891	12083	39	35	31	31	35	23	35	27	43	31	35	23	
1026974	12083	39	27	35	35	35	39	39	35	31	35	35	31	
1039055	12081	27	23	35	27	23	39	27	43	31	35	35	35	
1051137	12082	35	31	43	35	43	31	23	43	27	43	31	39	
1063219	12082	43	35	31	31	35	23	35	35	31	31	35	27	
1075302	12083	31	35	43	35	31	31	43	39	35	35	47	31	
1087381	12079	31	47	35	27	39	31	51	47	39	39	35	23	
1099468	12087	43	31	27	31	27	35	43	51	39	35	23	35	
1111549	12081	27	35	35	27	31	27	31	39	43	39	43	27	
1123631	12082	39	23	31	39	39	39	35	35	31	39	35	31	
1135711	12080	35	39	39	23	35	39	35	31	35	31	35	39	
1147792	12081	43	31	39	27	31	43	27	31	31	39	35	23	
1159875	12083	35	31	31	35	23	35	27	43	31	35	23	31	
1171958	12083	27	35	35	35	39	39	35	31	35	35	31	39	
1184039	12081	23	35	27	23	39	27	43	31	35	35	35	35	
1196120	12081	31	43	35	43	31	23	43	27	43	31	39	35	
1208202	12082	35	31	31	35	23	35	35	31	31	35	27	35	
1220283	12081	35	43	35	31	31	43	39	35	35	47	31	39	
1232360	12077	47	35	27	39	31	51	47	39	39	35	23	23	
1244442	12082	31	27	31	27	35	43	51	39	35	23	35	31	
1256522	12080	35	35	27	31	27	31	39	43	39	43	27	31	
1268606	12084	23	31	39	39	39	35	35	31	39	35	31	39	
1280689	12083	39	39	23	35	39	35	31	35	31	35	39	35	
1292770	12081	31	39	27	31	43	27	31	31	39	35	23	27	
1304853	12083	31	31	35	23	35	27	43	31	35	23	31	31	
1316935	12082	35	35	35	39	39	35	31	35	35	31	39	39	
1329018	12083	35	27	23	39	27	43	31	35	35	35	35	35	
1341099	12081	43	35	43	31	23	43	27	43	31	39	35	31	
1353182	12083	31	31	35	23	35	35	31	31	35	27	35	31	
1365262	12080	43	35	31	31	43	39	35	35	47	31	39	39	
1377343	12081	35	27	39	31	51	47	39	39	35	23	23	51	
1389422	12079	27	31	27	35	43	51	39	35	23	35	31	31	
1401504	12082	35	27	31	27	31	39	43	39	43	27	31	27	
1413585	12081	31	39	39	39	35	35	31	39	35	31	39	31	
1425671	12086	39	23	35	39	35	31	35	31	35	39	35	39	
1437753	12082	39	27	31	43	27	31	31	39	35	23	27	31	
1449836	12083	31	35	23	35	27	43	31	35	23	31	31	31	
1461916	12080	35	35	39	39	35	31	35	35	31	39	39	39	
1473998	12082	27	23	39	27	43	31	35	35	35	35	35	31	
1486081	12083	35	43	31	23	43	27	43	31	39	35	31	47	
1498162	12081	31	35	23	35	35	31	31	35	27	35	31	31	
1510245	12083	35	31	31	43	39	35	35	47	31	39	39	31	
1522324	12079	27	39	31	51	47	39	39	35	23	23	51	31	
1534405	12081	31	27	35	43	51	39	35	23	35	31	31	35	
1546486	12081	27	31	27	31	39	43	39	43	27	31	27	35	
1558564	12078	39	39	39	35	35	31	39	35	31	39	31	27	
1570645	12081	23	35	39	35	31	35	31	35	39	35	39	39	
1582729	12084	27	31	43	27	31	31	39	35	23	27	31	35	
1594814	12085	35	23	35	27	43	31	35	23	31	31	31	27	
1606897	12083	35	39	39	35	31	35	35	31	39	39	39	31	
1618979	12082	23	39	27	43	31	35	35	35	35	35	31	35	
1631061	12082	43	31	23	43	27	43	31	39	35	31	47	35	
1643143	12082	35	23	35	35	31	31	35	27	35	31	31	31	
1655229	12086	31	31	43	39	35	35	47	31	39	39	31	39	
1667309	12080	39	31	51	47	39	39	35	23	23	51	31	35	
1679392	12083	27	35	43	51	39	35	23	35	31	31	35	35	
1691479	12087	31	27	31	39	43	39	43	27	31	27	35	31	
1703559	12080	39	39	35	35	31	39	35	31	39	31	27	35	
1715644	12085	35	39	35	31	35	31	35	39	35	39	39	35	
1727724	12080	31	43	27	31	31	39	35	23	27	31	35	27	
1739808	12084	23	35	27	43	31	35	23	31	31	31	27	31	
1751891	12083	39	39	35	31	35	35	31	39	39	39	31	27	
1763974	12083	39	27	43	31	35	35	35	35	35	31	35	39	
1776055	12081	31	23	43	27	43	31	39	35	31	47	35	35	
1788137	12082	23	35	35	31	31	35	27	35	31	31	31	35	
1800219	12082	31	43	39	35	35	47	31	39	39	31	39	39	
1812302	12083	31	51	47	39	39	35	23	23	51	31	35	43	
1824381	12079	35	43	51	39	35	23	35	31	31	35	35	39	
1836468	12087	27	31	39	43	39	43	27	31	27	35	31	39	
1848549	12081	39	35	35	31	39	35	31	39	31	27	35	39	
1860631	12082	39	35	31	35	31	35	39	35	39	39	35	43	
1872711	12080	43	27	31	31	39	35	23	27	31	35	27	39	
1884792	12081	35	27	43	31	35	23	31	31	31	27	31	39	
1896875	12083	39	35	31	35	35	31	39	39	39	31	27	35	
1908958	12083	27	43	31	35	35	35	35	35	31	35	39	35	
1921039	12081	23	43	27	43	31	39	35	31	47	35	35	35	
1933120	12081	35	35	31	31	35	27	35	31	31	31	35	23	
1945202	12082	43	39	35	35	47	31	39	39	31	39	39	43	
1957283	12081	51	47	39	39	35	23	23	51	31	35	43	31	
1969360	12077	43	51	39	35	23	35	31	31	35	35	39	39	
1981442	12082	31	39	43	39	43	27	31	27	35	31	39	31	
1993522	12080	35	35	31	39	35	31	39	31	27	35	39	35	
2005606	12084	35	31	35	31	35	39	35	39	39	35	43	39	
2017689	12083	27	31	31	39	35	23	27	31	35	27	39	31	
2029770	12081	27	43	31	35	23	31	31	31	27	31	39	39	
2041853	12083	35	31	35	35	31	39	39	39	31	27	35	27	
2053935	12082	43	31	35	35	35	35	35	31	35	39	35	35	
2066018	12083	43	27	43	31	39	35	31	47	35	35	35	43	
2078099	12081	35	31	31	35	27	35	31	31	31	35	23	31	
2090182	12083	39	35	35	47	31	39	39	31	39	39	43	43	
2102262	12080	47	39	39	35	23	23	51	31	35	43	31	35	
2114343	12081	51	39	35	23	35	31	31	35	35	39	39	39	
2126422	12079	39	43	39	43	27	31	27	35	31	39	31	35	
2138504	12082	35	31	39	35	31	39	31	27	35	39	35	27	
2150585	12081	31	35	31	35	39	35	39	39	35	43	39	35	
2162671	12086	31	31	39	35	23	27	31	35	27	39	31	39	
2174753	12082	43	31	35	23	31	31	31	27	31	39	39	20	
2186836	12083	31	35	35	31	39	39	39	31	27	35	27	27	
2198916	12080	31	35	35	35	35	35	31	35	39	35	35	51	
2210998	12082	27	43	31	39	35	31	47	35	35	35	43	31	
2223081	12083	31	31	35	27	35	31	31	31	35	23	31	35	
2235162	12081	35	35	47	31	39	39	31	39	39	43	43	31	
2247245	12083	39	39	35	23	23	51	31	35	43	31	35	39	
2259324	12079	39	35	23	35	31	31	35	35	39	39	39	39	
2271405	12081	43	39	43	27	31	27	35	31	39	31	35	27	
2283486	12081	31	39	35	31	39	31	27	35	39	35	27	39	
2295564	12078	35	31	35	39	35	39	39	35	43	39	35	43	
2307645	12081	31	39	35	23	27	31	35	27	39	31	39	27	
2319729	12084	31	35	23	31	31	31	27	31	39	39	20	39	
2331814	12085	35	35	31	39	39	39	31	27	35	27	27	39	
2343897	12083	35	35	35	35	35	31	35	39	35	35	51	35	
2355979	12082	43	31	39	35	31	47	35	35	35	43	31	35	
2368061	12082	31	35	27	35	31	31	31	35	23	31	35	35	
2380143	12082	35	47	31	39	39	31	39	39	43	43	31	35	
2392229	12086	39	35	23	23	51	31	35	43	31	35	39	31	
2404309	12080	35	23	35	31	31	35	35	39	39	39	39	43	
2416392	12083	39	43	27	31	27	35	31	39	31	35	27	27	
2428479	12087	39	35	31	39	31	27	35	39	35	27	39	31	
2440559	12080	31	35	39	35	39	39	35	43	39	35	43	31	
2452644	12085	39	35	23	27	31	35	27	39	31	39	27	27	
2464724	12080	35	23	31	31	31	27	31	39	39	20	39	43	
2476808	12084	35	31	39	39	39	31	27	35	27	27	39	35	
2488891	12083	35	35	35	35	31	35	39	35	35	51	35	31	
2500974	12083	31	39	35	31	47	35	35	35	43	31	35	20	
2513055	12081	35	27	35	31	31	31	35	23	31	35	35	39	
2525137	12082	47	31	39	39	31	39	39	43	43	31	35	35	
2537219	12082	35	23	23	51	31	35	43	31	35	39	31	27	
2549302	12083	23	35	31	31	35	35	39	39	39	39	43	35	
2561381	12079	43	27	31	27	35	31	39	31	35	27	27	31	
2573468	12087	35	31	39	31	27	35	39	35	27	39	31	39	
2585549	12081	35	39	35	39	39	35	43	39	35	43	31	35	
2597631	12082	35	23	27	31	35	27	39	31	39	27	27	31	
2609711	12080	23	31	31	31	27	31	39	39	20	39	43	39	
2621792	12081	31	39	39	39	31	27	35	27	27	39	35	35	
2633875	12083	35	35	35	31	35	39	35	35	51	35	31	35	
2645958	12083	39	35	31	47	35	35	35	43	31	35	20	39	
2658039	12081	27	35	31	31	31	35	23	31	35	35	39	27	
2670120	12081	31	39	39	31	39	39	43	43	31	35	35	31	
2682202	12082	23	23	51	31	35	43	31	35	39	31	27	39	
2694283	12081	35	31	31	35	35	39	39	39	39	43	35	39	
2706360	12077	27	31	27	35	31	39	31	35	27	27	31	39	
2718442	12082	31	39	31	27	35	39	35	27	39	31	39	31	
2730522	12080	39	35	39	39	35	43	39	35	43	31	35	35	
2742606	12084	23	27	31	35	27	39	31	39	27	27	31	31	
2754689	12083	31	31	31	27	31	39	39	20	39	43	39	35	
2766770	12081	39	39	39	31	27	35	27	27	39	35	35	43	
2778853	12083	35	35	31	35	39	35	35	51	35	31	35	27	
2790935	12082	35	31	47	35	35	35	43	31	35	20	39	35	
2803018	12083	35	31	31	31	35	23	31	35	35	39	27	35	
2815099	12081	39	39	31	39	39	43	43	31	35	35	31	43	
2827182	12083	23	51	31	35	43	31	35	39	31	27	39	39	
2839262	12080	31	31	35	35	39	39	39	39	43	35	39	27	
2851343	12081	31	27	35	31	39	31	35	27	27	31	39	43	
2863422	12079	39	31	27	35	39	35	27	39	31	39	31	39	
2875504	12082	35	39	39	35	43	39	35	43	31	35	35	35	
2887585	12081	27	31	35	27	39	31	39	27	27	31	31	27	
2899671	12086	31	31	27	31	39	39	20	39	43	39	35	43	
2911753	12082	39	39	31	27	35	27	27	39	35	35	43	35	
2923836	12083	35	31	35	39	35	35	51	35	31	35	27	47	
2935916	12080	31	47	35	35	35	43	31	35	20	39	35	31	
2947998	12082	31	31	31	35	23	31	35	35	39	27	35	39	
2960081	12083	39	31	39	39	43	43	31	35	35	31	43	39	
2972162	12081	51	31	35	43	31	35	39	31	27	39	39	35	
2984245	12083	31	35	35	39	39	39	39	43	35	39	27	31	
2996324	12079	27	35	31	39	31	35	27	27	31	39	43	35	
3008405	12081	31	27	35	39	35	27	39	31	39	31	39	23	
3020486	12081	39	39	35	43	39	35	43	31	35	35	35	35	
3032564	12078	31	35	27	39	31	39	27	27	31	31	27	35	
3044645	12081	31	27	31	39	39	20	39	43	39	35	43	31	
3056729	12084	39	31	27	35	27	27	39	35	35	43	35	43	
3068814	12085	31	35	39	35	35	51	35	31	35	27	47	47	
3080897	12083	47	35	35	35	43	31	35	20	39	35	31	27	
3092979	12082	31	31	35	23	31	35	35	39	27	35	39	39	
3105061	12082	31	39	39	43	43	31	35	35	31	43	39	39	
3117143	12082	31	35	43	31	35	39	31	27	39	39	35	35	
3129229	12086	35	35	39	39	39	39	43	35	39	27	31	31	
3141309	12080	35	31	39	31	35	27	27	31	39	43	35	39	
3153392	12083	27	35	39	35	27	39	31	39	31	39	23	23	
3165479	12087	39	35	43	39	35	43	31	35	35	35	35	31	
3177559	12080	35	27	39	31	39	27	27	31	31	27	35	39	
3189644	12085	27	31	39	39	20	39	43	39	35	43	31	39	
3201724	12080	31	27	35	27	27	39	35	35	43	35	43	39	
3213808	12084	35	39	35	35	51	35	31	35	27	47	47	35	
3225891	12083	35	35	35	43	31	35	20	39	35	31	27	43	
3237974	12083	31	35	23	31	35	35	39	27	35	39	39	43	
3250055	12081	39	39	43	43	31	35	35	31	43	39	39	39	
3262137	12082	35	43	31	35	39	31	27	39	39	35	35	31	
3274219	12082	35	39	39	39	39	43	35	39	27	31	31	16	
3286302	12083	31	39	31	35	27	27	31	39	43	35	39	35	
3298381	12079	35	39	35	27	39	31	39	31	39	23	23	31	
3310468	12087	35	43	39	35	43	31	35	35	35	35	31	31	
3322549	12081	27	39	31	39	27	27	31	31	27	35	39	35	
3334631	12082	31	39	39	20	39	43	39	35	43	31	39	35	
3346711	12080	27	35	27	27	39	35	35	43	35	43	39	39	
3358792	12081	39	35	35	51	35	31	35	27	47	47	35	35	
3370875	12083	35	35	43	31	35	20	39	35	31	27	43	31	
3382958	12083	35	23	31	35	35	39	27	35	39	39	43	31	
3395039	12081	39	43	43	31	35	35	31	43	39	39	39	31	
3407120	12081	43	31	35	39	31	27	39	39	35	35	31	39	
3419202	12082	39	39	39	39	43	35	39	27	31	31	16	27	
3431283	12081	39	31	35	27	27	31	39	43	35	39	35	39	
3443360	12077	39	35	27	39	31	39	31	39	23	23	31	43	
3455442	12082	43	39	35	43	31	35	35	35	35	31	31	35	
3467522	12080	39	31	39	27	27	31	31	27	35	39	35	35	
3479606	12084	39	39	20	39	43	39	35	43	31	39	35	43	
3491689	12083	35	27	27	39	35	35	43	35	43	39	39	39	
3503770	12081	35	35	51	35	31	35	27	47	47	35	35	35	
3515853	12083	35	43	31	35	20	39	35	31	27	43	31	39	
3527935	12082	23	31	35	35	39	27	35	39	39	43	31	31	
3540018	12083	43	43	31	35	35	31	43	39	39	39	31	23	
3552099	12081	31	35	39	31	27	39	39	35	35	31	39	47	
3564182	12083	39	39	39	43	35	39	27	31	31	16	27	43	
3576262	12080	31	35	27	27	31	39	43	35	39	35	39	35	
3588343	12081	35	27	39	31	39	31	39	23	23	31	43	39	
3600422	12079	39	35	43	31	35	35	35	35	31	31	35	43	
3612504	12082	31	39	27	27	31	31	27	35	39	35	35	35	
3624585	12081	39	20	39	43	39	35	43	31	39	35	43	39	
3636671	12086	27	27	39	35	35	43	35	43	39	39	39	35	
3648753	12082	35	51	35	31	35	27	47	47	35	35	35	39	
3660836	12083	43	31	35	20	39	35	31	27	43	31	39	39	
3672916	12080	31	35	35	39	27	35	39	39	43	31	31	35	
3684998	12082	43	31	35	35	31	43	39	39	39	31	23	43	
3697081	12083	35	39	31	27	39	39	35	35	31	39	47	35	
3709162	12081	39	39	43	35	39	27	31	31	16	27	43	35	
3721245	12083	35	27	27	31	39	43	35	39	35	39	35	35	
3733324	12079	27	39	31	39	31	39	23	23	31	43	39	47	
3745405	12081	35	43	31	35	35	35	35	31	31	35	43	27	
3757486	12081	39	27	27	31	31	27	35	39	35	35	35	31	
3769564	12078	20	39	43	39	35	43	31	39	35	43	39	31	
3781645	12081	27	39	35	35	43	35	43	39	39	39	35	23	
3793729	12084	51	35	31	35	27	47	47	35	35	35	39	39	
3805814	12085	31	35	20	39	35	31	27	43	31	39	39	27	
3817897	12083	35	35	39	27	35	39	39	43	31	31	35	35	
3829979	12082	31	35	35	31	43	39	39	39	31	23	43	31	
3842061	12082	39	31	27	39	39	35	35	31	39	47	35	35	
3854143	12082	39	43	35	39	27	31	31	16	27	43	35	35	
3866229	12086	27	27	31	39	43	35	39	35	39	35	35	27	
3878309	12080	39	31	39	31	39	23	23	31	43	39	47	51	
3890392	12083	43	31	35	35	35	35	31	31	35	43	27	35	
3902479	12087	27	27	31	31	27	35	39	35	35	35	31	35	
3914559	12080	39	43	39	35	43	31	39	35	43	39	31	47	
3926644	12085	39	35	35	43	35	43	39	39	39	35	23	39	
3938724	12080	35	31	35	27	47	47	35	35	35	39	39	31	
3950808	12084	35	20	39	35	31	27	43	31	39	39	27	39	
3962891	12083	35	39	27	35	39	39	43	31	31	35	35	39	
3974974	12083	35	35	31	43	39	39	39	31	23	43	31	35	
3987055	12081	31	27	39	39	35	35	31	39	47	35	35	39	
3999137	12082	43	35	39	27	31	31	16	27	43	35	35	39	
4011219	12082	27	31	39	43	35	39	35	39	35	35	27	35	
4023302	12083	31	39	31	39	23	23	31	43	39	47	51	35	
4035381	12079	31	35	35	35	35	31	31	35	43	27	35	35	
4047468	12087	27	31	31	27	35	39	35	35	35	31	35	51	
4059549	12081	43	39	35	43	31	39	35	43	39	31	47	27	
4071631	12082	35	35	43	35	43	39	39	39	35	23	39	35	
4083711	12080	31	35	27	47	47	35	35	35	39	39	31	43	
4095792	12081	20	39	35	31	27	43	31	39	39	27	39	35	
4107875	12083	39	27	35	39	39	43	31	31	35	35	39	39	
4119958	12083	35	31	43	39	39	39	31	23	43	31	35	35	
4132039	12081	27	39	39	35	35	31	39	47	35	35	39	31	
4144120	12081	35	39	27	31	31	16	27	43	35	35	39	39	
4156202	12082	31	39	43	35	39	35	39	35	35	27	35	43	
4168283	12081	39	31	39	23	23	31	43	39	47	51	35	39	
4180360	12077	35	35	35	35	31	31	35	43	27	35	35	39	
4192442	12082	31	31	27	35	39	35	35	35	31	35	51	31	
4204522	12080	39	35	43	31	39	35	43	39	31	47	27	43	
4216606	12084	35	43	35	43	39	39	39	35	23	39	35	31	
4228689	12083	35	27	47	47	35	35	35	39	39	31	43	43	
4240770	12081	39	35	31	27	43	31	39	39	27	39	35	39	
4252853	12083	27	35	39	39	43	31	31	35	35	39	39	39	
4264935	12082	31	43	39	39	39	31	23	43	31	35	35	31	
4277018	12083	39	39	35	35	31	39	47	35	35	39	31	39	
4289099	12081	39	27	31	31	16	27	43	35	35	39	39	35	
4301182	12083	39	43	35	39	35	39	35	35	27	35	43	43	
4313262	12080	31	39	23	23	31	43	39	47	51	35	39	27	
4325343	12081	35	35	35	31	31	35	43	27	35	35	39	43	
4337422	12079	31	27	35	39	35	35	35	31	35	51	31	31	
4349504	12082	35	43	31	39	35	43	39	31	47	27	43	43	
4361585	12081	43	35	43	39	39	39	35	23	39	35	31	43	
4373671	12086	27	47	47	35	35	35	39	39	31	43	43	27	
4385753	12082	35	31	27	43	31	39	39	27	39	35	39	43	
4397836	12083	35	39	39	43	31	31	35	35	39	39	39	43	
4409916	12080	43	39	39	39	31	23	43	31	35	35	31	31	
4421998	12082	39	35	35	31	39	47	35	35	39	31	39	27	
4434081	12083	27	31	31	16	27	43	35	35	39	39	35	31	
4446162	12081	43	35	39	35	39	35	35	27	35	43	43	35	
4458245	12083	39	23	23	31	43	39	47	51	35	39	27	47	
4470324	12079	35	35	31	31	35	43	27	35	35	39	43	43	
4482405	12081	27	35	39	35	35	35	31	35	51	31	31	43	
4494486	12081	43	31	39	35	43	39	31	47	27	43	43	35	
4506564	12078	35	43	39	39	39	35	23	39	35	31	43	35	
4518645	12081	47	47	35	35	35	39	39	31	43	43	27	39	
4530729	12084	31	27	43	31	39	39	27	39	35	39	43	39	
4542814	12085	39	39	43	31	31	35	35	39	39	39	43	35	
4554897	12083	39	39	39	31	23	43	31	35	35	31	31	43	
4566979	12082	35	35	31	39	47	35	35	39	31	39	27	35	
4579061	12082	31	31	16	27	43	35	35	39	39	35	31	39	
4591143	12082	35	39	35	39	35	35	27	35	43	43	35	35	
4603229	12086	23	23	31	43	39	47	51	35	39	27	47	23	
4615309	12080	35	31	31	35	43	27	35	35	39	43	43	31	
4627392	12083	35	39	35	35	35	31	35	51	31	31	43	35	
4639479	12087	31	39	35	43	39	31	47	27	43	43	35	31	
4651559	12080	43	39	39	39	35	23	39	35	31	43	35	47	
4663644	12085	47	35	35	35	39	39	31	43	43	27	39	31	
4675724	12080	27	43	31	39	39	27	39	35	39	43	39	39	
4687808	12084	39	43	31	31	35	35	39	39	39	43	35	35	
4699891	12083	39	39	31	23	43	31	35	35	31	31	43	27	
4711974	12083	35	31	39	47	35	35	39	31	39	27	35	35	
4724055	12081	31	16	27	43	35	35	39	39	35	31	39	43	
4736137	12082	39	35	39	35	35	27	35	43	43	35	35	51	
4748219	12082	23	31	43	39	47	51	35	39	27	47	23	35	
4760302	12083	31	31	35	43	27	35	35	39	43	43	31	35	
4772381	12079	39	35	35	35	31	35	51	31	31	43	35	31	
4784468	12087	39	35	43	39	31	47	27	43	43	35	31	31	
4796549	12081	39	39	39	35	23	39	35	31	43	35	47	39	
4808631	12082	35	35	35	39	39	31	43	43	27	39	31	35	
4820711	12080	43	31	39	39	27	39	35	39	43	39	39	35	
4832792	12081	43	31	31	35	35	39	39	39	43	35	35	27	
4844875	12083	39	31	23	43	31	35	35	31	31	43	27	31	
4856958	12083	31	39	47	35	35	39	31	39	27	35	35	39	
4869039	12081	16	27	43	35	35	39	39	35	31	39	43	31	
4881120	12081	35	39	35	35	27	35	43	43	35	35	51	43	
4893202	12082	31	43	39	47	51	35	39	27	47	23	35	31	
4905283	12081	31	35	43	27	35	35	39	43	43	31	35	31	
4917360	12077	35	35	35	31	35	51	31	31	43	35	31	31	
4929442	12082	35	43	39	31	47	27	43	43	35	31	31	35	
4941522	12080	39	39	35	23	39	35	31	43	35	47	39	35	
4953606	12084	35	35	39	39	31	43	43	27	39	31	35	31	
4965689	12083	31	39	39	27	39	35	39	43	39	39	35	39	
4977770	12081	31	31	35	35	39	39	39	43	35	35	27	31	
4989853	12083	31	23	43	31	35	35	31	31	43	27	31	35	
5001935	12082	39	47	35	35	39	31	39	27	35	35	39	51	
5014018	12083	27	43	35	35	39	39	35	31	39	43	31	43	
5026099	12081	39	35	35	27	35	43	43	35	35	51	43	31	
5038182	12083	43	39	47	51	35	39	27	47	23	35	31	39	
5050262	12080	35	43	27	35	35	39	43	43	31	35	31	23	
5062343	12081	35	35	31	35	51	31	31	43	35	31	31	35	
5074422	12079	43	39	31	47	27	43	43	35	31	31	35	31	
5086504	12082	39	35	23	39	35	31	43	35	47	39	35	27	
5098585	12081	35	39	39	31	43	43	27	39	31	35	31	27	
5110671	12086	39	39	27	39	35	39	43	39	39	35	39	31	
5122753	12082	31	35	35	39	39	39	43	35	35	27	31	31	
5134836	12083	23	43	31	35	35	31	31	43	27	31	35	23	
5146916	12080	47	35	35	39	31	39	27	35	35	39	51	35	
5158998	12082	43	35	35	39	39	35	31	39	43	31	43	43	
5171081	12083	35	35	27	35	43	43	35	35	51	43	31	39	
5183162	12081	39	47	51	35	39	27	47	23	35	31	39	43	
5195245	12083	43	27	35	35	39	43	43	31	35	31	23	35	
5207324	12079	35	31	35	51	31	31	43	35	31	31	35	39	
5219405	12081	39	31	47	27	43	43	35	31	31	35	31	35	
5231486	12081	35	23	39	35	31	43	35	47	39	35	27	43	
5243564	12078	39	39	31	43	43	27	39	31	35	31	27	35	
5255645	12081	39	27	39	35	39	43	39	39	35	39	31	35	
5267729	12084	35	35	39	39	39	43	35	35	27	31	31	31	
5279814	12085	43	31	35	35	31	31	43	27	31	35	23	35	
5291897	12083	35	35	39	31	39	27	35	35	39	51	35	35	
5303979	12082	35	35	39	39	35	31	39	43	31	43	43	31	
5316061	12082	35	27	35	43	43	35	35	51	43	31	39	39	
5328143	12082	47	51	35	39	27	47	23	35	31	39	43	27	
5340229	12086	27	35	35	39	43	43	31	35	31	23	35	39	
5352309	12080	31	35	51	31	31	43	35	31	31	35	39	35	
5364392	12083	31	47	27	43	43	35	31	31	35	31	35	31	
5376479	12087	23	39	35	31	43	35	47	39	35	27	43	39	
5388559	12080	39	31	43	43	27	39	31	35	31	27	35	35	
5400644	12085	27	39	35	39	43	39	39	35	39	31	35	27	
5412724	12080	35	39	39	39	43	35	35	27	31	31	31	39	
5424808	12084	31	35	35	31	31	43	27	31	35	23	35	39	
5436891	12083	35	39	31	39	27	35	35	39	51	35	35	43	
5448974	12083	35	39	39	35	31	39	43	31	43	43	31	39	
5461055	12081	27	35	43	43	35	35	51	43	31	39	39	39	
5473137	12082	51	35	39	27	47	23	35	31	39	43	27	39	
5485219	12082	35	35	39	43	43	31	35	31	23	35	39	31	
5497302	12083	35	51	31	31	43	35	31	31	35	39	35	35	
5509381	12079	47	27	43	43	35	31	31	35	31	35	31	23	
5521468	12087	39	35	31	43	35	47	39	35	27	43	39	31	
5533549	12081	31	43	43	27	39	31	35	31	27	35	35	31	
5545631	12082	39	35	39	43	39	39	35	39	31	35	27	39	
5557711	12080	39	39	39	43	35	35	27	31	31	31	39	27	
5569792	12081	35	35	31	31	43	27	31	35	23	35	39	47	
5581875	12083	39	31	39	27	35	35	39	51	35	35	43	31	
5593958	12083	39	39	35	31	39	43	31	43	43	31	39	35	
5606039	12081	35	43	43	35	35	51	43	31	39	39	39	27	
5618120	12081	35	39	27	47	23	35	31	39	43	27	39	39	
5630202	12082	35	39	43	43	31	35	31	23	35	39	31	35	
5642283	12081	51	31	31	43	35	31	31	35	39	35	35	27	
5654360	12077	27	43	43	35	31	31	35	31	35	31	23	31	
5666442	12082	35	31	43	35	47	39	35	27	43	39	31	31	
5678522	12080	43	43	27	39	31	35	31	27	35	35	31	35	
5690606	12084	35	39	43	39	39	35	39	31	35	27	39	31	
5702689	12083	39	39	43	35	35	27	31	31	31	39	27	35	
5714770	12081	35	31	31	43	27	31	35	23	35	39	47	43	
5726853	12083	31	39	27	35	35	39	51	35	35	43	31	31	
5738935	12082	39	35	31	39	43	31	43	43	31	39	35	39	
5751018	12083	43	43	35	35	51	43	31	39	39	39	27	31	
5763099	12081	39	27	47	23	35	31	39	43	27	39	39	43	
5775182	12083	39	43	43	31	35	31	23	35	39	31	35	31	
5787262	12080	31	31	43	35	31	31	35	39	35	35	27	43	
5799343	12081	43	43	35	31	31	35	31	35	31	23	31	31	
5811422	12079	31	43	35	47	39	35	27	43	39	31	31	43	
5823504	12082	43	27	39	31	35	31	27	35	35	31	35	35	
5835585	12081	39	43	39	39	35	39	31	35	27	39	31	43	
5847671	12086	39	43	35	35	27	31	31	31	39	27	35	27	
5859753	12082	31	31	43	27	31	35	23	35	39	47	43	39	
5871836	12083	39	27	35	35	39	51	35	35	43	31	31	35	
5883916	12080	35	31	39	43	31	43	43	31	39	35	39	39	
5895998	12082	43	35	35	51	43	31	39	39	39	27	31	39	
5908081	12083	27	47	23	35	31	39	43	27	39	39	43	31	
5920162	12081	43	43	31	35	31	23	35	39	31	35	31	31	
5932245	12083	31	43	35	31	31	35	39	35	35	27	43	35	
5944324	12079	43	35	31	31	35	31	35	31	23	31	31	35	
5956405	12081	43	35	47	39	35	27	43	39	31	31	43	51	
5968486	12081	27	39	31	35	31	27	35	35	31	35	35	31	
5980564	12078	43	39	39	35	39	31	35	27	39	31	43	35	
5992645	12081	43	35	35	27	31	31	31	39	27	35	27	27	
6004729	12084	31	43	27	31	35	23	35	39	47	43	39	23	
6016814	12085	27	35	35	39	51	35	35	43	31	31	35	31	
6028897	12083	31	39	43	31	43	43	31	39	35	39	39	43	
6040979	12082	35	35	51	43	31	39	39	39	27	31	39	35	
6053061	12082	47	23	35	31	39	43	27	39	39	43	31	35	
6065143	12082	43	31	35	31	23	35	39	31	35	31	31	31	
6077229	12086	43	35	31	31	35	39	35	35	27	43	35	27	
6089309	12080	35	31	31	35	31	35	31	23	31	31	35	35	
6101392	12083	35	47	39	35	27	43	39	31	31	43	51	39	
6113479	12087	39	31	35	31	27	35	35	31	35	35	31	35	
6125559	12080	39	39	35	39	31	35	27	39	31	43	35	39	
6137644	12085	35	35	27	31	31	31	39	27	35	27	27	39	
6149724	12080	43	27	31	35	23	35	39	47	43	39	23	35	
6161808	12084	35	35	39	51	35	35	43	31	31	35	31	35	
6173891	12083	39	43	31	43	43	31	39	35	39	39	43	31	
6185974	12083	35	51	43	31	39	39	39	27	31	39	35	31	
6198055	12081	23	35	31	39	43	27	39	39	43	31	35	35	
6210137	12082	31	35	31	23	35	39	31	35	31	31	31	39	
6222219	12082	35	31	31	35	39	35	35	27	43	35	27	31	
6234302	12083	31	31	35	31	35	31	23	31	31	35	35	35	
6246381	12079	47	39	35	27	43	39	31	31	43	51	39	31	
6258468	12087	31	35	31	27	35	35	31	35	35	31	35	27	
6270549	12081	39	35	39	31	35	27	39	31	43	35	39	39	
6282631	12082	35	27	31	31	31	39	27	35	27	27	39	35	
6294711	12080	27	31	35	23	35	39	47	43	39	23	35	27	
6306792	12081	35	39	51	35	35	43	31	31	35	31	35	35	
6318875	12083	43	31	43	43	31	39	35	39	39	43	31	43	
6330958	12083	51	43	31	39	39	39	27	31	39	35	31	35	
6343039	12081	35	31	39	43	27	39	39	43	31	35	35	47	
6355120	12081	35	31	23	35	39	31	35	31	31	31	39	39	
6367202	12082	31	31	35	39	35	35	27	43	35	27	31	39	
6379283	12081	31	35	31	35	31	23	31	31	35	35	35	35	
6391360	12077	39	35	27	43	39	31	31	43	51	39	31	35	
6403442	12082	35	31	27	35	35	31	35	35	31	35	27	39	
6415522	12080	35	39	31	35	27	39	31	43	35	39	39	31	
6427606	12084	27	31	31	31	39	27	35	27	27	39	35	35	
6439689	12083	31	35	23	35	39	47	43	39	23	35	27	27	
6451770	12081	39	51	35	35	43	31	31	35	31	35	35	39	
6463853	12083	31	43	43	31	39	35	39	39	43	31	43	35	
6475935	12082	43	31	39	39	39	27	31	39	35	31	35	31	
6488018	12083	31	39	43	27	39	39	43	31	35	35	47	27	
6500099	12081	31	23	35	39	31	35	31	31	31	39	39	31	
6512182	12083	31	35	39	35	35	27	43	35	27	31	39	31	
6524262	12080	35	31	35	31	23	31	31	35	35	35	35	35	
6536343	12081	35	27	43	39	31	31	43	51	39	31	35	35	
6548422	12079	31	27	35	35	31	35	35	31	35	27	39	35	
6560504	12082	39	31	35	27	39	31	43	35	39	39	31	35	
6572585	12081	31	31	31	39	27	35	27	27	39	35	35	31	
6584671	12086	35	23	35	39	47	43	39	23	35	27	27	39	
6596753	12082	51	35	35	43	31	31	35	31	35	35	39	31	
6608836	12083	43	43	31	39	35	39	39	43	31	43	35	35	
6620916	12080	31	39	39	39	27	31	39	35	31	35	31	31	
6632998	12082	39	43	27	39	39	43	31	35	35	47	27	31	
6645081	12083	23	35	39	31	35	31	31	31	39	39	31	31	
6657162	12081	35	39	35	35	27	43	35	27	31	39	31	43	
6669245	12083	31	35	31	23	31	31	35	35	35	35	35	31	
6681324	12079	27	43	39	31	31	43	51	39	31	35	35	39	
6693405	12081	27	35	35	31	35	35	31	35	27	39	35	35	
6705486	12081	31	35	27	39	31	43	35	39	39	31	35	35	
6717564	12078	31	31	39	27	35	27	27	39	35	35	31	27	
6729645	12081	23	35	39	47	43	39	23	35	27	27	39	27	
6741729	12084	35	35	43	31	31	35	31	35	35	39	31	31	
6753814	12085	43	31	39	35	39	39	43	31	43	35	35	31	
6765897	12083	39	39	39	27	31	39	35	31	35	31	31	39	
6777979	12082	43	27	39	39	43	31	35	35	47	27	31	35	
6790061	12082	35	39	31	35	31	31	31	39	39	31	31	31	
6802143	12082	39	35	35	27	43	35	27	31	39	31	43	39	
6814229	12086	35	31	23	31	31	35	35	35	35	35	31	39	
6826309	12080	43	39	31	31	43	51	39	31	35	35	39	39	
6838392	12083	35	35	31	35	35	31	35	27	39	35	35	27	
6850479	12087	35	27	39	31	43	35	39	39	31	35	35	35	
6862559	12080	31	39	27	35	27	27	39	35	35	31	27	43	
6874644	12085	35	39	47	43	39	23	35	27	27	39	27	35	
6886724	12080	35	43	31	31	35	31	35	35	39	31	31	35	
6898808	12084	31	39	35	39	39	43	31	43	35	35	31	39	
6910891	12083	39	39	27	31	39	35	31	35	31	31	39	39	
6922974	12083	27	39	39	43	31	35	35	47	27	31	35	39	
6935055	12081	39	31	35	31	31	31	39	39	31	31	31	39	
6947137	12082	35	35	27	43	35	27	31	39	31	43	39	35	
6959219	12082	31	23	31	31	35	35	35	35	35	31	39	31	
6971302	12083	39	31	31	43	51	39	31	35	35	39	39	35	
6983381	12079	35	31	35	35	31	35	27	39	35	35	27	43	
6995468	12087	27	39	31	43	35	39	39	31	35	35	35	31	
7007549	12081	39	27	35	27	27	39	35	35	31	27	43	39	
7019631	12082	39	47	43	39	23	35	27	27	39	27	35	39	
7031711	12080	43	31	31	35	31	35	35	39	31	31	35	39	
7043792	12081	39	35	39	39	43	31	43	35	35	31	39	35	
7055875	12083	39	27	31	39	35	31	35	31	31	39	39	35	
7067958	12083	39	39	43	31	35	35	47	27	31	35	39	23	
7080039	12081	31	35	31	31	31	39	39	31	31	31	39	43	
7092120	12081	35	27	43	35	27	31	39	31	43	39	35	27	
7104202	12082	23	31	31	35	35	35	35	35	31	39	31	35	
7116283	12081	31	31	43	51	39	31	35	35	39	39	35	35	
7128360	12077	31	35	35	31	35	27	39	35	35	27	43	31	
7140442	12082	39	31	43	35	39	39	31	35	35	35	31	43	
7152522	12080	27	35	27	27	39	35	35	31	27	43	39	35	
7164606	12084	47	43	39	23	35	27	27	39	27	35	39	43	
7176689	12083	31	31	35	31	35	35	39	31	31	35	39	35	
7188770	12081	35	39	39	43	31	43	35	35	31	39	35	51	
7200853	12083	27	31	39	35	31	35	31	31	39	39	35	39	
7212935	12082	39	43	31	35	35	47	27	31	35	39	23	31	
7225018	12083	35	31	31	31	39	39	31	31	31	39	43	39	
7237099	12081	27	43	35	27	31	39	31	43	39	35	27	35	
7249182	12083	31	31	35	35	35	35	35	31	39	31	35	43	
7261262	12080	31	43	51	39	31	35	35	39	39	35	35	35	
7273343	12081	35	35	31	35	27	39	35	35	27	43	31	43	
7285422	12079	31	43	35	39	39	31	35	35	35	31	43	31	
7297504	12082	35	27	27	39	35	35	31	27	43	39	35	35	
7309585	12081	43	39	23	35	27	27	39	27	35	39	43	39	
7321671	12086	31	35	31	35	35	39	31	31	35	39	35	35	
7333753	12082	39	39	43	31	43	35	35	31	39	35	51	35	
7345836	12083	31	39	35	31	35	31	31	39	39	35	39	35	
7357916	12080	43	31	35	35	47	27	31	35	39	23	31	31	
7369998	12082	31	31	31	39	39	31	31	31	39	43	39	39	
7382081	12083	43	35	27	31	39	31	43	39	35	27	35	39	
7394162	12081	31	35	35	35	35	35	31	39	31	35	43	35	
7406245	12083	43	51	39	31	35	35	39	39	35	35	35	43	
7418324	12079	35	31	35	27	39	35	35	27	43	31	43	43	
7430405	12081	43	35	39	39	31	35	35	35	31	43	31	39	
7442486	12081	27	27	39	35	35	31	27	43	39	35	35	31	
7454564	12078	39	23	35	27	27	39	27	35	39	43	39	35	
7466645	12081	35	31	35	35	39	31	31	35	39	35	35	27	
7478729	12084	39	43	31	43	35	35	31	39	35	51	35	27	
7490814	12085	39	35	31	35	31	31	39	39	35	39	35	35	
7502897	12083	31	35	35	47	27	31	35	39	23	31	31	39	
7514979	12082	31	31	39	39	31	31	31	39	43	39	39	31	
7527061	12082	35	27	31	39	31	43	39	35	27	35	39	27	
7539143	12082	35	35	35	35	35	31	39	31	35	43	35	43	
7551229	12086	51	39	31	35	35	39	39	35	35	35	43	35	
7563309	12080	31	35	27	39	35	35	27	43	31	43	43	43	
7575392	12083	35	39	39	31	35	35	35	31	43	31	39	31	
7587479	12087	27	39	35	35	31	27	43	39	35	35	31	43	
7599559	12080	23	35	27	27	39	27	35	39	43	39	35	43	
7611644	12085	31	35	35	39	31	31	35	39	35	35	27	31	
7623724	12080	43	31	43	35	35	31	39	35	51	35	27	35	
7635808	12084	35	31	35	31	31	39	39	35	39	35	35	35	
7647891	12083	35	35	47	27	31	35	39	23	31	31	39	35	
7659974	12083	31	39	39	31	31	31	39	43	39	39	31	27	
7672055	12081	27	31	39	31	43	39	35	27	35	39	27	35	
7684137	12082	35	35	35	35	31	39	31	35	43	35	43	39	
7696219	12082	39	31	35	35	39	39	35	35	35	43	35	39	
7708302	12083	35	27	39	35	35	27	43	31	43	43	43	35	
7720381	12079	39	39	31	35	35	35	31	43	31	39	31	35	
7732468	12087	39	35	35	31	27	43	39	35	35	31	43	35	
7744549	12081	35	27	27	39	27	35	39	43	39	35	43	43	
7756631	12082	35	35	39	31	31	35	39	35	35	27	31	43	
7768711	12080	31	43	35	35	31	39	35	51	35	27	35	31	
7780792	12081	31	35	31	31	39	39	35	39	35	35	35	43	
7792875	12083	35	47	27	31	35	39	23	31	31	39	35	31	
7804958	12083	39	39	31	31	31	39	43	39	39	31	27	35	
7817039	12081	31	39	31	43	39	35	27	35	39	27	35	39	
7829120	12081	35	35	35	31	39	31	35	43	35	43	39	35	
7841202	12082	31	35	35	39	39	35	35	35	43	35	39	39	
7853283	12081	27	39	35	35	27	43	31	43	43	43	35	31	
7865360	12077	39	31	35	35	35	31	43	31	39	31	35	31	
7877442	12082	35	35	31	27	43	39	35	35	31	43	35	35	
7889522	12080	27	27	39	27	35	39	43	39	35	43	43	31	
7901606	12084	35	39	31	31	35	39	35	35	27	31	43	39	
7913689	12083	43	35	35	31	39	35	51	35	27	35	31	47	
7925770	12081	35	31	31	39	39	35	39	35	35	35	43	39	
7937853	12083	47	27	31	35	39	23	31	31	39	35	31	39	
7949935	12082	39	31	31	31	39	43	39	39	31	27	35	31	
7962018	12083	39	31	43	39	35	27	35	39	27	35	39	35	
7974099	12081	35	35	31	39	31	35	43	35	43	39	35	31	
7986182	12083	35	35	39	39	35	35	35	43	35	39	39	27	
7998262	12080	39	35	35	27	43	31	43	43	43	35	31	43	
8010343	12081	31	35	35	35	31	43	31	39	31	35	31	35	
8022422	12079	35	31	27	43	39	35	35	31	43	35	35	47	
8034504	12082	27	39	27	35	39	43	39	35	43	43	31	31	
8046585	12081	39	31	31	35	39	35	35	27	31	43	39	35	
8058671	12086	35	35	31	39	35	51	35	27	35	31	47	27	
8070753	12082	31	31	39	39	35	39	35	35	35	43	39	43	
8082836	12083	27	31	35	39	23	31	31	39	35	31	39	35	
8094916	12080	31	31	31	39	43	39	39	31	27	35	31	43	
8106998	12082	31	43	39	35	27	35	39	27	35	39	35	31	
8119081	12083	35	31	39	31	35	43	35	43	39	35	31	39	
8131162	12081	35	39	39	35	35	35	43	35	39	39	27	39	
8143245	12083	35	35	27	43	31	43	43	43	35	31	43	31	
8155324	12079	35	35	35	31	43	31	39	31	35	31	35	47	
8167405	12081	31	27	43	39	35	35	31	43	35	35	47	39	
8179486	12081	39	27	35	39	43	39	35	43	43	31	31	35	
8191564	12078	31	31	35	39	35	35	27	31	43	39	35	39	
8203645	12081	35	31	39	35	51	35	27	35	31	47	27	31	
8215729	12084	31	39	39	35	39	35	35	35	43	39	43	35	
8227814	12085	31	35	39	23	31	31	39	35	31	39	35	39	
8239897	12083	31	31	39	43	39	39	31	27	35	31	43	35	
8251979	12082	43	39	35	27	35	39	27	35	39	35	31	39	
8264061	12082	31	39	31	35	43	35	43	39	35	31	39	39	
8276143	12082	39	39	35	35	35	43	35	39	39	27	39	23	
8288229	12086	35	27	43	31	43	43	43	35	31	43	31	39	
8300309	12080	35	35	31	43	31	39	31	35	31	35	47	35	
8312392	12083	27	43	39	35	35	31	43	35	35	47	39	27	
8324479	12087	27	35	39	43	39	35	43	43	31	31	35	23	
8336559	12080	31	35	39	35	35	27	31	43	39	35	39	39	
8348644	12085	31	39	35	51	35	27	35	31	47	27	31	35	
8360724	12080	39	39	35	39	35	35	35	43	39	43	35	43	
8372808	12084	35	39	23	31	31	39	35	31	39	35	39	39	
8384891	12083	31	39	43	39	39	31	27	35	31	43	35	31	
8396974	12083	39	35	27	35	39	27	35	39	35	31	39	43	
8409055	12081	39	31	35	43	35	43	39	35	31	39	39	43	
8421137	12082	39	35	35	35	43	35	39	39	27	39	23	20	
8433219	12082	27	43	31	43	43	43	35	31	43	31	39	39	
8445302	12083	35	31	43	31	39	31	35	31	35	47	35	31	
8457381	12079	43	39	35	35	31	43	35	35	47	39	27	35	
8469468	12087	35	39	43	39	35	43	43	31	31	35	23	43	
8481549	12081	35	39	35	35	27	31	43	39	35	39	39	39	
8493631	12082	39	35	51	35	27	35	31	47	27	31	35	39	
8505711	12080	39	35	39	35	35	35	43	39	43	35	43	27	
8517792	12081	39	23	31	31	39	35	31	39	35	39	39	27	
8529875	12083	39	43	39	39	31	27	35	31	43	35	31	39	
8541958	12083	35	27	35	39	27	35	39	35	31	39	43	35	
8554039	12081	31	35	43	35	43	39	35	31	39	39	43	31	
8566120	12081	35	35	35	43	35	39	39	27	39	23	20	47	
8578202	12082	43	31	43	43	43	35	31	43	31	39	39	35	
8590283	12081	31	43	31	39	31	35	31	35	47	35	31	35	
8602360	12077	39	35	35	31	43	35	35	47	39	27	35	27	
8614442	12082	39	43	39	35	43	43	31	31	35	23	43	20	
8626522	12080	39	35	35	27	31	43	39	35	39	39	39	31	
8638606	12084	35	51	35	27	35	31	47	27	31	35	39	39	
8650689	12083	35	39	35	35	35	43	39	43	35	43	27	31	
8662770	12081	23	31	31	39	35	31	39	35	39	39	27	39	
8674853	12083	43	39	39	31	27	35	31	43	35	31	39	39	
8686935	12082	27	35	39	27	35	39	35	31	39	43	35	35	
8699018	12083	35	43	35	43	39	35	31	39	39	43	31	35	
8711099	12081	35	35	43	35	39	39	27	39	23	20	47	27	
8723182	12083	31	43	43	43	35	31	43	31	39	39	35	35	
8735262	12080	43	31	39	31	35	31	35	47	35	31	35	16	
8747343	12081	35	35	31	43	35	35	47	39	27	35	27	39	
8759422	12079	43	39	35	43	43	31	31	35	23	43	20	43	
8771504	12082	35	35	27	31	43	39	35	39	39	39	31	39	
8783585	12081	51	35	27	35	31	47	27	31	35	39	39	23	
8795671	12086	39	35	35	35	43	39	43	35	43	27	31	39	
8807753	12082	31	31	39	35	31	39	35	39	39	27	39	43	
8819836	12083	39	39	31	27	35	31	43	35	31	39	39	27	
8831916	12080	35	39	27	35	39	35	31	39	43	35	35	35	
8843998	12082	43	35	43	39	35	31	39	39	43	31	35	35	
8856081	12083	35	43	35	39	39	27	39	23	20	47	27	31	
8868162	12081	43	43	43	35	31	43	31	39	39	35	35	39	
8880245	12083	31	39	31	35	31	35	47	35	31	35	16	27	
8892324	12079	35	31	43	35	35	47	39	27	35	27	39	39	
8904405	12081	39	35	43	43	31	31	35	23	43	20	43	31	
8916486	12081	35	27	31	43	39	35	39	39	39	31	39	35	
8928564	12078	35	27	35	31	47	27	31	35	39	39	23	35	
8940645	12081	35	35	35	43	39	43	35	43	27	31	39	23	
8952729	12084	31	39	35	31	39	35	39	39	27	39	43	35	
8964814	12085	39	31	27	35	31	43	35	31	39	39	27	35	
8976897	12083	39	27	35	39	35	31	39	43	35	35	35	43	
8988979	12082	35	43	39	35	31	39	39	43	31	35	35	39	
9001061	12082	43	35	39	39	27	39	23	20	47	27	31	35	
9013143	12082	43	43	35	31	43	31	39	39	35	35	39	43	
9025229	12086	39	31	35	31	35	47	35	31	35	16	27	39	
9037309	12080	31	43	35	35	47	39	27	35	27	39	39	35	
9049392	12083	35	43	43	31	31	35	23	43	20	43	31	35	
9061479	12087	27	31	43	39	35	39	39	39	31	39	35	47	
9073559	12080	27	35	31	47	27	31	35	39	39	23	35	31	
9085644	12085	35	35	43	39	43	35	43	27	31	39	23	47	
9097724	12080	39	35	31	39	35	39	39	27	39	43	35	39	
9109808	12084	31	27	35	31	43	35	31	39	39	27	35	23	
9121891	12083	27	35	39	35	31	39	43	35	35	35	43	31	
9133974	12083	43	39	35	31	39	39	43	31	35	35	39	43	
9146055	12081	35	39	39	27	39	23	20	47	27	31	35	43	
9158137	12082	43	35	31	43	31	39	39	35	35	39	43	43	
9170219	12082	31	35	31	35	47	35	31	35	16	27	39	35	
9182302	12083	43	35	35	47	39	27	35	27	39	39	35	35	
9194381	12079	43	43	31	31	35	23	43	20	43	31	35	39	
9206468	12087	31	43	39	35	39	39	39	31	39	35	47	31	
9218549	12081	35	31	47	27	31	35	39	39	23	35	31	23	
9230631	12082	35	43	39	43	35	43	27	31	39	23	47	39	
9242711	12080	35	31	39	35	39	39	27	39	43	35	39	27	
9254792	12081	27	35	31	43	35	31	39	39	27	35	23	35	
9266875	12083	35	39	35	31	39	43	35	35	35	43	31	35	
9278958	12083	39	35	31	39	39	43	31	35	35	39	43	51	
9291039	12081	39	39	27	39	23	20	47	27	31	35	43	27	
9303120	12081	35	31	43	31	39	39	35	35	39	43	43	39	
9315202	12082	35	31	35	47	35	31	35	16	27	39	35	43	
9327283	12081	35	35	47	39	27	35	27	39	39	35	35	39	
9339360	12077	43	31	31	35	23	43	20	43	31	35	39	39	
9351442	12082	43	39	35	39	39	39	31	39	35	47	31	39	
9363522	12080	31	47	27	31	35	39	39	23	35	31	23	35	
9375606	12084	43	39	43	35	43	27	31	39	23	47	39	35	
9387689	12083	31	39	35	39	39	27	39	43	35	39	27	35	
9399770	12081	35	31	43	35	31	39	39	27	35	23	35	39	
9411853	12083	39	35	31	39	43	35	35	35	43	31	35	27	
9423935	12082	35	31	39	39	43	31	35	35	39	43	51	39	
9436018	12083	39	27	39	23	20	47	27	31	35	43	27	43	
9448099	12081	31	43	31	39	39	35	35	39	43	43	39	35	
9460182	12083	31	35	47	35	31	35	16	27	39	35	43	47	
9472262	12080	35	47	39	27	35	27	39	39	35	35	39	43	
9484343	12081	31	31	35	23	43	20	43	31	35	39	39	23	
9496422	12079	39	35	39	39	39	31	39	35	47	31	39	43	
9508504	12082	47	27	31	35	39	39	23	35	31	23	35	43	
9520585	12081	39	43	35	43	27	31	39	23	47	39	35	39	
9532671	12086	39	35	39	39	27	39	43	35	39	27	35	35	
9544753	12082	31	43	35	31	39	39	27	35	23	35	39	27	
9556836	12083	35	31	39	43	35	35	35	43	31	35	27	35	
9568916	12080	31	39	39	43	31	35	35	39	43	51	39	31	
9580998	12082	27	39	23	20	47	27	31	35	43	27	43	35	
9593081	12083	43	31	39	39	35	35	39	43	43	39	35	27	
9605162	12081	35	47	35	31	35	16	27	39	35	43	47	39	
9617245	12083	47	39	27	35	27	39	39	35	35	39	43	47	
9629324	12079	31	35	23	43	20	43	31	35	39	39	23	27	
9641405	12081	35	39	39	39	31	39	35	47	31	39	43	35	
9653486	12081	27	31	35	39	39	23	35	31	23	35	43	27	
9665564	12078	43	35	43	27	31	39	23	47	39	35	39	39	
9677645	12081	35	39	39	27	39	43	35	39	27	35	35	31	
9689729	12084	43	35	31	39	39	27	35	23	35	39	27	27	
9701814	12085	31	39	43	35	35	35	43	31	35	27	35	47	
9713897	12083	39	39	43	31	35	35	39	43	51	39	31	43	
9725979	12082	39	23	20	47	27	31	35	43	27	43	35	39	
9738061	12082	31	39	39	35	35	39	43	43	39	35	27	31	
9750143	12082	47	35	31	35	16	27	39	35	43	47	39	43	
9762229	12086	39	27	35	27	39	39	35	35	39	43	47	27	
9774309	12080	35	23	43	20	43	31	35	39	39	23	27	31	
9786392	12083	39	39	39	31	39	35	47	31	39	43	35	43	
9798479	12087	31	35	39	39	23	35	31	23	35	43	27	35	
9810559	12080	35	43	27	31	39	23	47	39	35	39	39	43	
9822644	12085	39	39	27	39	43	35	39	27	35	35	31	35	
9834724	12080	35	31	39	39	27	35	23	35	39	27	27	35	
9846808	12084	39	43	35	35	35	43	31	35	27	35	47	47	
9858891	12083	39	43	31	35	35	39	43	51	39	31	43	31	
9870974	12083	23	20	47	27	31	35	43	27	43	35	39	35	
9883055	12081	39	39	35	35	39	43	43	39	35	27	31	39	
9895137	12082	35	31	35	16	27	39	35	43	47	39	43	35	
9907219	12082	27	35	27	39	39	35	35	39	43	47	27	39	
9919302	12083	23	43	20	43	31	35	39	39	23	27	31	27	
9931381	12079	39	39	31	39	35	47	31	39	43	35	43	35	
9943468	12087	35	39	39	23	35	31	23	35	43	27	35	39	
9955549	12081	43	27	31	39	23	47	39	35	39	39	43	35	
9967631	12082	39	27	39	43	35	39	27	35	35	31	35	43	
9979711	12080	31	39	39	27	35	23	35	39	27	27	35	35	
9991792	12081	43	35	35	35	43	31	35	27	35	47	47	39	
10003875	12083	43	31	35	35	39	43	51	39	31	43	31	47	
10015958	12083	20	47	27	31	35	43	27	43	35	39	35	35	
10028039	12081	39	35	35	39	43	43	39	35	27	31	39	39	
10040120	12081	31	35	16	27	39	35	43	47	39	43	35	51	
10052202	12082	35	27	39	39	35	35	39	43	47	27	39	35	
10064283	12081	43	20	43	31	35	39	39	23	27	31	27	39	
10076360	12077	39	31	39	35	47	31	39	43	35	43	35	35	
10088442	12082	39	39	23	35	31	23	35	43	27	35	39	39	
10100522	12080	27	31	39	23	47	39	35	39	39	43	35	31	
10112606	12084	27	39	43	35	39	27	35	35	31	35	43	39	
10124689	12083	39	39	27	35	23	35	39	27	27	35	35	39	
10136770	12081	35	35	35	43	31	35	27	35	47	47	39	23	
10148853	12083	31	35	35	39	43	51	39	31	43	31	47	39	
10160935	12082	47	27	31	35	43	27	43	35	39	35	35	31	
10173018	12083	35	35	39	43	43	39	35	27	31	39	39	35	
10185099	12081	35	16	27	39	35	43	47	39	43	35	51	31	
10197182	12083	27	39	39	35	35	39	43	47	27	39	35	39	
10209262	12080	20	43	31	35	39	39	23	27	31	27	39	31	
10221343	12081	31	39	35	47	31	39	43	35	43	35	35	35	
10233422	12079	39	23	35	31	23	35	43	27	35	39	39	35	
10245504	12082	31	39	23	47	39	35	39	39	43	35	31	35	
10257585	12081	39	43	35	39	27	35	35	31	35	43	39	35	
10269671	12086	39	27	35	23	35	39	27	27	35	35	39	43	
10281753	12082	35	35	43	31	35	27	35	47	47	39	23	43	
10293836	12083	35	35	39	43	51	39	31	43	31	47	39	27	
10305916	12080	27	31	35	43	27	43	35	39	35	35	31	27	
10317998	12082	35	39	43	43	39	35	27	31	39	39	35	27	
10330081	12083	16	27	39	35	43	47	39	43	35	51	31	39	
10342162	12081	39	39	35	35	39	43	47	27	39	35	39	31	
10354245	12083	43	31	35	39	39	23	27	31	27	39	31	43	
10366324	12079	39	35	47	31	39	43	35	43	35	35	35	39	
10378405	12081	23	35	31	23	35	43	27	35	39	39	35	51	
10390486	12081	39	23	47	39	35	39	39	43	35	31	35	39	
10402564	12078	43	35	39	27	35	35	31	35	43	39	35	43	
10414645	12081	27	35	23	35	39	27	27	35	35	39	43	31	
10426729	12084	35	43	31	35	27	35	47	47	39	23	43	43	
10438814	12085	35	39	43	51	39	31	43	31	47	39	27	31	
10450897	12083	31	35	43	27	43	35	39	35	35	31	27	43	
10462979	12082	39	43	43	39	35	27	31	39	39	35	27	31	
10475061	12082	27	39	35	43	47	39	43	35	51	31	39	39	
10487143	12082	39	35	35	39	43	47	27	39	35	39	31	43	
10499229	12086	31	35	39	39	23	27	31	27	39	31	43	35	
10511309	12080	35	47	31	39	43	35	43	35	35	35	39	31	
10523392	12083	35	31	23	35	43	27	35	39	39	35	51	27	
10535479	12087	23	47	39	35	39	39	43	35	31	35	39	39	
10547559	12080	35	39	27	35	35	31	35	43	39	35	43	31	
10559644	12085	35	23	35	39	27	27	35	35	39	43	31	35	
10571724	12080	43	31	35	27	35	47	47	39	23	43	43	35	
10583808	12084	39	43	51	39	31	43	31	47	39	27	31	43	
10595891	12083	35	43	27	43	35	39	35	35	31	27	43	35	
10607974	12083	43	43	39	35	27	31	39	39	35	27	31	27	
10620055	12081	39	35	43	47	39	43	35	51	31	39	39	51	
10632137	12082	35	35	39	43	47	27	39	35	39	31	43	35	
10644219	12082	35	39	39	23	27	31	27	39	31	43	35	35	
10656302	12083	47	31	39	43	35	43	35	35	35	39	31	39	
10668381	12079	31	23	35	43	27	35	39	39	35	51	27	35	
10680468	12087	47	39	35	39	39	43	35	31	35	39	39	27	
10692549	12081	39	27	35	35	31	35	43	39	35	43	31	35	
10704631	12082	23	35	39	27	27	35	35	39	43	31	35	35	
10716711	12080	31	35	27	35	47	47	39	23	43	43	35	27	
10728792	12081	43	51	39	31	43	31	47	39	27	31	43	35	
10740875	12083	43	27	43	35	39	35	35	31	27	43	35	27	
10752958	12083	43	39	35	27	31	39	39	35	27	31	27	35	
10765039	12081	35	43	47	39	43	35	51	31	39	39	51	39	
10777120	12081	35	39	43	47	27	39	35	39	31	43	35	-15	
10789202	12082	39	39	23	27	31	27	39	31	43	35	35	-15	
10801283	12081	31	39	43	35	43	35	35	35	39	31	39	-22	
10813360	12077	23	35	43	27	35	39	39	35	51	27	35	-22	
10825442	12082	39	35	39	39	43	35	31	35	39	39	27	-22	
10837522	12080	27	35	35	31	35	43	39	35	43	31	35	-19	
10849606	12084	35	39	27	27	35	35	39	43	31	35	35	-22	
10861689	12083	35	27	35	47	47	39	23	43	43	35	27	-22	
10873770	12081	51	39	31	43	31	47	39	27	31	43	35	-22	
10885853	12083	27	43	35	39	35	35	31	27	43	35	27	-19	
10897935	12082	39	35	27	31	39	39	35	27	31	27	35	-19	
10910018	12083	43	47	39	43	35	51	31	39	39	51	39	-30	
10922099	12081	39	43	47	27	39	35	39	31	43	35	-15	959	
10934182	12083	39	23	27	31	27	39	31	43	35	35	-15	967	
10946262	12080	39	43	35	43	35	35	35	39	31	39	-22	948	
10958343	12081	35	43	27	35	39	39	35	51	27	35	-22	952	
10970422	12079	35	39	39	43	35	31	35	39	39	27	-22	963	
10982504	12082	35	35	31	35	43	39	35	43	31	35	-19	963	
10994585	12081	39	27	27	35	35	39	43	31	35	35	-22	956	
11006671	12086	27	35	47	47	39	23	43	43	35	27	-22	975	
11018753	12082	39	31	43	31	47	39	27	31	43	35	-22	944	
11030836	12083	43	35	39	35	35	31	27	43	35	27	-19	959	
11042916	12080	35	27	31	39	39	35	27	31	27	35	-19	948	
11054998	12082	47	39	43	35	51	31	39	39	51	39	-30	959	
11067081	12083	43	47	27	39	35	39	31	43	35	-15	959	1	
11079162	12081	23	27	31	27	39	31	43	35	35	-15	967	1	
11091245	12083	43	35	43	35	35	35	39	31	39	-22	948	0	
11103324	12079	43	27	35	39	39	35	51	27	35	-22	952	1	
11115405	12081	39	39	43	35	31	35	39	39	27	-22	963	1	
11127486	12081	35	31	35	43	39	35	43	31	35	-19	963	1	
11139564	12078	27	27	35	35	39	43	31	35	35	-22	956	1	
11151645	12081	35	47	47	39	23	43	43	35	27	-22	975	1	
11163729	12084	31	43	31	47	39	27	31	43	35	-22	944	2	
11175814	12085	35	39	35	35	31	27	43	35	27	-19	959	2	
11187897	12083	27	31	39	39	35	27	31	27	35	-19	948	2	
11199979	12082	39	43	35	51	31	39	39	51	39	-30	959	2	
11212061	12082	47	27	39	35	39	31	43	35	-15	959	1	-19	
11224143	12082	27	31	27	39	31	43	35	35	-15	967	1	-19	
11236229	12086	35	43	35	35	35	39	31	39	-22	948	0	-18	
11248309	12080	27	35	39	39	35	51	27	35	-22	952	1	-18	
11260392	12083	39	43	35	31	35	39	39	27	-22	963	1	-17	
11272479	12087	31	35	43	39	35	43	31	35	-19	963	1	-18	
11284559	12080	27	35	35	39	43	31	35	35	-22	956	1	-20	
11296644	12085	47	47	39	23	43	43	35	27	-22	975	1	-19	
11308724	12080	43	31	47	39	27	31	43	35	-22	944	2	-19	
11320808	12084	39	35	35	31	27	43	35	27	-19	959	2	-20	
11332891	12083	31	39	39	35	27	31	27	35	-19	948	2	-18	
11344974	12083	43	35	51	31	39	39	51	39	-30	959	2	-19	
11357055	12081	27	39	35	39	31	43	35	-15	959	1	-19	1032	
11369137	12082	31	27	39	31	43	35	35	-15	967	1	-19	1031	
11381219	12082	43	35	35	35	39	31	39	-22	948	0	-18	1032	
11393302	12083	35	39	39	35	51	27	35	-22	952	1	-18	1032	
11405381	12079	43	35	31	35	39	39	27	-22	963	1	-17	1032	
11417468	12087	35	43	39	35	43	31	35	-19	963	1	-18	1032	
11429549	12081	35	35	39	43	31	35	35	-22	956	1	-20	1032	
11441631	12082	47	39	23	43	43	35	27	-22	975	1	-19	1032	
11453711	12080	31	47	39	27	31	43	35	-22	944	2	-19	1033	
11465792	12081	35	35	31	27	43	35	27	-19	959	2	-20	1032	
11477875	12083	39	39	35	27	31	27	35	-19	948	2	-18	1033	
11489958	12083	35	51	31	39	39	51	39	-30	959	2	-19	1033	
11502039	12081	39	35	39	31	43	35	-15	959	1	-19	1032	528	
11514120	12081	27	39	31	43	35	35	-15	967	1	-19	1031	531	
11526202	12082	35	35	35	39	31	39	-22	948	0	-18	1032	526	
11538283	12081	39	39	35	51	27	35	-22	952	1	-18	1032	526	
11550360	12077	35	31	35	39	39	27	-22	963	1	-17	1032	525	
11562442	12082	43	39	35	43	31	35	-19	963	1	-18	1032	523	
11574522	12080	35	39	43	31	35	35	-22	956	1	-20	1032	534	
11586606	12084	39	23	43	43	35	27	-22	975	1	-19	1032	522	
11598689	12083	47	39	27	31	43	35	-22	944	2	-19	1033	529	
11610770	12081	35	31	27	43	35	27	-19	959	2	-20	1032	531	
11622853	12083	39	35	27	31	27	35	-19	948	2	-18	1033	526	
11634935	12082	51	31	39	39	51	39	-30	959	2	-19	1033	531	
11647018	12083	35	39	31	43	35	-15	959	1	-19	1032	528	-348	
11659099	12081	39	31	43	35	35	-15	967	1	-19	1031	531	-352	
11671182	12083	35	35	39	31	39	-22	948	0	-18	1032	526	-348	
11683262	12080	39	35	51	27	35	-22	952	1	-18	1032	526	-354	
11695343	12081	31	35	39	39	27	-22	963	1	-17	1032	525	-346	
11707422	12079	39	35	43	31	35	-19	963	1	-18	1032	523	-345	
11719504	12082	39	43	31	35	35	-22	956	1	-20	1032	534	-349	
11731585	12081	23	43	43	35	27	-22	975	1	-19	1032	522	-351	
11743671	12086	39	27	31	43	35	-22	944	2	-19	1033	529	-352	
11755753	12082	31	27	43	35	27	-19	959	2	-20	1032	531	-351	
11767836	12083	35	27	31	27	35	-19	948	2	-18	1033	526	-348	
11779916	12080	31	39	39	51	39	-30	959	2	-19	1033	531	-351	
11791998	12082	39	31	43	35	-15	959	1	-19	1032	528	-348	-351	
11804081	12083	31	43	35	35	-15	967	1	-19	1031	531	-352	-357	
11816162	12081	35	39	31	39	-22	948	0	-18	1032	526	-348	-345	
11828245	12083	35	51	27	35	-22	952	1	-18	1032	526	-354	-363	
11840324	12079	35	39	39	27	-22	963	1	-17	1032	525	-346	-348	
11852405	12081	35	43	31	35	-19	963	1	-18	1032	523	-345	-352	
11864486	12081	43	31	35	35	-22	956	1	-20	1032	534	-349	-352	
11876564	12078	43	43	35	27	-22	975	1	-19	1032	522	-351	-358	
11888645	12081	27	31	43	35	-22	944	2	-19	1033	529	-352	-351	
11900729	12084	27	43	35	27	-19	959	2	-20	1032	531	-351	-366	
11912814	12085	27	31	27	35	-19	948	2	-18	1033	526	-348	-348	
11924897	12083	39	39	51	39	-30	959	2	-19	1033	531	-351	-355	
11936979	12082	31	43	35	-15	959	1	-19	1032	528	-348	-351	-210	
11949061	12082	43	35	35	-15	967	1	-19	1031	531	-352	-357	-210	
11961143	12082	39	31	39	-22	948	0	-18	1032	526	-348	-345	-210	
11973229	12086	51	27	35	-22	952	1	-18	1032	526	-354	-363	-280	
11985309	12080	39	39	27	-22	963	1	-17	1032	525	-346	-348	-280	
11997392	12083	43	31	35	-19	963	1	-18	1032	523	-345	-352	-210	
12009479	12087	31	35	35	-22	956	1	-20	1032	534	-349	-352	-280	
12021559	12080	43	35	27	-22	975	1	-19	1032	522	-351	-358	-210	
12033644	12085	31	43	35	-22	944	2	-19	1033	529	-352	-351	-210	
12045724	12080	43	35	27	-19	959	2	-20	1032	531	-351	-366	-280	
12057808	12084	31	27	35	-19	948	2	-18	1033	526	-348	-348	-210	
12069891	12083	39	51	39	-30	959	2	-19	1033	531	-351	-355	-210	
12081974	12083	43	35	-15	959	1	-19	1032	528	-348	-351	-210	-2030	
12094055	12081	35	35	-15	967	1	-19	1031	531	-352	-357	-210	-2100	
12106137	12082	31	39	-22	948	0	-18	1032	526	-348	-345	-210	-2030	
12118219	12082	27	35	-22	952	1	-18	1032	526	-354	-363	-280	-2030	
12130302	12083	39	27	-22	963	1	-17	1032	525	-346	-348	-280	-2100	
12142381	12079	31	35	-19	963	1	-18	1032	523	-345	-352	-210	-2100	
12154468	12087	35	35	-22	956	1	-20	1032	534	-349	-352	-280	-2100	
12166549	12081	35	27	-22	975	1	-19	1032	522	-351	-358	-210	-2170	
12178631	12082	43	35	-22	944	2	-19	1033	529	-352	-351	-210	-2100	
12190711	12080	35	27	-19	959	2	-20	1032	531	-351	-366	-280	-2030	
12202792	12081	27	35	-19	948	2	-18	1033	526	-348	-348	-210	-2100	
12214875	12083	51	39	-30	959	2	-19	1033	531	-351	-355	-210	-2100	
12226958	12083	35	-15	959	1	-19	1032	528	-348	-351	-210	-2030	-770	
12239039	12081	35	-15	967	1	-19	1031	531	-352	-357	-210	-2100	-770	
12251120	12081	39	-22	948	0	-18	1032	526	-348	-345	-210	-2030	-770	
12263202	12082	35	-22	952	1	-18	1032	526	-354	-363	-280	-2030	-770	
12275283	12081	27	-22	963	1	-17	1032	525	-346	-348	-280	-2100	-770	
12287360	12077	35	-19	963	1	-18	1032	523	-345	-352	-210	-2100	-840	
12299442	12082	35	-22	956	1	-20	1032	534	-349	-352	-280	-2100	-770	
12311522	12080	27	-22	975	1	-19	1032	522	-351	-358	-210	-2170	-770	
12323606	12084	35	-22	944	2	-19	1033	529	-352	-351	-210	-2100	-770	
12335689	12083	27	-19	959	2	-20	1032	531	-351	-366	-280	-2030	-770	
12347770	12081	35	-19	948	2	-18	1033	526	-348	-348	-210	-2100	-770	
12359853	12083	39	-30	959	2	-19	1033	531	-351	-355	-210	-2100	-840	
