3	0	-132	43	35	35	35	35	59	43	31	31	43	39	
12081	12078	-30	39	31	39	27	31	35	27	27	39	27	39	
24162	12081	-143	39	31	35	35	35	4	39	39	31	27	47	
36245	12083	-93	31	31	39	23	31	35	35	43	23	27	39	
48324	12079	51	31	39	31	31	31	23	27	31	16	31	39	
60405	12081	16	43	31	39	35	31	23	47	47	0	43	43	
72486	12081	27	39	35	35	20	43	27	27	31	12	47	27	
84564	12078	27	35	39	35	35	35	23	31	51	59	27	27	
96645	12081	66	31	35	31	31	43	43	66	39	74	20	55	
108729	12084	0	35	31	39	43	39	31	47	31	62	31	35	
120814	12085	51	47	39	31	35	55	31	39	31	62	62	86	
132894	12080	31	35	39	35	31	27	27	-3	35	59	31	55	
144975	12081	43	35	35	35	35	59	43	31	31	43	39	51	
157060	12085	39	31	39	27	31	35	27	27	39	27	39	86	
169141	12081	39	31	35	35	35	4	39	39	31	27	47	35	
181222	12081	31	31	39	23	31	35	35	43	23	27	39	43	
193304	12082	31	39	31	31	31	23	27	31	16	31	39	23	
205385	12081	43	31	39	35	31	23	47	47	0	43	43	16	
217469	12084	39	35	35	20	43	27	27	31	12	47	27	8	
229553	12084	35	39	35	35	35	23	31	51	59	27	27	39	
241636	12083	31	35	31	31	43	43	66	39	74	20	55	35	
253717	12081	35	31	39	43	39	31	47	31	62	31	35	35	
265798	12081	47	39	31	35	55	31	39	31	62	62	86	35	
277880	12082	35	39	35	31	27	27	-3	35	59	31	55	62	
289960	12080	35	35	35	35	59	43	31	31	43	39	51	23	
302043	12083	31	39	27	31	35	27	27	39	27	39	86	55	
314125	12082	31	35	35	35	4	39	39	31	27	47	35	55	
326207	12082	31	39	23	31	35	35	43	23	27	39	43	51	
338285	12078	39	31	31	31	23	27	31	16	31	39	23	55	
350368	12083	31	39	35	31	23	47	47	0	43	43	16	62	
362453	12085	35	35	20	43	27	27	31	12	47	27	8	47	
374533	12080	39	35	35	35	23	31	51	59	27	27	39	51	
386615	12082	35	31	31	43	43	66	39	74	20	55	35	-249	
398696	12081	31	39	43	39	31	47	31	62	31	35	35	27	
410777	12081	39	31	35	55	31	39	31	62	62	86	35	-7	
422858	12081	39	35	31	27	27	-3	35	59	31	55	62	39	
434939	12081	35	35	35	59	43	31	31	43	39	51	23	59	
447023	12084	39	27	31	35	27	27	39	27	39	86	55	51	
459104	12081	35	35	35	4	39	39	31	27	47	35	55	20	
471184	12080	39	23	31	35	35	43	23	27	39	43	51	31	
483266	12082	31	31	31	23	27	31	16	31	39	23	55	43	
495350	12084	39	35	31	23	47	47	0	43	43	16	62	62	
507432	12082	35	20	43	27	27	31	12	47	27	8	47	51	
519512	12080	35	35	35	23	31	51	59	27	27	39	51	35	
531595	12083	31	31	43	43	66	39	74	20	55	35	-249	27	
543677	12082	39	43	39	31	47	31	62	31	35	35	27	23	
555759	12082	31	35	55	31	39	31	62	62	86	35	-7	0	
567843	12084	35	31	27	27	-3	35	59	31	55	62	39	4	
579924	12081	35	35	59	43	31	31	43	39	51	23	59	35	
592006	12082	27	31	35	27	27	39	27	39	86	55	51	47	
604087	12081	35	35	4	39	39	31	27	47	35	55	20	-3	
616166	12079	23	31	35	35	43	23	27	39	43	51	31	0	
628246	12080	31	31	23	27	31	16	31	39	23	55	43	4	
640324	12078	35	31	23	47	47	0	43	43	16	62	62	39	
652405	12081	20	43	27	27	31	12	47	27	8	47	51	86	
664486	12081	35	35	23	31	51	59	27	27	39	51	35	4	
676564	12078	31	43	43	66	39	74	20	55	35	-249	27	20	
688645	12081	43	39	31	47	31	62	31	35	35	27	23	27	
700729	12084	35	55	31	39	31	62	62	86	35	-7	0	35	
712814	12085	31	27	27	-3	35	59	31	55	62	39	4	35	
724897	12083	35	59	43	31	31	43	39	51	23	59	35	8	
736979	12082	31	35	27	27	39	27	39	86	55	51	47	0	
749061	12082	35	4	39	39	31	27	47	35	55	20	-3	16	
761143	12082	31	35	35	43	23	27	39	43	51	31	0	20	
773229	12086	31	23	27	31	16	31	39	23	55	43	4	109	
785309	12080	31	23	47	47	0	43	43	16	62	62	39	113	
797392	12083	43	27	27	31	12	47	27	8	47	51	86	47	
809479	12087	35	23	31	51	59	27	27	39	51	35	4	43	
821559	12080	43	43	66	39	74	20	55	35	-249	27	20	59	
833644	12085	39	31	47	31	62	31	35	35	27	23	27	23	
845724	12080	55	31	39	31	62	62	86	35	-7	0	35	20	
857808	12084	27	27	-3	35	59	31	55	62	39	4	35	20	
869891	12083	59	43	31	31	43	39	51	23	59	35	8	59	
881974	12083	35	27	27	39	27	39	86	55	51	47	0	35	
894055	12081	4	39	39	31	27	47	35	55	20	-3	16	35	
906134	12079	35	35	43	23	27	39	43	51	31	0	20	31	
918216	12082	23	27	31	16	31	39	23	55	43	4	109	27	
930296	12080	23	47	47	0	43	43	16	62	62	39	113	31	
942379	12083	27	27	31	12	47	27	8	47	51	86	47	51	
954462	12083	23	31	51	59	27	27	39	51	35	4	43	47	
966544	12082	43	66	39	74	20	55	35	-249	27	20	59	43	
978628	12084	31	47	31	62	31	35	35	27	23	27	23	35	
990708	12080	31	39	31	62	62	86	35	-7	0	35	20	51	
1002789	12081	27	-3	35	59	31	55	62	39	4	35	20	47	
1014870	12081	43	31	31	43	39	51	23	59	35	8	59	62	
1026951	12081	27	27	39	27	39	86	55	51	47	0	35	51	
1039033	12082	39	39	31	27	47	35	55	20	-3	16	35	39	
1051114	12081	35	43	23	27	39	43	51	31	0	20	31	27	
1063195	12081	27	31	16	31	39	23	55	43	4	109	27	86	
1075278	12083	47	47	0	43	43	16	62	62	39	113	31	43	
1087357	12079	27	31	12	47	27	8	47	51	86	47	51	82	
1099440	12083	31	51	59	27	27	39	51	35	4	43	47	8	
1111522	12082	66	39	74	20	55	35	-249	27	20	59	43	59	
1123606	12084	47	31	62	31	35	35	27	23	27	23	35	8	
1135687	12081	39	31	62	62	86	35	-7	0	35	20	51	51	
1147766	12079	-3	35	59	31	55	62	39	4	35	20	47	39	
1159848	12082	31	31	43	39	51	23	59	35	8	59	62	12	
1171930	12082	27	39	27	39	86	55	51	47	0	35	51	23	
1184014	12084	39	31	27	47	35	55	20	-3	16	35	39	4	
1196095	12081	43	23	27	39	43	51	31	0	20	31	27	43	
1208179	12084	31	16	31	39	23	55	43	4	109	27	86	20	
1220261	12082	47	0	43	43	16	62	62	39	113	31	43	176	
1232342	12081	31	12	47	27	8	47	51	86	47	51	82	-202	
1244425	12083	51	59	27	27	39	51	35	4	43	47	8	218	
1256509	12084	39	74	20	55	35	-249	27	20	59	43	59	281	
1268592	12083	31	62	31	35	35	27	23	27	23	35	8	31	
1280675	12083	31	62	62	86	35	-7	0	35	20	51	51	148	
1292755	12080	35	59	31	55	62	39	4	35	20	47	39	218	
1304838	12083	31	43	39	51	23	59	35	8	59	62	12	-202	
1316920	12082	39	27	39	86	55	51	47	0	35	51	23	-214	
1329004	12084	31	27	47	35	55	20	-3	16	35	39	4	109	
1341086	12082	23	27	39	43	51	31	0	20	31	27	43	312	
1353169	12083	16	31	39	23	55	43	4	109	27	86	20	-61	
1365249	12080	0	43	43	16	62	62	39	113	31	43	176	207	
1377329	12080	12	47	27	8	47	51	86	47	51	82	-202	43	
1389411	12082	59	27	27	39	51	35	4	43	47	8	218	23	
1401494	12083	74	20	55	35	-249	27	20	59	43	59	281	31	
1413577	12083	62	31	35	35	27	23	27	23	35	8	31	35	
1425661	12084	62	62	86	35	-7	0	35	20	51	51	148	27	
1437743	12082	59	31	55	62	39	4	35	20	47	39	218	23	
1449828	12085	43	39	51	23	59	35	8	59	62	12	-202	31	
1461910	12082	27	39	86	55	51	47	0	35	51	23	-214	23	
1473990	12080	27	47	35	55	20	-3	16	35	39	4	109	20	
1486075	12085	27	39	43	51	31	0	20	31	27	43	312	35	
1498154	12079	31	39	23	55	43	4	109	27	86	20	-61	35	
1510238	12084	43	43	16	62	62	39	113	31	43	176	207	39	
1522315	12077	47	27	8	47	51	86	47	51	82	-202	43	43	
1534397	12082	27	27	39	51	35	4	43	47	8	218	23	8	
1546479	12082	20	55	35	-249	27	20	59	43	59	281	31	23	
1558559	12080	31	35	35	27	23	27	23	35	8	31	35	31	
1570644	12085	62	86	35	-7	0	35	20	51	51	148	27	35	
1582724	12080	31	55	62	39	4	35	20	47	39	218	23	70	
1594808	12084	39	51	23	59	35	8	59	62	12	-202	31	47	
1606891	12083	39	86	55	51	47	0	35	51	23	-214	23	35	
1618974	12083	47	35	55	20	-3	16	35	39	4	109	20	12	
1631055	12081	39	43	51	31	0	20	31	27	43	312	35	23	
1643137	12082	39	23	55	43	4	109	27	86	20	-61	35	47	
1655219	12082	43	16	62	62	39	113	31	43	176	207	39	39	
1667302	12083	27	8	47	51	86	47	51	82	-202	43	43	16	
1679381	12079	27	39	51	35	4	43	47	8	218	23	8	23	
1691468	12087	55	35	-249	27	20	59	43	59	281	31	23	27	
1703549	12081	35	35	27	23	27	23	35	8	31	35	31	70	
1715631	12082	86	35	-7	0	35	20	51	51	148	27	35	195	
1727711	12080	55	62	39	4	35	20	47	39	218	23	70	51	
1739792	12081	51	23	59	35	8	59	62	12	-202	31	47	20	
1751875	12083	86	55	51	47	0	35	51	23	-214	23	35	27	
1763958	12083	35	55	20	-3	16	35	39	4	109	20	12	23	
1776039	12081	43	51	31	0	20	31	27	43	312	35	23	-11	
1788120	12081	23	55	43	4	109	27	86	20	-61	35	47	62	
1800202	12082	16	62	62	39	113	31	43	176	207	39	39	129	
1812283	12081	8	47	51	86	47	51	82	-202	43	43	16	78	
1824360	12077	39	51	35	4	43	47	8	218	23	8	23	16	
1836442	12082	35	-249	27	20	59	43	59	281	31	23	27	39	
1848522	12080	35	27	23	27	23	35	8	31	35	31	70	90	
1860608	12086	35	-7	0	35	20	51	51	148	27	35	195	39	
1872691	12083	62	39	4	35	20	47	39	218	23	70	51	-38	
1884773	12082	23	59	35	8	59	62	12	-202	31	47	20	164	
1896857	12084	55	51	47	0	35	51	23	-214	23	35	27	-7	
1908939	12082	55	20	-3	16	35	39	4	109	20	12	23	47	
1921022	12083	51	31	0	20	31	27	43	312	35	23	-11	43	
1933105	12083	55	43	4	109	27	86	20	-61	35	47	62	35	
1945184	12079	62	62	39	113	31	43	176	207	39	39	129	86	
1957266	12082	47	51	86	47	51	82	-202	43	43	16	78	105	
1969348	12082	51	35	4	43	47	8	218	23	8	23	16	-3	
1981430	12082	-249	27	20	59	43	59	281	31	23	27	39	-19	
1993512	12082	27	23	27	23	35	8	31	35	31	70	90	16	
2005595	12083	-7	0	35	20	51	51	148	27	35	195	39	35	
2017677	12082	39	4	35	20	47	39	218	23	70	51	-38	31	
2029758	12081	59	35	8	59	62	12	-202	31	47	20	164	31	
2041840	12082	51	47	0	35	51	23	-214	23	35	27	-7	20	
2053921	12081	20	-3	16	35	39	4	109	20	12	23	47	16	
2066004	12083	31	0	20	31	27	43	312	35	23	-11	43	43	
2078086	12082	43	4	109	27	86	20	-61	35	47	62	35	55	
2090169	12083	62	39	113	31	43	176	207	39	39	129	86	27	
2102249	12080	51	86	47	51	82	-202	43	43	16	78	105	0	
2114328	12079	35	4	43	47	8	218	23	8	23	16	-3	-26	
2126411	12083	27	20	59	43	59	281	31	23	27	39	-19	66	
2138492	12081	23	27	23	35	8	31	35	31	70	90	16	82	
2150574	12082	0	35	20	51	51	148	27	35	195	39	35	-7	
2162658	12084	4	35	20	47	39	218	23	70	51	-38	31	-46	
2174738	12080	35	8	59	62	12	-202	31	47	20	164	31	86	
2186819	12081	47	0	35	51	23	-214	23	35	27	-7	20	20	
2198901	12082	-3	16	35	39	4	109	20	12	23	47	16	-11	
2210982	12081	0	20	31	27	43	312	35	23	-11	43	43	-11	
2223065	12083	4	109	27	86	20	-61	35	47	62	35	55	-3	
2235146	12081	39	113	31	43	176	207	39	39	129	86	27	31	
2247230	12084	86	47	51	82	-202	43	43	16	78	105	0	-182	
2259311	12081	4	43	47	8	218	23	8	23	16	-3	-26	-3	
2271389	12078	20	59	43	59	281	31	23	27	39	-19	66	117	
2283472	12083	27	23	35	8	31	35	31	70	90	16	82	-69	
2295555	12083	35	20	51	51	148	27	35	195	39	35	-7	70	
2307634	12079	35	20	47	39	218	23	70	51	-38	31	-46	222	
2319715	12081	8	59	62	12	-202	31	47	20	164	31	86	23	
2331796	12081	0	35	51	23	-214	23	35	27	-7	20	20	-42	
2343877	12081	16	35	39	4	109	20	12	23	47	16	-11	16	
2355960	12083	20	31	27	43	312	35	23	-11	43	43	-11	55	
2368042	12082	109	27	86	20	-61	35	47	62	35	55	-3	20	
2380124	12082	113	31	43	176	207	39	39	129	86	27	31	12	
2392206	12082	47	51	82	-202	43	43	16	78	105	0	-182	31	
2404287	12081	43	47	8	218	23	8	23	16	-3	-26	-3	20	
2416365	12078	59	43	59	281	31	23	27	39	-19	66	117	4	
2428449	12084	23	35	8	31	35	31	70	90	16	82	-69	-3	
2440529	12080	20	51	51	148	27	35	195	39	35	-7	70	-7	
2452613	12084	20	47	39	218	23	70	51	-38	31	-46	222	51	
2464694	12081	59	62	12	-202	31	47	20	164	31	86	23	78	
2476773	12079	35	51	23	-214	23	35	27	-7	20	20	-42	86	
2488857	12084	35	39	4	109	20	12	23	47	16	-11	16	47	
2500939	12082	31	27	43	312	35	23	-11	43	43	-11	55	43	
2513023	12084	27	86	20	-61	35	47	62	35	55	-3	20	27	
2525106	12083	31	43	176	207	39	39	129	86	27	31	12	-175	
2537186	12080	51	82	-202	43	43	16	78	105	0	-182	31	-19	
2549266	12080	47	8	218	23	8	23	16	-3	-26	-3	20	-3	
2561350	12084	43	59	281	31	23	27	39	-19	66	117	4	-3	
2573432	12082	35	8	31	35	31	70	90	16	82	-69	-3	55	
2585512	12080	51	51	148	27	35	195	39	35	-7	70	-7	94	
2597595	12083	47	39	218	23	70	51	-38	31	-46	222	51	148	
2609677	12082	62	12	-202	31	47	20	164	31	86	23	78	43	
2621759	12082	51	23	-214	23	35	27	-7	20	20	-42	86	23	
2633843	12084	39	4	109	20	12	23	47	16	-11	16	47	78	
2645924	12081	27	43	312	35	23	-11	43	43	-11	55	43	23	
2658006	12082	86	20	-61	35	47	62	35	55	-3	20	27	12	
2670087	12081	43	176	207	39	39	129	86	27	31	12	-175	-19	
2682166	12079	82	-202	43	43	16	78	105	0	-182	31	-19	20	
2694246	12080	8	218	23	8	23	16	-3	-26	-3	20	-3	43	
2706324	12078	59	281	31	23	27	39	-19	66	117	4	-3	27	
2718405	12081	8	31	35	31	70	90	16	82	-69	-3	55	23	
2730486	12081	51	148	27	35	195	39	35	-7	70	-7	94	4	
2742564	12078	39	218	23	70	51	-38	31	-46	222	51	148	70	
2754645	12081	12	-202	31	47	20	164	31	86	23	78	43	27	
2766729	12084	23	-214	23	35	27	-7	20	20	-42	86	23	-3	
2778814	12085	4	109	20	12	23	47	16	-11	16	47	78	27	
2790897	12083	43	312	35	23	-11	43	43	-11	55	43	23	-34	
2802979	12082	20	-61	35	47	62	35	55	-3	20	27	12	16	
2815061	12082	176	207	39	39	129	86	27	31	12	-175	-19	20	
2827143	12082	-202	43	43	16	78	105	0	-182	31	-19	20	27	
2839229	12086	218	23	8	23	16	-3	-26	-3	20	-3	43	55	
2851309	12080	281	31	23	27	39	-19	66	117	4	-3	27	47	
2863392	12083	31	35	31	70	90	16	82	-69	-3	55	23	43	
2875479	12087	148	27	35	195	39	35	-7	70	-7	94	4	-22	
2887559	12080	218	23	70	51	-38	31	-46	222	51	148	70	0	
2899644	12085	-202	31	47	20	164	31	86	23	78	43	27	-34	
2911724	12080	-214	23	35	27	-7	20	20	-42	86	23	-3	59	
2923809	12085	109	20	12	23	47	16	-11	16	47	78	27	27	
2935890	12081	312	35	23	-11	43	43	-11	55	43	23	-34	16	
2947971	12081	-61	35	47	62	35	55	-3	20	27	12	16	27	
2960050	12079	207	39	39	129	86	27	31	12	-175	-19	20	23	
2972130	12080	43	43	16	78	105	0	-182	31	-19	20	27	35	
2984212	12082	23	8	23	16	-3	-26	-3	20	-3	43	55	31	
2996293	12081	31	23	27	39	-19	66	117	4	-3	27	47	12	
3008376	12083	35	31	70	90	16	82	-69	-3	55	23	43	59	
3020460	12084	27	35	195	39	35	-7	70	-7	94	4	-22	78	
3032541	12081	23	70	51	-38	31	-46	222	51	148	70	0	55	
3044623	12082	31	47	20	164	31	86	23	78	43	27	-34	-38	
3056706	12083	23	35	27	-7	20	20	-42	86	23	-3	59	51	
3068787	12081	20	12	23	47	16	-11	16	47	78	27	27	62	
3080871	12084	35	23	-11	43	43	-11	55	43	23	-34	16	20	
3092951	12080	35	47	62	35	55	-3	20	27	12	16	27	74	
3105033	12082	39	39	129	86	27	31	12	-175	-19	20	23	20	
3117114	12081	43	16	78	105	0	-182	31	-19	20	27	35	62	
3129195	12081	8	23	16	-3	-26	-3	20	-3	43	55	31	8	
3141278	12083	23	27	39	-19	66	117	4	-3	27	47	12	39	
3153357	12079	31	70	90	16	82	-69	-3	55	23	43	59	51	
3165440	12083	35	195	39	35	-7	70	-7	94	4	-22	78	39	
3177522	12082	70	51	-38	31	-46	222	51	148	70	0	55	31	
3189606	12084	47	20	164	31	86	23	78	43	27	-34	-38	23	
3201687	12081	35	27	-7	20	20	-42	86	23	-3	59	51	12	
3213766	12079	12	23	47	16	-11	16	47	78	27	27	62	27	
3225849	12083	23	-11	43	43	-11	55	43	23	-34	16	20	62	
3237930	12081	47	62	35	55	-3	20	27	12	16	27	74	20	
3250014	12084	39	129	86	27	31	12	-175	-19	20	23	20	47	
3262095	12081	16	78	105	0	-182	31	-19	20	27	35	62	51	
3274179	12084	23	16	-3	-26	-3	20	-3	43	55	31	8	31	
3286261	12082	27	39	-19	66	117	4	-3	27	47	12	39	35	
3298342	12081	70	90	16	82	-69	-3	55	23	43	59	51	35	
3310425	12083	195	39	35	-7	70	-7	94	4	-22	78	39	39	
3322509	12084	51	-38	31	-46	222	51	148	70	0	55	31	31	
3334594	12085	20	164	31	86	23	78	43	27	-34	-38	23	43	
3346677	12083	27	-7	20	20	-42	86	23	-3	59	51	12	39	
3358760	12083	23	47	16	-11	16	47	78	27	27	62	27	47	
3370843	12083	-11	43	43	-11	55	43	23	-34	16	20	62	35	
3382924	12081	62	35	55	-3	20	27	12	16	27	74	20	39	
3395006	12082	129	86	27	31	12	-175	-19	20	23	20	47	43	
3407087	12081	78	105	0	-182	31	-19	20	27	35	62	51	27	
3419166	12079	16	-3	-26	-3	20	-3	43	55	31	8	31	43	
3431246	12080	39	-19	66	117	4	-3	27	47	12	39	35	20	
3443324	12078	90	16	82	-69	-3	55	23	43	59	51	35	27	
3455405	12081	39	35	-7	70	-7	94	4	-22	78	39	39	51	
3467486	12081	-38	31	-46	222	51	148	70	0	55	31	31	35	
3479566	12080	164	31	86	23	78	43	27	-34	-38	23	43	20	
3491648	12082	-7	20	20	-42	86	23	-3	59	51	12	39	23	
3503731	12083	47	16	-11	16	47	78	27	27	62	27	47	59	
3515812	12081	43	43	-11	55	43	23	-34	16	20	62	35	35	
3527896	12084	35	55	-3	20	27	12	16	27	74	20	39	8	
3539979	12083	86	27	31	12	-175	-19	20	23	20	47	43	51	
3552061	12082	105	0	-182	31	-19	20	27	35	62	51	27	43	
3564143	12082	-3	-26	-3	20	-3	43	55	31	8	31	43	39	
3576229	12086	-19	66	117	4	-3	27	47	12	39	35	20	31	
3588309	12080	16	82	-69	-3	55	23	43	59	51	35	27	78	
3600392	12083	35	-7	70	-7	94	4	-22	78	39	39	51	31	
3612479	12087	31	-46	222	51	148	70	0	55	31	31	35	23	
3624559	12080	31	86	23	78	43	27	-34	-38	23	43	20	62	
3636644	12085	20	20	-42	86	23	-3	59	51	12	39	23	23	
3648724	12080	16	-11	16	47	78	27	27	62	27	47	59	39	
3660808	12084	43	-11	55	43	23	-34	16	20	62	35	35	47	
3672891	12083	55	-3	20	27	12	16	27	74	20	39	8	27	
3684974	12083	27	31	12	-175	-19	20	23	20	47	43	51	20	
3697055	12081	0	-182	31	-19	20	27	35	62	51	27	43	23	
3709139	12084	-26	-3	20	-3	43	55	31	8	31	43	39	39	
3721220	12081	66	117	4	-3	27	47	12	39	35	20	31	59	
3733302	12082	82	-69	-3	55	23	43	59	51	35	27	78	55	
3745383	12081	-7	70	-7	94	4	-22	78	39	39	51	31	35	
3757468	12085	-46	222	51	148	70	0	55	31	31	35	23	39	
3769547	12079	86	23	78	43	27	-34	-38	23	43	20	62	35	
3781631	12084	20	-42	86	23	-3	59	51	12	39	23	23	47	
3793711	12080	-11	16	47	78	27	27	62	27	47	59	39	74	
3805793	12082	-11	55	43	23	-34	16	20	62	35	35	47	51	
3817874	12081	-3	20	27	12	16	27	74	20	39	8	27	39	
3829956	12082	31	12	-175	-19	20	23	20	47	43	51	20	47	
3842039	12083	-182	31	-19	20	27	35	62	51	27	43	23	43	
3854120	12081	-3	20	-3	43	55	31	8	31	43	39	39	51	
3866204	12084	117	4	-3	27	47	12	39	35	20	31	59	55	
3878286	12082	-69	-3	55	23	43	59	51	35	27	78	55	43	
3890367	12081	70	-7	94	4	-22	78	39	39	51	31	35	47	
3902448	12081	222	51	148	70	0	55	31	31	35	23	39	43	
3914529	12081	23	78	43	27	-34	-38	23	43	20	62	35	16	
3926614	12085	-42	86	23	-3	59	51	12	39	23	23	47	35	
3938698	12084	16	47	78	27	27	62	27	47	59	39	74	31	
3950779	12081	55	43	23	-34	16	20	62	35	35	47	51	31	
3962861	12082	20	27	12	16	27	74	20	39	8	27	39	31	
3974942	12081	12	-175	-19	20	23	20	47	43	51	20	47	27	
3987024	12082	31	-19	20	27	35	62	51	27	43	23	43	39	
3999106	12082	20	-3	43	55	31	8	31	43	39	39	51	51	
4011189	12083	4	-3	27	47	12	39	35	20	31	59	55	35	
4023272	12083	-3	55	23	43	59	51	35	27	78	55	43	39	
4035354	12082	-7	94	4	-22	78	39	39	51	31	35	47	31	
4047434	12080	51	148	70	0	55	31	31	35	23	39	43	55	
4059515	12081	78	43	27	-34	-38	23	43	20	62	35	16	23	
4071597	12082	86	23	-3	59	51	12	39	23	23	47	35	27	
4083680	12083	47	78	27	27	62	27	47	59	39	74	31	43	
4095762	12082	43	23	-34	16	20	62	35	35	47	51	31	43	
4107843	12081	27	12	16	27	74	20	39	8	27	39	31	16	
4119924	12081	-175	-19	20	23	20	47	43	51	20	47	27	43	
4132008	12084	-19	20	27	35	62	51	27	43	23	43	39	23	
4144090	12082	-3	43	55	31	8	31	43	39	39	51	51	16	
4156173	12083	-3	27	47	12	39	35	20	31	59	55	35	62	
4168258	12085	55	23	43	59	51	35	27	78	55	43	39	59	
4180339	12081	94	4	-22	78	39	39	51	31	35	47	31	35	
4192421	12082	148	70	0	55	31	31	35	23	39	43	55	16	
4204503	12082	43	27	-34	-38	23	43	20	62	35	16	23	55	
4216586	12083	23	-3	59	51	12	39	23	23	47	35	27	20	
4228671	12085	78	27	27	62	27	47	59	39	74	31	43	35	
4240752	12081	23	-34	16	20	62	35	35	47	51	31	43	43	
4252836	12084	12	16	27	74	20	39	8	27	39	31	16	27	
4264917	12081	-19	20	23	20	47	43	51	20	47	27	43	8	
4276999	12082	20	27	35	62	51	27	43	23	43	39	23	35	
4289080	12081	43	55	31	8	31	43	39	39	51	51	16	51	
4301161	12081	27	47	12	39	35	20	31	59	55	35	62	27	
4313244	12083	23	43	59	51	35	27	78	55	43	39	59	39	
4325324	12080	4	-22	78	39	39	51	31	35	47	31	35	47	
4337402	12078	70	0	55	31	31	35	23	39	43	55	16	35	
4349482	12080	27	-34	-38	23	43	20	62	35	16	23	55	35	
4361563	12081	-3	59	51	12	39	23	23	47	35	27	20	27	
4373645	12082	27	27	62	27	47	59	39	74	31	43	35	35	
4385724	12079	-34	16	20	62	35	35	47	51	31	43	43	59	
4397804	12080	16	27	74	20	39	8	27	39	31	16	27	39	
4409885	12081	20	23	20	47	43	51	20	47	27	43	8	35	
4421964	12079	27	35	62	51	27	43	23	43	39	23	35	39	
4434046	12082	55	31	8	31	43	39	39	51	51	16	51	39	
4446130	12084	47	12	39	35	20	31	59	55	35	62	27	35	
4458210	12080	43	59	51	35	27	78	55	43	39	59	39	55	
4470292	12082	-22	78	39	39	51	31	35	47	31	35	47	35	
4482371	12079	0	55	31	31	35	23	39	43	55	16	35	51	
4494456	12085	-34	-38	23	43	20	62	35	16	23	55	35	31	
4506538	12082	59	51	12	39	23	23	47	35	27	20	27	39	
4518621	12083	27	62	27	47	59	39	74	31	43	35	35	35	
4530704	12083	16	20	62	35	35	47	51	31	43	43	59	43	
4542785	12081	27	74	20	39	8	27	39	31	16	27	39	39	
4554868	12083	23	20	47	43	51	20	47	27	43	8	35	35	
4566950	12082	35	62	51	27	43	23	43	39	23	35	39	27	
4579035	12085	31	8	31	43	39	39	51	51	16	51	39	27	
4591114	12079	12	39	35	20	31	59	55	35	62	27	35	35	
4603193	12079	59	51	35	27	78	55	43	39	59	39	55	55	
4615275	12082	78	39	39	51	31	35	47	31	35	47	35	43	
4627354	12079	55	31	31	35	23	39	43	55	16	35	51	39	
4639435	12081	-38	23	43	20	62	35	16	23	55	35	31	27	
4651517	12082	51	12	39	23	23	47	35	27	20	27	39	31	
4663600	12083	62	27	47	59	39	74	31	43	35	35	35	55	
4675682	12082	20	62	35	35	47	51	31	43	43	59	43	31	
4687764	12082	74	20	39	8	27	39	31	16	27	39	39	35	
4699846	12082	20	47	43	51	20	47	27	43	8	35	35	31	
4711931	12085	62	51	27	43	23	43	39	23	35	39	27	31	
4724018	12087	8	31	43	39	39	51	51	16	51	39	27	31	
4736098	12080	39	35	20	31	59	55	35	62	27	35	35	23	
4748183	12085	51	35	27	78	55	43	39	59	39	55	55	59	
4760265	12082	39	39	51	31	35	47	31	35	47	35	43	35	
4772348	12083	31	31	35	23	39	43	55	16	35	51	39	27	
4784429	12081	23	43	20	62	35	16	23	55	35	31	27	31	
4796511	12082	12	39	23	23	47	35	27	20	27	39	31	43	
4808595	12084	27	47	59	39	74	31	43	35	35	35	55	27	
4820678	12083	62	35	35	47	51	31	43	43	59	43	31	23	
4832761	12083	20	39	8	27	39	31	16	27	39	39	35	43	
4844843	12082	47	43	51	20	47	27	43	8	35	35	31	39	
4856924	12081	51	27	43	23	43	39	23	35	39	27	31	31	
4869006	12082	31	43	39	39	51	51	16	51	39	27	31	35	
4881088	12082	35	20	31	59	55	35	62	27	35	35	23	39	
4893169	12081	35	27	78	55	43	39	59	39	55	55	59	47	
4905249	12080	39	51	31	35	47	31	35	47	35	43	35	31	
4917328	12079	31	35	23	39	43	55	16	35	51	39	27	47	
4929410	12082	43	20	62	35	16	23	55	35	31	27	31	31	
4941492	12082	39	23	23	47	35	27	20	27	39	31	43	31	
4953572	12080	47	59	39	74	31	43	35	35	35	55	27	27	
4965656	12084	35	35	47	51	31	43	43	59	43	31	23	35	
4977740	12084	39	8	27	39	31	16	27	39	39	35	43	39	
4989823	12083	43	51	20	47	27	43	8	35	35	31	39	23	
5001906	12083	27	43	23	43	39	23	35	39	27	31	31	39	
5013990	12084	43	39	39	51	51	16	51	39	27	31	35	20	
5026073	12083	20	31	59	55	35	62	27	35	35	23	39	47	
5038154	12081	27	78	55	43	39	59	39	55	55	59	47	16	
5050236	12082	51	31	35	47	31	35	47	35	43	35	31	51	
5062319	12083	35	23	39	43	55	16	35	51	39	27	47	90	
5074401	12082	20	62	35	16	23	55	35	31	27	31	31	43	
5086485	12084	23	23	47	35	27	20	27	39	31	43	31	27	
5098568	12083	59	39	74	31	43	35	35	35	55	27	27	8	
5110652	12084	35	47	51	31	43	43	59	43	31	23	35	8	
5122734	12082	8	27	39	31	16	27	39	39	35	43	39	16	
5134816	12082	51	20	47	27	43	8	35	35	31	39	23	0	
5146896	12080	43	23	43	39	23	35	39	27	31	31	39	4	
5158977	12081	39	39	51	51	16	51	39	27	31	35	20	20	
5171061	12084	31	59	55	35	62	27	35	35	23	39	47	31	
5183141	12080	78	55	43	39	59	39	55	55	59	47	16	27	
5195225	12084	31	35	47	31	35	47	35	43	35	31	51	23	
5207306	12081	23	39	43	55	16	35	51	39	27	47	90	23	
5219386	12080	62	35	16	23	55	35	31	27	31	31	43	59	
5231471	12085	23	47	35	27	20	27	39	31	43	31	27	39	
5243555	12084	39	74	31	43	35	35	35	55	27	27	8	31	
5255637	12082	47	51	31	43	43	59	43	31	23	35	8	47	
5267718	12081	27	39	31	16	27	39	39	35	43	39	16	35	
5279801	12083	20	47	27	43	8	35	35	31	39	23	0	31	
5291882	12081	23	43	39	23	35	39	27	31	31	39	4	43	
5303962	12080	39	51	51	16	51	39	27	31	35	20	20	39	
5316046	12084	59	55	35	62	27	35	35	23	39	47	31	31	
5328125	12079	55	43	39	59	39	55	55	59	47	16	27	23	
5340209	12084	35	47	31	35	47	35	43	35	31	51	23	43	
5352290	12081	39	43	55	16	35	51	39	27	47	90	23	47	
5364369	12079	35	16	23	55	35	31	27	31	31	43	59	70	
5376449	12080	47	35	27	20	27	39	31	43	31	27	39	51	
5388530	12081	74	31	43	35	35	35	55	27	27	8	31	39	
5400614	12084	51	31	43	43	59	43	31	23	35	8	47	43	
5412697	12083	39	31	16	27	39	39	35	43	39	16	35	43	
5424780	12083	47	27	43	8	35	35	31	39	23	0	31	43	
5436862	12082	43	39	23	35	39	27	31	31	39	4	43	47	
5448943	12081	51	51	16	51	39	27	31	35	20	20	39	23	
5461024	12081	55	35	62	27	35	35	23	39	47	31	31	0	
5473103	12079	43	39	59	39	55	55	59	47	16	27	23	16	
5485187	12084	47	31	35	47	35	43	35	31	51	23	43	55	
5497265	12078	43	55	16	35	51	39	27	47	90	23	47	43	
5509346	12081	16	23	55	35	31	27	31	31	43	59	70	31	
5521428	12082	35	27	20	27	39	31	43	31	27	39	51	12	
5533511	12083	31	43	35	35	35	55	27	27	8	31	39	23	
5545595	12084	31	43	43	59	43	31	23	35	8	47	43	27	
5557678	12083	31	16	27	39	39	35	43	39	16	35	43	70	
5569761	12083	27	43	8	35	35	31	39	23	0	31	43	66	
5581843	12082	39	23	35	39	27	31	31	39	4	43	47	62	
5593924	12081	51	16	51	39	27	31	35	20	20	39	23	98	
5606006	12082	35	62	27	35	35	23	39	47	31	31	0	86	
5618088	12082	39	59	39	55	55	59	47	16	27	23	16	23	
5630169	12081	31	35	47	35	43	35	31	51	23	43	55	23	
5642249	12080	55	16	35	51	39	27	47	90	23	47	43	8	
5654328	12079	23	55	35	31	27	31	31	43	59	70	31	-26	
5666410	12082	27	20	27	39	31	43	31	27	39	51	12	-46	
5678492	12082	43	35	35	35	55	27	27	8	31	39	23	27	
5690572	12080	43	43	59	43	31	23	35	8	47	43	27	31	
5702656	12084	16	27	39	39	35	43	39	16	35	43	70	35	
5714740	12084	43	8	35	35	31	39	23	0	31	43	66	27	
5726823	12083	23	35	39	27	31	31	39	4	43	47	62	23	
5738906	12083	16	51	39	27	31	35	20	20	39	23	98	35	
5750990	12084	62	27	35	35	23	39	47	31	31	0	86	27	
5763073	12083	59	39	55	55	59	47	16	27	23	16	23	70	
5775154	12081	35	47	35	43	35	31	51	23	43	55	23	74	
5787236	12082	16	35	51	39	27	47	90	23	47	43	8	86	
5799319	12083	55	35	31	27	31	31	43	59	70	31	-26	98	
5811401	12082	20	27	39	31	43	31	27	39	51	12	-46	39	
5823485	12084	35	35	35	55	27	27	8	31	39	23	27	66	
5835568	12083	43	59	43	31	23	35	8	47	43	27	31	74	
5847652	12084	27	39	39	35	43	39	16	35	43	70	35	4	
5859734	12082	8	35	35	31	39	23	0	31	43	66	27	16	
5871816	12082	35	39	27	31	31	39	4	43	47	62	23	20	
5883896	12080	51	39	27	31	35	20	20	39	23	98	35	74	
5895977	12081	27	35	35	23	39	47	31	31	0	86	27	70	
5908061	12084	39	55	55	59	47	16	27	23	16	23	70	27	
5920141	12080	47	35	43	35	31	51	23	43	55	23	74	-54	
5932225	12084	35	51	39	27	47	90	23	47	43	8	86	55	
5944306	12081	35	31	27	31	31	43	59	70	31	-26	98	23	
5956386	12080	27	39	31	43	31	27	39	51	12	-46	39	51	
5968471	12085	35	35	55	27	27	8	31	39	23	27	66	55	
5980555	12084	59	43	31	23	35	8	47	43	27	31	74	62	
5992637	12082	39	39	35	43	39	16	35	43	70	35	4	90	
6004718	12081	35	35	31	39	23	0	31	43	66	27	16	90	
6016801	12083	39	27	31	31	39	4	43	47	62	23	20	125	
6028882	12081	39	27	31	35	20	20	39	23	98	35	74	70	
6040962	12080	35	35	23	39	47	31	31	0	86	27	70	51	
6053046	12084	55	55	59	47	16	27	23	16	23	70	27	-19	
6065125	12079	35	43	35	31	51	23	43	55	23	74	-54	-42	
6077209	12084	51	39	27	47	90	23	47	43	8	86	55	-3	
6089290	12081	31	27	31	31	43	59	70	31	-26	98	23	86	
6101369	12079	39	31	43	31	27	39	51	12	-46	39	51	-15	
6113449	12080	35	55	27	27	8	31	39	23	27	66	55	-11	
6125530	12081	43	31	23	35	8	47	43	27	31	74	62	31	
6137614	12084	39	35	43	39	16	35	43	70	35	4	90	-15	
6149697	12083	35	31	39	23	0	31	43	66	27	16	90	27	
6161780	12083	27	31	31	39	4	43	47	62	23	20	125	43	
6173862	12082	27	31	35	20	20	39	23	98	35	74	70	113	
6185943	12081	35	23	39	47	31	31	0	86	27	70	51	125	
6198024	12081	55	59	47	16	27	23	16	23	70	27	-19	113	
6210103	12079	43	35	31	51	23	43	55	23	74	-54	-42	70	
6222187	12084	39	27	47	90	23	47	43	8	86	55	-3	62	
6234265	12078	27	31	31	43	59	70	31	-26	98	23	86	51	
6246346	12081	31	43	31	27	39	51	12	-46	39	51	-15	-65	
6258428	12082	55	27	27	8	31	39	23	27	66	55	-11	31	
6270511	12083	31	23	35	8	47	43	27	31	74	62	31	0	
6282595	12084	35	43	39	16	35	43	70	35	4	90	-15	16	
6294678	12083	31	39	23	0	31	43	66	27	16	90	27	35	
6306761	12083	31	31	39	4	43	47	62	23	20	125	43	70	
6318843	12082	31	35	20	20	39	23	98	35	74	70	113	47	
6330924	12081	23	39	47	31	31	0	86	27	70	51	125	4	
6343006	12082	59	47	16	27	23	16	23	70	27	-19	113	62	
6355088	12082	35	31	51	23	43	55	23	74	-54	-42	70	31	
6367169	12081	27	47	90	23	47	43	8	86	55	-3	62	0	
6379249	12080	31	31	43	59	70	31	-26	98	23	86	51	31	
6391328	12079	43	31	27	39	51	12	-46	39	51	-15	-65	8	
6403410	12082	27	27	8	31	39	23	27	66	55	-11	31	101	
6415492	12082	23	35	8	47	43	27	31	74	62	31	0	74	
6427572	12080	43	39	16	35	43	70	35	4	90	-15	16	27	
6439656	12084	39	23	0	31	43	66	27	16	90	27	35	101	
6451740	12084	31	39	4	43	47	62	23	20	125	43	70	27	
6463823	12083	35	20	20	39	23	98	35	74	70	113	47	27	
6475906	12083	39	47	31	31	0	86	27	70	51	125	4	-11	
6487990	12084	47	16	27	23	16	23	70	27	-19	113	62	98	
6500073	12083	31	51	23	43	55	23	74	-54	-42	70	31	59	
6512154	12081	47	90	23	47	43	8	86	55	-3	62	0	39	
6524236	12082	31	43	59	70	31	-26	98	23	86	51	31	20	
6536319	12083	31	27	39	51	12	-46	39	51	-15	-65	8	-42	
6548401	12082	27	8	31	39	23	27	66	55	-11	31	101	55	
6560485	12084	35	8	47	43	27	31	74	62	31	0	74	39	
6572568	12083	39	16	35	43	70	35	4	90	-15	16	27	51	
6584652	12084	23	0	31	43	66	27	16	90	27	35	101	35	
6596734	12082	39	4	43	47	62	23	20	125	43	70	27	-73	
6608816	12082	20	20	39	23	98	35	74	70	113	47	27	-69	
6620896	12080	47	31	31	0	86	27	70	51	125	4	-11	293	
6632977	12081	16	27	23	16	23	70	27	-19	113	62	98	-233	
6645061	12084	51	23	43	55	23	74	-54	-42	70	31	59	-11	
6657141	12080	90	23	47	43	8	86	55	-3	62	0	39	47	
6669225	12084	43	59	70	31	-26	98	23	86	51	31	20	-11	
6681306	12081	27	39	51	12	-46	39	51	-15	-65	8	-42	90	
6693386	12080	8	31	39	23	27	66	55	-11	31	101	55	222	
6705468	12082	8	47	43	27	31	74	62	31	0	74	39	101	
6717550	12082	16	35	43	70	35	4	90	-15	16	27	51	-34	
6729631	12081	0	31	43	66	27	16	90	27	35	101	35	31	
6741712	12081	4	43	47	62	23	20	125	43	70	27	-73	98	
6753792	12080	20	39	23	98	35	74	70	113	47	27	-69	66	
6765873	12081	31	31	0	86	27	70	51	125	4	-11	293	144	
6777952	12079	27	23	16	23	70	27	-19	113	62	98	-233	148	
6790033	12081	23	43	55	23	74	-54	-42	70	31	59	-11	-54	
6802113	12080	23	47	43	8	86	55	-3	62	0	39	47	-116	
6814199	12086	59	70	31	-26	98	23	86	51	31	20	-11	121	
6826281	12082	39	51	12	-46	39	51	-15	-65	8	-42	90	-147	
6838362	12081	31	39	23	27	66	55	-11	31	101	55	222	-7	
6850440	12078	47	43	27	31	74	62	31	0	74	39	101	39	
6862523	12083	35	43	70	35	4	90	-15	16	27	51	-34	31	
6874607	12084	31	43	66	27	16	90	27	35	101	35	31	66	
6886690	12083	43	47	62	23	20	125	43	70	27	-73	98	16	
6898772	12082	39	23	98	35	74	70	113	47	27	-69	66	51	
6910856	12084	31	0	86	27	70	51	125	4	-11	293	144	-3	
6922936	12080	23	16	23	70	27	-19	113	62	98	-233	148	62	
6935020	12084	43	55	23	74	-54	-42	70	31	59	-11	-54	98	
6947101	12081	47	43	8	86	55	-3	62	0	39	47	-116	70	
6959183	12082	70	31	-26	98	23	86	51	31	20	-11	121	47	
6971265	12082	51	12	-46	39	51	-15	-65	8	-42	90	-147	4	
6983348	12083	39	23	27	66	55	-11	31	101	55	222	-7	16	
6995429	12081	43	27	31	74	62	31	0	74	39	101	39	-3	
7007511	12082	43	70	35	4	90	-15	16	27	51	-34	31	16	
7019595	12084	43	66	27	16	90	27	35	101	35	31	66	31	
7031678	12083	47	62	23	20	125	43	70	27	-73	98	16	94	
7043761	12083	23	98	35	74	70	113	47	27	-69	66	51	23	
7055843	12082	0	86	27	70	51	125	4	-11	293	144	-3	-120	
7067922	12079	16	23	70	27	-19	113	62	98	-233	148	62	35	
7080006	12084	55	23	74	-54	-42	70	31	59	-11	-54	98	35	
7092088	12082	43	8	86	55	-3	62	0	39	47	-116	70	-89	
7104169	12081	31	-26	98	23	86	51	31	20	-11	121	47	55	
7116253	12084	12	-46	39	51	-15	-65	8	-42	90	-147	4	12	
7128330	12077	23	27	66	55	-11	31	101	55	222	-7	16	-11	
7140414	12084	27	31	74	62	31	0	74	39	101	39	-3	43	
7152494	12080	70	35	4	90	-15	16	27	51	-34	31	16	51	
7164576	12082	66	27	16	90	27	35	101	35	31	66	31	51	
7176657	12081	62	23	20	125	43	70	27	-73	98	16	94	82	
7188737	12080	98	35	74	70	113	47	27	-69	66	51	23	66	
7200820	12083	86	27	70	51	125	4	-11	293	144	-3	-120	12	
7212902	12082	23	70	27	-19	113	62	98	-233	148	62	35	94	
7224985	12083	23	74	-54	-42	70	31	59	-11	-54	98	35	129	
7237067	12082	8	86	55	-3	62	0	39	47	-116	70	-89	16	
7249147	12080	-26	98	23	86	51	31	20	-11	121	47	55	55	
7261230	12083	-46	39	51	-15	-65	8	-42	90	-147	4	12	101	
7273311	12081	27	66	55	-11	31	101	55	222	-7	16	-11	109	
7285393	12082	31	74	62	31	0	74	39	101	39	-3	43	47	
7297482	12089	35	4	90	-15	16	27	51	-34	31	16	51	12	
7309565	12083	27	16	90	27	35	101	35	31	66	31	51	-30	
7321647	12082	23	20	125	43	70	27	-73	98	16	94	82	98	
7333728	12081	35	74	70	113	47	27	-69	66	51	23	66	27	
7345812	12084	27	70	51	125	4	-11	293	144	-3	-120	12	86	
7357896	12084	70	27	-19	113	62	98	-233	148	62	35	94	20	
7369976	12080	74	-54	-42	70	31	59	-11	-54	98	35	129	47	
7382059	12083	86	55	-3	62	0	39	47	-116	70	-89	16	39	
7394139	12080	98	23	86	51	31	20	-11	121	47	55	55	43	
7406222	12083	39	51	-15	-65	8	-42	90	-147	4	12	101	35	
7418304	12082	66	55	-11	31	101	55	222	-7	16	-11	109	47	
7430380	12076	74	62	31	0	74	39	101	39	-3	43	47	35	
7442464	12084	4	90	-15	16	27	51	-34	31	16	51	12	39	
7454544	12080	16	90	27	35	101	35	31	66	31	51	-30	35	
7466626	12082	20	125	43	70	27	-73	98	16	94	82	98	35	
7478708	12082	74	70	113	47	27	-69	66	51	23	66	27	27	
7490788	12080	70	51	125	4	-11	293	144	-3	-120	12	86	39	
7502871	12083	27	-19	113	62	98	-233	148	62	35	94	20	31	
7514951	12080	-54	-42	70	31	59	-11	-54	98	35	129	47	39	
7527033	12082	55	-3	62	0	39	47	-116	70	-89	16	39	35	
7539114	12081	23	86	51	31	20	-11	121	47	55	55	43	31	
7551195	12081	51	-15	-65	8	-42	90	-147	4	12	101	35	47	
7563278	12083	55	-11	31	101	55	222	-7	16	-11	109	47	35	
7575357	12079	62	31	0	74	39	101	39	-3	43	47	35	43	
7587440	12083	90	-15	16	27	51	-34	31	16	51	12	39	43	
7599522	12082	90	27	35	101	35	31	66	31	51	-30	35	47	
7611606	12084	125	43	70	27	-73	98	16	94	82	98	35	51	
7623687	12081	70	113	47	27	-69	66	51	23	66	27	27	39	
7635766	12079	51	125	4	-11	293	144	-3	-120	12	86	39	35	
7647849	12083	-19	113	62	98	-233	148	62	35	94	20	31	43	
7659930	12081	-42	70	31	59	-11	-54	98	35	129	47	39	39	
7672012	12082	-3	62	0	39	47	-116	70	-89	16	39	35	39	
7684093	12081	86	51	31	20	-11	121	47	55	55	43	31	43	
7696173	12080	-15	-65	8	-42	90	-147	4	12	101	35	47	27	
7708257	12084	-11	31	101	55	222	-7	16	-11	109	47	35	47	
7720338	12081	31	0	74	39	101	39	-3	43	47	35	43	43	
7732421	12083	-15	16	27	51	-34	31	16	51	12	39	43	43	
7744502	12081	27	35	101	35	31	66	31	51	-30	35	47	31	
7756583	12081	43	70	27	-73	98	16	94	82	98	35	51	31	
7768667	12084	113	47	27	-69	66	51	23	66	27	27	39	43	
7780749	12082	125	4	-11	293	144	-3	-120	12	86	39	35	39	
7792834	12085	113	62	98	-233	148	62	35	94	20	31	43	27	
7804915	12081	70	31	59	-11	-54	98	35	129	47	39	39	31	
7816995	12080	62	0	39	47	-116	70	-89	16	39	35	39	39	
7829079	12084	51	31	20	-11	121	47	55	55	43	31	43	43	
7841160	12081	-65	8	-42	90	-147	4	12	101	35	47	27	62	
7853242	12082	31	101	55	222	-7	16	-11	109	47	35	47	43	
7865322	12080	0	74	39	101	39	-3	43	47	35	43	43	39	
7877403	12081	16	27	51	-34	31	16	51	12	39	43	43	39	
7889486	12083	35	101	35	31	66	31	51	-30	35	47	31	39	
7901566	12080	70	27	-73	98	16	94	82	98	35	51	31	27	
7913650	12084	47	27	-69	66	51	23	66	27	27	39	43	39	
7925732	12082	4	-11	293	144	-3	-120	12	86	39	35	39	31	
7937813	12081	62	98	-233	148	62	35	94	20	31	43	27	39	
7949897	12084	31	59	-11	-54	98	35	129	47	39	39	31	51	
7961980	12083	0	39	47	-116	70	-89	16	39	35	39	39	31	
7974064	12084	31	20	-11	121	47	55	55	43	31	43	43	47	
7986145	12081	8	-42	90	-147	4	12	101	35	47	27	62	39	
7998226	12081	101	55	222	-7	16	-11	109	47	35	47	43	39	
8010307	12081	74	39	101	39	-3	43	47	35	43	43	39	31	
8022386	12079	27	51	-34	31	16	51	12	39	43	43	39	35	
8034469	12083	101	35	31	66	31	51	-30	35	47	31	39	35	
8046550	12081	27	-73	98	16	94	82	98	35	51	31	27	35	
8058634	12084	27	-69	66	51	23	66	27	27	39	43	39	47	
8070717	12083	-11	293	144	-3	-120	12	86	39	35	39	31	39	
8082800	12083	98	-233	148	62	35	94	20	31	43	27	39	39	
8094882	12082	59	-11	-54	98	35	129	47	39	39	31	51	35	
8106965	12083	39	47	-116	70	-89	16	39	35	39	39	31	43	
8119048	12083	20	-11	121	47	55	55	43	31	43	43	47	39	
8131125	12077	-42	90	-147	4	12	101	35	47	27	62	39	43	
8143206	12081	55	222	-7	16	-11	109	47	35	47	43	39	39	
8155288	12082	39	101	39	-3	43	47	35	43	43	39	31	47	
8167366	12078	51	-34	31	16	51	12	39	43	43	39	35	35	
8179450	12084	35	31	66	31	51	-30	35	47	31	39	35	39	
8191530	12080	-73	98	16	94	82	98	35	51	31	27	35	35	
8203612	12082	-69	66	51	23	66	27	27	39	43	39	47	31	
8215695	12083	293	144	-3	-120	12	86	39	35	39	31	39	39	
8227776	12081	-233	148	62	35	94	20	31	43	27	39	39	39	
8239858	12082	-11	-54	98	35	129	47	39	39	31	51	35	31	
8251940	12082	47	-116	70	-89	16	39	35	39	39	31	43	43	
8264023	12083	-11	121	47	55	55	43	31	43	43	47	39	35	
8276104	12081	90	-147	4	12	101	35	47	27	62	39	43	31	
8288185	12081	222	-7	16	-11	109	47	35	47	43	39	39	31	
8300267	12082	101	39	-3	43	47	35	43	43	39	31	47	43	
8312349	12082	-34	31	16	51	12	39	43	43	39	35	35	31	
8324431	12082	31	66	31	51	-30	35	47	31	39	35	39	31	
8336514	12083	98	16	94	82	98	35	51	31	27	35	35	39	
8348599	12085	66	51	23	66	27	27	39	43	39	47	31	31	
8360679	12080	144	-3	-120	12	86	39	35	39	31	39	39	35	
8372763	12084	148	62	35	94	20	31	43	27	39	39	39	39	
8384845	12082	-54	98	35	129	47	39	39	31	51	35	31	51	
8396927	12082	-116	70	-89	16	39	35	39	39	31	43	43	51	
8409010	12083	121	47	55	55	43	31	43	43	47	39	35	43	
8421090	12080	-147	4	12	101	35	47	27	62	39	43	31	43	
8433170	12080	-7	16	-11	109	47	35	47	43	39	39	31	27	
8445252	12082	39	-3	43	47	35	43	43	39	31	47	43	35	
8457334	12082	31	16	51	12	39	43	43	39	35	35	31	35	
8469416	12082	66	31	51	-30	35	47	31	39	35	39	31	39	
8481499	12083	16	94	82	98	35	51	31	27	35	35	39	47	
8493581	12082	51	23	66	27	27	39	43	39	47	31	31	43	
8505661	12080	-3	-120	12	86	39	35	39	31	39	39	35	31	
8517745	12084	62	35	94	20	31	43	27	39	39	39	39	35	
8529831	12086	98	35	129	47	39	39	31	51	35	31	51	35	
8541912	12081	70	-89	16	39	35	39	39	31	43	43	51	35	
8553994	12082	47	55	55	43	31	43	43	47	39	35	43	39	
8566075	12081	4	12	101	35	47	27	62	39	43	31	43	35	
8578155	12080	16	-11	109	47	35	47	43	39	39	31	27	43	
8590236	12081	-3	43	47	35	43	43	39	31	47	43	35	31	
8602314	12078	16	51	12	39	43	43	39	35	35	31	35	47	
8614394	12080	31	51	-30	35	47	31	39	35	39	31	39	39	
8626477	12083	94	82	98	35	51	31	27	35	35	39	47	39	
8638560	12083	23	66	27	27	39	43	39	47	31	31	43	51	
8650645	12085	-120	12	86	39	35	39	31	39	39	35	31	43	
8662725	12080	35	94	20	31	43	27	39	39	39	39	35	39	
8674808	12083	35	129	47	39	39	31	51	35	31	51	35	39	
8686889	12081	-89	16	39	35	39	39	31	43	43	51	35	39	
8698969	12080	55	55	43	31	43	43	47	39	35	43	39	35	
8711052	12083	12	101	35	47	27	62	39	43	31	43	35	35	
8723132	12080	-11	109	47	35	47	43	39	39	31	27	43	39	
8735212	12080	43	47	35	43	43	39	31	47	43	35	31	51	
8747296	12084	51	12	39	43	43	39	35	35	31	35	47	39	
8759376	12080	51	-30	35	47	31	39	35	39	31	39	39	43	
8771458	12082	82	98	35	51	31	27	35	35	39	47	39	35	
8783540	12082	66	27	27	39	43	39	47	31	31	43	51	31	
8795623	12083	12	86	39	35	39	31	39	39	35	31	43	35	
8807708	12085	94	20	31	43	27	39	39	39	39	35	39	31	
8819789	12081	129	47	39	39	31	51	35	31	51	35	39	27	
8831872	12083	16	39	35	39	39	31	43	43	51	35	39	47	
8843952	12080	55	43	31	43	43	47	39	35	43	39	35	35	
8856034	12082	101	35	47	27	62	39	43	31	43	35	35	43	
8868116	12082	109	47	35	47	43	39	39	31	27	43	39	35	
8880196	12080	47	35	43	43	39	31	47	43	35	31	51	39	
8892279	12083	12	39	43	43	39	35	35	31	35	47	39	43	
8904358	12079	-30	35	47	31	39	35	39	31	39	39	43	35	
8916441	12083	98	35	51	31	27	35	35	39	47	39	35	35	
8928523	12082	27	27	39	43	39	47	31	31	43	51	31	35	
8940607	12084	86	39	35	39	31	39	39	35	31	43	35	31	
8952688	12081	20	31	43	27	39	39	39	39	35	39	31	47	
8964767	12079	47	39	39	31	51	35	31	51	35	39	27	35	
8976850	12083	39	35	39	39	31	43	43	51	35	39	47	39	
8988931	12081	43	31	43	43	47	39	35	43	39	35	35	47	
9001015	12084	35	47	27	62	39	43	31	43	35	35	43	35	
9013096	12081	47	35	47	43	39	39	31	27	43	39	35	43	
9025180	12084	35	43	43	39	31	47	43	35	31	51	39	43	
9037262	12082	39	43	43	39	35	35	31	35	47	39	43	43	
9049343	12081	35	47	31	39	35	39	31	39	39	43	35	43	
9061426	12083	35	51	31	27	35	35	39	47	39	35	35	55	
9073510	12084	27	39	43	39	47	31	31	43	51	31	35	35	
9085593	12083	39	35	39	31	39	39	35	31	43	35	31	47	
9097676	12083	31	43	27	39	39	39	39	35	39	31	47	31	
9109756	12080	39	39	31	51	35	31	51	35	39	27	35	43	
9121839	12083	35	39	39	31	43	43	51	35	39	47	39	39	
9133921	12082	31	43	43	47	39	35	43	39	35	35	47	35	
9146005	12084	47	27	62	39	43	31	43	35	35	43	35	47	
9158087	12082	35	47	43	39	39	31	27	43	39	35	43	31	
9170170	12083	43	43	39	31	47	43	35	31	51	39	43	39	
9182250	12080	43	43	39	35	35	31	35	47	39	43	43	35	
9194332	12082	47	31	39	35	39	31	39	39	43	35	43	47	
9206411	12079	51	31	27	35	35	39	47	39	35	35	55	47	
9218495	12084	39	43	39	47	31	31	43	51	31	35	35	31	
9230578	12083	35	39	31	39	39	35	31	43	35	31	47	31	
9242660	12082	43	27	39	39	39	39	35	39	31	47	31	35	
9254739	12079	39	31	51	35	31	51	35	39	27	35	43	51	
9266824	12085	39	39	31	43	43	51	35	39	47	39	39	35	
9278905	12081	43	43	47	39	35	43	39	35	35	47	35	39	
9290989	12084	27	62	39	43	31	43	35	35	43	35	47	47	
9303070	12081	47	43	39	39	31	27	43	39	35	43	31	43	
9315151	12081	43	39	31	47	43	35	31	51	39	43	39	35	
9327233	12082	43	39	35	35	31	35	47	39	43	43	35	43	
9339314	12081	31	39	35	39	31	39	39	43	35	43	47	39	
9351397	12083	31	27	35	35	39	47	39	35	35	55	47	39	
9363484	12087	43	39	47	31	31	43	51	31	35	35	31	35	
9375566	12082	39	31	39	39	35	31	43	35	31	47	31	39	
9387650	12084	27	39	39	39	39	35	39	31	47	31	35	39	
9399732	12082	31	51	35	31	51	35	39	27	35	43	51	47	
9411813	12081	39	31	43	43	51	35	39	47	39	39	35	31	
9423897	12084	43	47	39	35	43	39	35	35	47	35	39	39	
9435980	12083	62	39	43	31	43	35	35	43	35	47	47	43	
9448062	12082	43	39	39	31	27	43	39	35	43	31	43	47	
9460144	12082	39	31	47	43	35	31	51	39	43	39	35	39	
9472230	12086	39	35	35	31	35	47	39	43	43	35	43	43	
9484310	12080	39	35	39	31	39	39	43	35	43	47	39	39	
9496393	12083	27	35	35	39	47	39	35	35	55	47	39	43	
9508480	12087	39	47	31	31	43	51	31	35	35	31	35	35	
9520560	12080	31	39	39	35	31	43	35	31	47	31	39	39	
9532645	12085	39	39	39	39	35	39	31	47	31	35	39	35	
9544725	12080	51	35	31	51	35	39	27	35	43	51	47	35	
9556809	12084	31	43	43	51	35	39	47	39	39	35	31	43	
9568892	12083	47	39	35	43	39	35	35	47	35	39	39	51	
9580975	12083	39	43	31	43	35	35	43	35	47	47	43	39	
9593056	12081	39	39	31	27	43	39	35	43	31	43	47	31	
9605138	12082	31	47	43	35	31	51	39	43	39	35	39	39	
9617220	12082	35	35	31	35	47	39	43	43	35	43	43	43	
9629303	12083	35	39	31	39	39	43	35	43	47	39	39	39	
9641382	12079	35	35	39	47	39	35	35	55	47	39	43	43	
9653469	12087	47	31	31	43	51	31	35	35	31	35	35	35	
9665550	12081	39	39	35	31	43	35	31	47	31	39	39	31	
9677632	12082	39	39	39	35	39	31	47	31	35	39	35	31	
9689712	12080	35	31	51	35	39	27	35	43	51	47	35	47	
9701793	12081	43	43	51	35	39	47	39	39	35	31	43	35	
9713876	12083	39	35	43	39	35	35	47	35	39	39	51	43	
9725959	12083	43	31	43	35	35	43	35	47	47	43	39	31	
9738040	12081	39	31	27	43	39	35	43	31	43	47	31	39	
9750121	12081	47	43	35	31	51	39	43	39	35	39	39	43	
9762203	12082	35	31	35	47	39	43	43	35	43	43	43	39	
9774284	12081	39	31	39	39	43	35	43	47	39	39	39	39	
9786361	12077	35	39	47	39	35	35	55	47	39	43	43	31	
9798443	12082	31	31	43	51	31	35	35	31	35	35	35	55	
9810523	12080	39	35	31	43	35	31	47	31	39	39	31	35	
9822607	12084	39	39	35	39	31	47	31	35	39	35	31	39	
9834690	12083	31	51	35	39	27	35	43	51	47	35	47	35	
9846771	12081	43	51	35	39	47	39	39	35	31	43	35	39	
9858854	12083	35	43	39	35	35	47	35	39	39	51	43	35	
9870936	12082	31	43	35	35	43	35	47	47	43	39	31	31	
9883019	12083	31	27	43	39	35	43	31	43	47	31	39	47	
9895100	12081	43	35	31	51	39	43	39	35	39	39	43	43	
9907183	12083	31	35	47	39	43	43	35	43	43	43	39	43	
9919263	12080	31	39	39	43	35	43	47	39	39	39	39	47	
9931344	12081	39	47	39	35	35	55	47	39	43	43	31	39	
9943423	12079	31	43	51	31	35	35	31	35	35	35	55	31	
9955505	12082	35	31	43	35	31	47	31	39	39	31	35	47	
9967586	12081	39	35	39	31	47	31	35	39	35	31	39	35	
9979672	12086	51	35	39	27	35	43	51	47	35	47	35	47	
9991754	12082	51	35	39	47	39	39	35	31	43	35	39	47	
10003837	12083	43	39	35	35	47	35	39	39	51	43	35	47	
10015917	12080	43	35	35	43	35	47	47	43	39	31	31	47	
10027999	12082	27	43	39	35	43	31	43	47	31	39	47	39	
10040082	12083	35	31	51	39	43	39	35	39	39	43	43	35	
10052163	12081	35	47	39	43	43	35	43	43	43	39	43	39	
10064246	12083	39	39	43	35	43	47	39	39	39	39	47	39	
10076325	12079	47	39	35	35	55	47	39	43	43	31	39	39	
10088406	12081	43	51	31	35	35	31	35	35	35	55	31	31	
10100487	12081	31	43	35	31	47	31	39	39	31	35	47	35	
10112565	12078	35	39	31	47	31	35	39	35	31	39	35	35	
10124646	12081	35	39	27	35	43	51	47	35	47	35	47	35	
10136730	12084	35	39	47	39	39	35	31	43	35	39	47	43	
10148815	12085	39	35	35	47	35	39	39	51	43	35	47	43	
10160898	12083	35	35	43	35	47	47	43	39	31	31	47	39	
10172980	12082	43	39	35	43	31	43	47	31	39	47	39	31	
10185062	12082	31	51	39	43	39	35	39	39	43	43	35	43	
10197144	12082	47	39	43	43	35	43	43	43	39	43	39	43	
10209230	12086	39	43	35	43	47	39	39	39	39	47	39	35	
10221310	12080	39	35	35	55	47	39	43	43	31	39	39	39	
10233393	12083	51	31	35	35	31	35	35	35	55	31	31	31	
10245480	12087	43	35	31	47	31	39	39	31	35	47	35	39	
10257560	12080	39	31	47	31	35	39	35	31	39	35	35	35	
10269645	12085	39	27	35	43	51	47	35	47	35	47	35	39	
10281725	12080	39	47	39	39	35	31	43	35	39	47	43	47	
10293809	12084	35	35	47	35	39	39	51	43	35	47	43	35	
10305892	12083	35	43	35	47	47	43	39	31	31	47	39	47	
10317975	12083	39	35	43	31	43	47	31	39	47	39	31	43	
10330056	12081	51	39	43	39	35	39	39	43	43	35	43	43	
10342138	12082	39	43	43	35	43	43	43	39	43	39	43	43	
10354220	12082	43	35	43	47	39	39	39	39	47	39	35	35	
10366303	12083	35	35	55	47	39	43	43	31	39	39	39	43	
10378382	12079	31	35	35	31	35	35	35	55	31	31	31	35	
10390469	12087	35	31	47	31	39	39	31	35	47	35	39	39	
10402550	12081	31	47	31	35	39	35	31	39	35	35	35	39	
10414632	12082	27	35	43	51	47	35	47	35	47	35	39	51	
10426712	12080	47	39	39	35	31	43	35	39	47	43	47	35	
10438793	12081	35	47	35	39	39	51	43	35	47	43	35	27	
10450876	12083	43	35	47	47	43	39	31	31	47	39	47	35	
10462959	12083	35	43	31	43	47	31	39	47	39	31	43	43	
10475040	12081	39	43	39	35	39	39	43	43	35	43	43	47	
10487121	12081	43	43	35	43	43	43	39	43	39	43	43	47	
10499203	12082	35	43	47	39	39	39	39	47	39	35	35	35	
10511284	12081	35	55	47	39	43	43	31	39	39	39	43	47	
10523361	12077	35	35	31	35	35	35	55	31	31	31	35	35	
10535443	12082	31	47	31	39	39	31	35	47	35	39	39	31	
10547523	12080	47	31	35	39	35	31	39	35	35	35	39	31	
10559607	12084	35	43	51	47	35	47	35	47	35	39	51	47	
10571690	12083	39	39	35	31	43	35	39	47	43	47	35	39	
10583771	12081	47	35	39	39	51	43	35	47	43	35	27	39	
10595854	12083	35	47	47	43	39	31	31	47	39	47	35	31	
10607936	12082	43	31	43	47	31	39	47	39	31	43	43	43	
10620019	12083	43	39	35	39	39	43	43	35	43	43	47	35	
10632100	12081	43	35	43	43	43	39	43	39	43	43	47	39	
10644183	12083	43	47	39	39	39	39	47	39	35	35	35	47	
10656263	12080	55	47	39	43	43	31	39	39	39	43	47	31	
10668344	12081	35	31	35	35	35	55	31	31	31	35	35	35	
10680423	12079	47	31	39	39	31	35	47	35	39	39	31	39	
10692505	12082	31	35	39	35	31	39	35	35	35	39	31	31	
10704586	12081	43	51	47	35	47	35	47	35	39	51	47	47	
10716672	12086	39	35	31	43	35	39	47	43	47	35	39	43	
10728754	12082	35	39	39	51	43	35	47	43	35	27	39	35	
10740837	12083	47	47	43	39	31	31	47	39	47	35	31	39	
10752917	12080	31	43	47	31	39	47	39	31	43	43	43	35	
10764999	12082	39	35	39	39	43	43	35	43	43	47	35	39	
10777082	12083	35	43	43	43	39	43	39	43	43	47	39	-26	
10789163	12081	47	39	39	39	39	47	39	35	35	35	47	-30	
10801246	12083	47	39	43	43	31	39	39	39	43	47	31	-19	
10813325	12079	31	35	35	35	55	31	31	31	35	35	35	-22	
10825406	12081	31	39	39	31	35	47	35	39	39	31	39	-22	
10837487	12081	35	39	35	31	39	35	35	35	39	31	31	-26	
10849565	12078	51	47	35	47	35	47	35	39	51	47	47	-19	
10861646	12081	35	31	43	35	39	47	43	47	35	39	43	-22	
10873730	12084	39	39	51	43	35	47	43	35	27	39	35	-22	
10885815	12085	47	43	39	31	31	47	39	47	35	31	39	-22	
10897898	12083	43	47	31	39	47	39	31	43	43	43	35	-15	
10909980	12082	35	39	39	43	43	35	43	43	47	35	39	-15	
10922062	12082	43	43	43	39	43	39	43	43	47	39	-26	959	
10934144	12082	39	39	39	39	47	39	35	35	35	47	-30	963	
10946230	12086	39	43	43	31	39	39	39	43	47	31	-19	948	
10958310	12080	35	35	35	55	31	31	31	35	35	35	-22	967	
10970393	12083	39	39	31	35	47	35	39	39	31	39	-22	971	
10982480	12087	39	35	31	39	35	35	35	39	31	31	-26	952	
10994560	12080	47	35	47	35	47	35	39	51	47	47	-19	952	
11006645	12085	31	43	35	39	47	43	47	35	39	43	-22	967	
11018725	12080	39	51	43	35	47	43	35	27	39	35	-22	952	
11030809	12084	43	39	31	31	47	39	47	35	31	39	-22	975	
11042892	12083	47	31	39	47	39	31	43	43	43	35	-15	959	
11054975	12083	39	39	43	43	35	43	43	47	35	39	-15	967	
11067056	12081	43	43	39	43	39	43	43	47	39	-26	959	5	
11079138	12082	39	39	39	47	39	35	35	35	47	-30	963	5	
11091220	12082	43	43	31	39	39	39	43	47	31	-19	948	5	
11103303	12083	35	35	55	31	31	31	35	35	35	-22	967	6	
11115382	12079	39	31	35	47	35	39	39	31	39	-22	971	6	
11127469	12087	35	31	39	35	35	35	39	31	31	-26	952	5	
11139550	12081	35	47	35	47	35	39	51	47	47	-19	952	6	
11151632	12082	43	35	39	47	43	47	35	39	43	-22	967	6	
11163712	12080	51	43	35	47	43	35	27	39	35	-22	952	5	
11175793	12081	39	31	31	47	39	47	35	31	39	-22	975	5	
11187876	12083	31	39	47	39	31	43	43	43	35	-15	959	4	
11199959	12083	39	43	43	35	43	43	47	35	39	-15	967	4	
11212040	12081	43	39	43	39	43	43	47	39	-26	959	5	-14	
11224121	12081	39	39	47	39	35	35	35	47	-30	963	5	-13	
11236203	12082	43	31	39	39	39	43	47	31	-19	948	5	-13	
11248284	12081	35	55	31	31	31	35	35	35	-22	967	6	-13	
11260361	12077	31	35	47	35	39	39	31	39	-22	971	6	-13	
11272443	12082	31	39	35	35	35	39	31	31	-26	952	5	-14	
11284523	12080	47	35	47	35	39	51	47	47	-19	952	6	-13	
11296607	12084	35	39	47	43	47	35	39	43	-22	967	6	-13	
11308690	12083	43	35	47	43	35	27	39	35	-22	952	5	-15	
11320771	12081	31	31	47	39	47	35	31	39	-22	975	5	-15	
11332854	12083	39	47	39	31	43	43	43	35	-15	959	4	-15	
11344936	12082	43	43	35	43	43	47	35	39	-15	967	4	-15	
11357019	12083	39	43	39	43	43	47	39	-26	959	5	-14	1033	
11369100	12081	39	47	39	35	35	35	47	-30	963	5	-13	1033	
11381183	12083	31	39	39	39	43	47	31	-19	948	5	-13	1031	
11393263	12080	55	31	31	31	35	35	35	-22	967	6	-13	1031	
11405344	12081	35	47	35	39	39	31	39	-22	971	6	-13	1032	
11417423	12079	39	35	35	35	39	31	31	-26	952	5	-14	1032	
11429505	12082	35	47	35	39	51	47	47	-19	952	6	-13	1032	
11441586	12081	39	47	43	47	35	39	43	-22	967	6	-13	1033	
11453672	12086	35	47	43	35	27	39	35	-22	952	5	-15	1031	
11465754	12082	31	47	39	47	35	31	39	-22	975	5	-15	1031	
11477837	12083	47	39	31	43	43	43	35	-15	959	4	-15	1033	
11489917	12080	43	35	43	43	47	35	39	-15	967	4	-15	1033	
11501999	12082	43	39	43	43	47	39	-26	959	5	-14	1033	298	
11514082	12083	47	39	35	35	35	47	-30	963	5	-13	1033	298	
11526163	12081	39	39	39	43	47	31	-19	948	5	-13	1031	298	
11538246	12083	31	31	31	35	35	35	-22	967	6	-13	1031	297	
11550325	12079	47	35	39	39	31	39	-22	971	6	-13	1032	298	
11562406	12081	35	35	35	39	31	31	-26	952	5	-14	1032	295	
11574487	12081	47	35	39	51	47	47	-19	952	6	-13	1032	292	
11586565	12078	47	43	47	35	39	43	-22	967	6	-13	1033	294	
11598646	12081	47	43	35	27	39	35	-22	952	5	-15	1031	291	
11610730	12084	47	39	47	35	31	39	-22	975	5	-15	1031	301	
11622815	12085	39	31	43	43	43	35	-15	959	4	-15	1033	297	
11634898	12083	35	43	43	47	35	39	-15	967	4	-15	1033	292	
11646980	12082	39	43	43	47	39	-26	959	5	-14	1033	298	-480	
11659062	12082	39	35	35	35	47	-30	963	5	-13	1033	298	-471	
11671144	12082	39	39	43	47	31	-19	948	5	-13	1031	298	-480	
11683230	12086	31	31	35	35	35	-22	967	6	-13	1031	297	-471	
11695310	12080	35	39	39	31	39	-22	971	6	-13	1032	298	-475	
11707393	12083	35	35	39	31	31	-26	952	5	-14	1032	295	-472	
11719480	12087	35	39	51	47	47	-19	952	6	-13	1032	292	-471	
11731560	12080	43	47	35	39	43	-22	967	6	-13	1033	294	-483	
11743645	12085	43	35	27	39	35	-22	952	5	-15	1031	291	-471	
11755725	12080	39	47	35	31	39	-22	975	5	-15	1031	301	-471	
11767809	12084	31	43	43	43	35	-15	959	4	-15	1033	297	-469	
11779892	12083	43	43	47	35	39	-15	967	4	-15	1033	292	-477	
11791975	12083	43	43	47	39	-26	959	5	-14	1033	298	-480	-456	
11804056	12081	35	35	35	47	-30	963	5	-13	1033	298	-471	-460	
11816138	12082	39	43	47	31	-19	948	5	-13	1031	298	-480	-459	
11828220	12082	31	35	35	35	-22	967	6	-13	1031	297	-471	-466	
11840303	12083	39	39	31	39	-22	971	6	-13	1032	298	-475	-459	
11852382	12079	35	39	31	31	-26	952	5	-14	1032	295	-472	-454	
11864469	12087	39	51	47	47	-19	952	6	-13	1032	292	-471	-454	
11876550	12081	47	35	39	43	-22	967	6	-13	1033	294	-483	-463	
11888632	12082	35	27	39	35	-22	952	5	-15	1031	291	-471	-460	
11900712	12080	47	35	31	39	-22	975	5	-15	1031	301	-471	-456	
11912793	12081	43	43	43	35	-15	959	4	-15	1033	297	-469	-459	
11924876	12083	43	47	35	39	-15	967	4	-15	1033	292	-477	-456	
11936959	12083	43	47	39	-26	959	5	-14	1033	298	-480	-456	-280	
11949040	12081	35	35	47	-30	963	5	-13	1033	298	-471	-460	-210	
11961121	12081	43	47	31	-19	948	5	-13	1031	298	-480	-459	-210	
11973203	12082	35	35	35	-22	967	6	-13	1031	297	-471	-466	-210	
11985284	12081	39	31	39	-22	971	6	-13	1032	298	-475	-459	-210	
11997361	12077	39	31	31	-26	952	5	-14	1032	295	-472	-454	-280	
12009443	12082	51	47	47	-19	952	6	-13	1032	292	-471	-454	-210	
12021523	12080	35	39	43	-22	967	6	-13	1033	294	-483	-463	-210	
12033607	12084	27	39	35	-22	952	5	-15	1031	291	-471	-460	-210	
12045690	12083	35	31	39	-22	975	5	-15	1031	301	-471	-456	-280	
12057771	12081	43	43	35	-15	959	4	-15	1033	297	-469	-459	-210	
12069854	12083	47	35	39	-15	967	4	-15	1033	292	-477	-456	-210	
12081936	12082	47	39	-26	959	5	-14	1033	298	-480	-456	-280	-2100	
12094019	12083	35	47	-30	963	5	-13	1033	298	-471	-460	-210	-2100	
12106100	12081	47	31	-19	948	5	-13	1031	298	-480	-459	-210	-2100	
12118183	12083	35	35	-22	967	6	-13	1031	297	-471	-466	-210	-2030	
12130263	12080	31	39	-22	971	6	-13	1032	298	-475	-459	-210	-2170	
12142344	12081	31	31	-26	952	5	-14	1032	295	-472	-454	-280	-2100	
12154423	12079	47	47	-19	952	6	-13	1032	292	-471	-454	-210	-2100	
12166505	12082	39	43	-22	967	6	-13	1033	294	-483	-463	-210	-2100	
12178586	12081	39	35	-22	952	5	-15	1031	291	-471	-460	-210	-2100	
12190672	12086	31	39	-22	975	5	-15	1031	301	-471	-456	-280	-2100	
12202754	12082	43	35	-15	959	4	-15	1033	297	-469	-459	-210	-2100	
12214837	12083	35	39	-15	967	4	-15	1033	292	-477	-456	-210	-2100	
12226917	12080	39	-26	959	5	-14	1033	298	-480	-456	-280	-2100	-770	
12238999	12082	47	-30	963	5	-13	1033	298	-471	-460	-210	-2100	-770	
12251082	12083	31	-19	948	5	-13	1031	298	-480	-459	-210	-2100	-770	
12263163	12081	35	-22	967	6	-13	1031	297	-471	-466	-210	-2030	-770	
12275246	12083	39	-22	971	6	-13	1032	298	-475	-459	-210	-2170	-770	
12287325	12079	31	-26	952	5	-14	1032	295	-472	-454	-280	-2100	-770	
12299406	12081	47	-19	952	6	-13	1032	292	-471	-454	-210	-2100	-770	
12311487	12081	43	-22	967	6	-13	1033	294	-483	-463	-210	-2100	-700	
12323565	12078	35	-22	952	5	-15	1031	291	-471	-460	-210	-2100	-770	
12335646	12081	39	-22	975	5	-15	1031	301	-471	-456	-280	-2100	-770	
12347730	12084	35	-15	959	4	-15	1033	297	-469	-459	-210	-2100	-770	
12359815	12085	39	-15	967	4	-15	1033	292	-477	-456	-210	-2100	-700	
