3	0	-237	43	55	39	39	43	43	51	20	66	8	222	
12081	12078	-100	47	43	47	27	47	27	27	35	35	-186	31	
24162	12081	51	27	55	27	39	31	31	27	-15	121	0	74	
36245	12083	51	39	43	47	39	43	51	23	4	121	-3	-15	
48325	12080	82	35	47	51	55	43	39	62	78	55	78	176	
60408	12083	16	47	43	43	47	47	39	62	176	8	-136	117	
72490	12082	35	47	31	55	43	35	43	16	82	-124	117	-97	
84572	12082	43	51	39	31	39	39	31	98	94	12	98	-15	
96653	12081	20	47	31	27	51	47	39	27	47	66	-178	-22	
108736	12083	51	31	47	39	43	31	39	51	105	0	-81	152	
120821	12085	39	43	35	31	35	39	55	51	-30	144	285	-42	
132903	12082	39	47	47	47	39	51	59	101	-22	296	203	218	
144987	12084	43	55	39	39	43	43	51	20	66	8	222	-97	
157066	12079	47	43	47	27	47	27	27	35	35	-186	31	98	
169147	12081	27	55	27	39	31	31	27	-15	121	0	74	66	
181231	12084	39	43	47	39	43	51	23	4	121	-3	-15	359	
193311	12080	35	47	51	55	43	39	62	78	55	78	176	261	
205394	12083	47	43	43	47	47	39	62	176	8	-136	117	90	
217476	12082	47	31	55	43	35	43	16	82	-124	117	-97	-3	
229561	12085	51	39	31	39	39	31	98	94	12	98	-15	8	
241645	12084	47	31	27	51	47	39	27	47	66	-178	-22	62	
253725	12080	31	47	39	43	31	39	51	105	0	-81	152	16	
265808	12083	43	35	31	35	39	55	51	-30	144	285	-42	-34	
277891	12083	47	47	47	39	51	59	101	-22	296	203	218	-225	
289974	12083	55	39	39	43	43	51	20	66	8	222	-97	417	
302055	12081	43	47	27	47	27	27	35	35	-186	31	98	-241	
314137	12082	55	27	39	31	31	27	-15	121	0	74	66	62	
326219	12082	43	47	39	43	51	23	4	121	-3	-15	359	-26	
338302	12083	47	51	55	43	39	62	78	55	78	176	261	20	
350381	12079	43	43	47	47	39	62	176	8	-136	117	90	70	
362468	12087	31	55	43	35	43	16	82	-124	117	-97	-3	-198	
374549	12081	39	31	39	39	31	98	94	12	98	-15	8	109	
386631	12082	31	27	51	47	39	27	47	66	-178	-22	62	-112	
398711	12080	47	39	43	31	39	51	105	0	-81	152	16	35	
410792	12081	35	31	35	39	55	51	-30	144	285	-42	-34	230	
422875	12083	47	47	39	51	59	101	-22	296	203	218	-225	-237	
434958	12083	39	39	43	43	51	20	66	8	222	-97	417	242	
447039	12081	47	27	47	27	27	35	35	-186	31	98	-241	137	
459120	12081	27	39	31	31	27	-15	121	0	74	66	62	269	
471202	12082	47	39	43	51	23	4	121	-3	-15	359	-26	191	
483283	12081	51	55	43	39	62	78	55	78	176	261	20	101	
495360	12077	43	47	47	39	62	176	8	-136	117	90	70	20	
507442	12082	55	43	35	43	16	82	-124	117	-97	-3	-198	23	
519522	12080	31	39	39	31	98	94	12	98	-15	8	109	86	
531606	12084	27	51	47	39	27	47	66	-178	-22	62	-112	78	
543689	12083	39	43	31	39	51	105	0	-81	152	16	35	-65	
555770	12081	31	35	39	55	51	-30	144	285	-42	-34	230	55	
567853	12083	47	39	51	59	101	-22	296	203	218	-225	-237	129	
579935	12082	39	43	43	51	20	66	8	222	-97	417	242	117	
592018	12083	27	47	27	27	35	35	-186	31	98	-241	137	31	
604099	12081	39	31	31	27	-15	121	0	74	66	62	269	12	
616182	12083	39	43	51	23	4	121	-3	-15	359	-26	191	-260	
628262	12080	55	43	39	62	78	55	78	176	261	20	101	308	
640343	12081	47	47	39	62	176	8	-136	117	90	70	20	117	
652422	12079	43	35	43	16	82	-124	117	-97	-3	-198	23	117	
664504	12082	39	39	31	98	94	12	98	-15	8	109	86	55	
676585	12081	51	47	39	27	47	66	-178	-22	62	-112	78	-22	
688671	12086	43	31	39	51	105	0	-81	152	16	35	-65	4	
700753	12082	35	39	55	51	-30	144	285	-42	-34	230	55	-19	
712836	12083	39	51	59	101	-22	296	203	218	-225	-237	129	51	
724916	12080	43	43	51	20	66	8	222	-97	417	242	117	-77	
736998	12082	47	27	27	35	35	-186	31	98	-241	137	31	281	
749081	12083	31	31	27	-15	121	0	74	66	62	269	12	312	
761162	12081	43	51	23	4	121	-3	-15	359	-26	191	-260	-370	
773245	12083	43	39	62	78	55	78	176	261	20	101	308	-256	
785324	12079	47	39	62	176	8	-136	117	90	70	20	117	0	
797405	12081	35	43	16	82	-124	117	-97	-3	-198	23	117	31	
809486	12081	39	31	98	94	12	98	-15	8	109	86	55	98	
821564	12078	47	39	27	47	66	-178	-22	62	-112	78	-22	47	
833645	12081	31	39	51	105	0	-81	152	16	35	-65	4	234	
845729	12084	39	55	51	-30	144	285	-42	-34	230	55	-19	0	
857814	12085	51	59	101	-22	296	203	218	-225	-237	129	51	-151	
869897	12083	43	51	20	66	8	222	-97	417	242	117	-77	234	
881979	12082	27	27	35	35	-186	31	98	-241	137	31	281	-19	
894061	12082	31	27	-15	121	0	74	66	62	269	12	312	195	
906143	12082	51	23	4	121	-3	-15	359	-26	191	-260	-370	386	
918229	12086	39	62	78	55	78	176	261	20	101	308	-256	156	
930309	12080	39	62	176	8	-136	117	90	70	20	117	0	74	
942392	12083	43	16	82	-124	117	-97	-3	-198	23	117	31	246	
954479	12087	31	98	94	12	98	-15	8	109	86	55	98	456	
966559	12080	39	27	47	66	-178	-22	62	-112	78	-22	47	351	
978644	12085	39	51	105	0	-81	152	16	35	-65	4	234	-596	
990724	12080	55	51	-30	144	285	-42	-34	230	55	-19	0	534	
1002808	12084	59	101	-22	296	203	218	-225	-237	129	51	-151	-3	
1014891	12083	51	20	66	8	222	-97	417	242	117	-77	234	55	
1026974	12083	27	35	35	-186	31	98	-241	137	31	281	-19	-147	
1039055	12081	27	-15	121	0	74	66	62	269	12	312	195	66	
1051137	12082	23	4	121	-3	-15	359	-26	191	-260	-370	386	-58	
1063219	12082	62	78	55	78	176	261	20	101	308	-256	156	-256	
1075302	12083	62	176	8	-136	117	90	70	20	117	0	74	-26	
1087383	12081	16	82	-124	117	-97	-3	-198	23	117	31	246	78	
1099464	12081	98	94	12	98	-15	8	109	86	55	98	456	-533	
1111547	12083	27	47	66	-178	-22	62	-112	78	-22	47	351	242	
1123631	12084	51	105	0	-81	152	16	35	-65	4	234	-596	-116	
1135714	12083	51	-30	144	285	-42	-34	230	55	-19	0	534	82	
1147794	12080	101	-22	296	203	218	-225	-237	129	51	-151	-3	-11	
1159877	12083	20	66	8	222	-97	417	242	117	-77	234	55	-260	
1171960	12083	35	35	-186	31	98	-241	137	31	281	-19	-147	-89	
1184042	12082	-15	121	0	74	66	62	269	12	312	195	66	-210	
1196124	12082	4	121	-3	-15	359	-26	191	-260	-370	386	-58	-221	
1208206	12082	78	55	78	176	261	20	101	308	-256	156	-256	-116	
1220287	12081	176	8	-136	117	90	70	20	117	0	74	-26	238	
1232365	12078	82	-124	117	-97	-3	-198	23	117	31	246	78	-89	
1244449	12084	94	12	98	-15	8	109	86	55	98	456	-533	207	
1256529	12080	47	66	-178	-22	62	-112	78	-22	47	351	242	-50	
1268613	12084	105	0	-81	152	16	35	-65	4	234	-596	-116	101	
1280694	12081	-30	144	285	-42	-34	230	55	-19	0	534	82	254	
1292774	12080	-22	296	203	218	-225	-237	129	51	-151	-3	-11	152	
1304855	12081	66	8	222	-97	417	242	117	-77	234	55	-260	-11	
1316937	12082	35	-186	31	98	-241	137	31	281	-19	-147	-89	51	
1329023	12086	121	0	74	66	62	269	12	312	195	66	-210	137	
1341101	12078	121	-3	-15	359	-26	191	-260	-370	386	-58	-221	148	
1353182	12081	55	78	176	261	20	101	308	-256	156	-256	-116	20	
1365263	12081	8	-136	117	90	70	20	117	0	74	-26	238	-34	
1377340	12077	-124	117	-97	-3	-198	23	117	31	246	78	-89	109	
1389421	12081	12	98	-15	8	109	86	55	98	456	-533	207	39	
1401504	12083	66	-178	-22	62	-112	78	-22	47	351	242	-50	113	
1413588	12084	0	-81	152	16	35	-65	4	234	-596	-116	101	-128	
1425670	12082	144	285	-42	-34	230	55	-19	0	534	82	254	62	
1437749	12079	296	203	218	-225	-237	129	51	-151	-3	-11	152	-256	
1449831	12082	8	222	-97	417	242	117	-77	234	55	-260	-11	187	
1461915	12084	-186	31	98	-241	137	31	281	-19	-147	-89	51	-409	
1473994	12079	0	74	66	62	269	12	312	195	66	-210	137	62	
1486081	12087	-3	-15	359	-26	191	-260	-370	386	-58	-221	148	51	
1498162	12081	78	176	261	20	101	308	-256	156	-256	-116	20	628	
1510245	12083	-136	117	90	70	20	117	0	74	-26	238	-34	-155	
1522324	12079	117	-97	-3	-198	23	117	31	246	78	-89	109	4	
1534406	12082	98	-15	8	109	86	55	98	456	-533	207	39	-206	
1546488	12082	-178	-22	62	-112	78	-22	47	351	242	-50	113	70	
1558568	12080	-81	152	16	35	-65	4	234	-596	-116	101	-128	-276	
1570650	12082	285	-42	-34	230	55	-19	0	534	82	254	62	367	
1582734	12084	203	218	-225	-237	129	51	-151	-3	-11	152	-256	-15	
1594815	12081	222	-97	417	242	117	-77	234	55	-260	-11	187	234	
1606896	12081	31	98	-241	137	31	281	-19	-147	-89	51	-409	293	
1618977	12081	74	66	62	269	12	312	195	66	-210	137	62	-7	
1631060	12083	-15	359	-26	191	-260	-370	386	-58	-221	148	51	8	
1643141	12081	176	261	20	101	308	-256	156	-256	-116	20	628	230	
1655225	12084	117	90	70	20	117	0	74	-26	238	-34	-155	55	
1667306	12081	-97	-3	-198	23	117	31	246	78	-89	109	4	-311	
1679387	12081	-15	8	109	86	55	98	456	-533	207	39	-206	238	
1691467	12080	-22	62	-112	78	-22	47	351	242	-50	113	70	-225	
1703548	12081	152	16	35	-65	4	234	-596	-116	101	-128	-276	-50	
1715632	12084	-42	-34	230	55	-19	0	534	82	254	62	367	-97	
1727715	12083	218	-225	-237	129	51	-151	-3	-11	152	-256	-15	203	
1739797	12082	-97	417	242	117	-77	234	55	-260	-11	187	234	27	
1751881	12084	98	-241	137	31	281	-19	-147	-89	51	-409	293	-448	
1763962	12081	66	62	269	12	312	195	66	-210	137	62	-7	413	
1776043	12081	359	-26	191	-260	-370	386	-58	-221	148	51	8	-116	
1788127	12084	261	20	101	308	-256	156	-256	-116	20	628	230	-276	
1800211	12084	90	70	20	117	0	74	-26	238	-34	-155	55	296	
1812293	12082	-3	-198	23	117	31	246	78	-89	109	4	-311	62	
1824373	12080	8	109	86	55	98	456	-533	207	39	-206	238	-159	
1836453	12080	62	-112	78	-22	47	351	242	-50	113	70	-225	-38	
1848535	12082	16	35	-65	4	234	-596	-116	101	-128	-276	-50	-65	
1860620	12085	-34	230	55	-19	0	534	82	254	62	367	-97	31	
1872702	12082	-225	-237	129	51	-151	-3	-11	152	-256	-15	203	86	
1884783	12081	417	242	117	-77	234	55	-260	-11	187	234	27	144	
1896864	12081	-241	137	31	281	-19	-147	-89	51	-409	293	-448	371	
1908947	12083	62	269	12	312	195	66	-210	137	62	-7	413	-85	
1921031	12084	-26	191	-260	-370	386	-58	-221	148	51	8	-116	-89	
1933112	12081	20	101	308	-256	156	-256	-116	20	628	230	-276	-190	
1945190	12078	70	20	117	0	74	-26	238	-34	-155	55	296	-225	
1957273	12083	-198	23	117	31	246	78	-89	109	4	-311	62	23	
1969352	12079	109	86	55	98	456	-533	207	39	-206	238	-159	121	
1981437	12085	-112	78	-22	47	351	242	-50	113	70	-225	-38	359	
1993517	12080	35	-65	4	234	-596	-116	101	-128	-276	-50	-65	195	
2005600	12083	230	55	-19	0	534	82	254	62	367	-97	31	-124	
2017680	12080	-237	129	51	-151	-3	-11	152	-256	-15	203	86	66	
2029763	12083	242	117	-77	234	55	-260	-11	187	234	27	144	234	
2041846	12083	137	31	281	-19	-147	-89	51	-409	293	-448	371	-245	
2053928	12082	269	12	312	195	66	-210	137	62	-7	413	-85	261	
2066011	12083	191	-260	-370	386	-58	-221	148	51	8	-116	-89	90	
2078094	12083	101	308	-256	156	-256	-116	20	628	230	-276	-190	-264	
2090175	12081	20	117	0	74	-26	238	-34	-155	55	296	-225	43	
2102260	12085	23	117	31	246	78	-89	109	4	-311	62	23	137	
2114339	12079	86	55	98	456	-533	207	39	-206	238	-159	121	59	
2126420	12081	78	-22	47	351	242	-50	113	70	-225	-38	359	125	
2138503	12083	-65	4	234	-596	-116	101	-128	-276	-50	-65	195	437	
2150585	12082	55	-19	0	534	82	254	62	367	-97	31	-124	-182	
2162670	12085	129	51	-151	-3	-11	152	-256	-15	203	86	66	488	
2174753	12083	117	-77	234	55	-260	-11	187	234	27	144	234	449	
2186834	12081	31	281	-19	-147	-89	51	-409	293	-448	371	-245	-81	
2198917	12083	12	312	195	66	-210	137	62	-7	413	-85	261	-85	
2210998	12081	-260	-370	386	-58	-221	148	51	8	-116	-89	90	59	
2223078	12080	308	-256	156	-256	-116	20	628	230	-276	-190	-264	-210	
2235158	12080	117	0	74	-26	238	-34	-155	55	296	-225	43	386	
2247240	12082	117	31	246	78	-89	109	4	-311	62	23	137	78	
2259321	12081	55	98	456	-533	207	39	-206	238	-159	121	59	215	
2271397	12076	-22	47	351	242	-50	113	70	-225	-38	359	125	-186	
2283482	12085	4	234	-596	-116	101	-128	-276	-50	-65	195	437	160	
2295565	12083	-19	0	534	82	254	62	367	-97	31	-124	-182	-120	
2307648	12083	51	-151	-3	-11	152	-256	-15	203	86	66	488	-50	
2319732	12084	-77	234	55	-260	-11	187	234	27	144	234	449	-54	
2331814	12082	281	-19	-147	-89	51	-409	293	-448	371	-245	-81	86	
2343896	12082	312	195	66	-210	137	62	-7	413	-85	261	-85	-155	
2355977	12081	-370	386	-58	-221	148	51	8	-116	-89	90	59	566	
2368058	12081	-256	156	-256	-116	20	628	230	-276	-190	-264	-210	74	
2380141	12083	0	74	-26	238	-34	-155	55	296	-225	43	386	-178	
2392221	12080	31	246	78	-89	109	4	-311	62	23	137	78	-11	
2404305	12084	98	456	-533	207	39	-206	238	-159	121	59	215	-89	
2416386	12081	47	351	242	-50	113	70	-225	-38	359	125	-186	-46	
2428468	12082	234	-596	-116	101	-128	-276	-50	-65	195	437	160	82	
2440549	12081	0	534	82	254	62	367	-97	31	-124	-182	-120	183	
2452633	12084	-151	-3	-11	152	-256	-15	203	86	66	488	-50	203	
2464715	12082	234	55	-260	-11	187	234	27	144	234	449	-54	-221	
2476798	12083	-19	-147	-89	51	-409	293	-448	371	-245	-81	86	160	
2488881	12083	195	66	-210	137	62	-7	413	-85	261	-85	-155	-69	
2500964	12083	386	-58	-221	148	51	8	-116	-89	90	59	566	367	
2513050	12086	156	-256	-116	20	628	230	-276	-190	-264	-210	74	23	
2525130	12080	74	-26	238	-34	-155	55	296	-225	43	386	-178	-81	
2537210	12080	246	78	-89	109	4	-311	62	23	137	78	-11	-190	
2549291	12081	456	-533	207	39	-206	238	-159	121	59	215	-89	70	
2561373	12082	351	242	-50	113	70	-225	-38	359	125	-186	-46	-147	
2573457	12084	-596	-116	101	-128	-276	-50	-65	195	437	160	82	20	
2585540	12083	534	82	254	62	367	-97	31	-124	-182	-120	183	-93	
2597622	12082	-3	-11	152	-256	-15	203	86	66	488	-50	203	86	
2609706	12084	55	-260	-11	187	234	27	144	234	449	-54	-221	8	
2621788	12082	-147	-89	51	-409	293	-448	371	-245	-81	86	160	-50	
2633870	12082	66	-210	137	62	-7	413	-85	261	-85	-155	-69	-186	
2645951	12081	-58	-221	148	51	8	-116	-89	90	59	566	367	31	
2658033	12082	-256	-116	20	628	230	-276	-190	-264	-210	74	23	59	
2670114	12081	-26	238	-34	-155	55	296	-225	43	386	-178	-81	51	
2682195	12081	78	-89	109	4	-311	62	23	137	78	-11	-190	-132	
2694278	12083	-533	207	39	-206	238	-159	121	59	215	-89	70	0	
2706357	12079	242	-50	113	70	-225	-38	359	125	-186	-46	-147	140	
2718440	12083	-116	101	-128	-276	-50	-65	195	437	160	82	20	140	
2730524	12084	82	254	62	367	-97	31	-124	-182	-120	183	-93	31	
2742608	12084	-11	152	-256	-15	203	86	66	488	-50	203	86	43	
2754690	12082	-260	-11	187	234	27	144	234	449	-54	-221	8	137	
2766770	12080	-89	51	-409	293	-448	371	-245	-81	86	160	-50	59	
2778853	12083	-210	137	62	-7	413	-85	261	-85	-155	-69	-186	-34	
2790934	12081	-221	148	51	8	-116	-89	90	59	566	367	31	246	
2803016	12082	-116	20	628	230	-276	-190	-264	-210	74	23	59	-69	
2815099	12083	238	-34	-155	55	296	-225	43	386	-178	-81	51	109	
2827180	12081	-89	109	4	-311	62	23	137	78	-11	-190	-132	-97	
2839261	12081	207	39	-206	238	-159	121	59	215	-89	70	0	-245	
2851343	12082	-50	113	70	-225	-38	359	125	-186	-46	-147	140	-73	
2863424	12081	101	-128	-276	-50	-65	195	437	160	82	20	140	-225	
2875504	12080	254	62	367	-97	31	-124	-182	-120	183	-93	31	-89	
2887587	12083	152	-256	-15	203	86	66	488	-50	203	86	43	-124	
2899671	12084	-11	187	234	27	144	234	449	-54	-221	8	137	137	
2911754	12083	51	-409	293	-448	371	-245	-81	86	160	-50	59	59	
2923836	12082	137	62	-7	413	-85	261	-85	-155	-69	-186	-34	70	
2935917	12081	148	51	8	-116	-89	90	59	566	367	31	246	51	
2947998	12081	20	628	230	-276	-190	-264	-210	74	23	59	-69	109	
2960081	12083	-34	-155	55	296	-225	43	386	-178	-81	51	109	183	
2972162	12081	109	4	-311	62	23	137	78	-11	-190	-132	-97	-214	
2984245	12083	39	-206	238	-159	121	59	215	-89	70	0	-245	86	
2996326	12081	113	70	-225	-38	359	125	-186	-46	-147	140	-73	35	
3008408	12082	-128	-276	-50	-65	195	437	160	82	20	140	-225	62	
3020488	12080	62	367	-97	31	-124	-182	-120	183	-93	31	-89	-182	
3032568	12080	-256	-15	203	86	66	488	-50	203	86	43	-124	-155	
3044650	12082	187	234	27	144	234	449	-54	-221	8	137	137	195	
3056732	12082	-409	293	-448	371	-245	-81	86	160	-50	59	59	226	
3068812	12080	62	-7	413	-85	261	-85	-155	-69	-186	-34	70	-30	
3080892	12080	51	8	-116	-89	90	59	566	367	31	246	51	98	
3092975	12083	628	230	-276	-190	-264	-210	74	23	59	-69	109	-7	
3105060	12085	-155	55	296	-225	43	386	-178	-81	51	109	183	39	
3117139	12079	4	-311	62	23	137	78	-11	-190	-132	-97	-214	355	
3129222	12083	-206	238	-159	121	59	215	-89	70	0	-245	86	-136	
3141303	12081	70	-225	-38	359	125	-186	-46	-147	140	-73	35	230	
3153385	12082	-276	-50	-65	195	437	160	82	20	140	-225	62	4	
3165471	12086	367	-97	31	-124	-182	-120	183	-93	31	-89	-182	8	
3177553	12082	-15	203	86	66	488	-50	203	86	43	-124	-155	246	
3189635	12082	234	27	144	234	449	-54	-221	8	137	137	195	-132	
3201721	12086	293	-448	371	-245	-81	86	160	-50	59	59	226	-292	
3213801	12080	-7	413	-85	261	-85	-155	-69	-186	-34	70	-30	257	
3225882	12081	8	-116	-89	90	59	566	367	31	246	51	98	238	
3237962	12080	230	-276	-190	-264	-210	74	23	59	-69	109	-7	-108	
3250045	12083	55	296	-225	43	386	-178	-81	51	109	183	39	137	
3262127	12082	-311	62	23	137	78	-11	-190	-132	-97	-214	355	20	
3274207	12080	238	-159	121	59	215	-89	70	0	-245	86	-136	-11	
3286285	12078	-225	-38	359	125	-186	-46	-147	140	-73	35	230	98	
3298367	12082	-50	-65	195	437	160	82	20	140	-225	62	4	39	
3310449	12082	-97	31	-124	-182	-120	183	-93	31	-89	-182	8	23	
3322529	12080	203	86	66	488	-50	203	86	43	-124	-155	246	-15	
3334613	12084	27	144	234	449	-54	-221	8	137	137	195	-132	66	
3346694	12081	-448	371	-245	-81	86	160	-50	59	59	226	-292	82	
3358777	12083	413	-85	261	-85	-155	-69	-186	-34	70	-30	257	-30	
3370861	12084	-116	-89	90	59	566	367	31	246	51	98	238	12	
3382945	12084	-276	-190	-264	-210	74	23	59	-69	109	-7	-108	51	
3395028	12083	296	-225	43	386	-178	-81	51	109	183	39	137	51	
3407110	12082	62	23	137	78	-11	-190	-132	-97	-214	355	20	152	
3419194	12084	-159	121	59	215	-89	70	0	-245	86	-136	-11	59	
3431275	12081	-38	359	125	-186	-46	-147	140	-73	35	230	98	31	
3443356	12081	-65	195	437	160	82	20	140	-225	62	4	39	74	
3455437	12081	31	-124	-182	-120	183	-93	31	-89	-182	8	23	55	
3467520	12083	86	66	488	-50	203	86	43	-124	-155	246	-15	35	
3479601	12081	144	234	449	-54	-221	8	137	137	195	-132	66	31	
3491684	12083	371	-245	-81	86	160	-50	59	59	226	-292	82	62	
3503767	12083	-85	261	-85	-155	-69	-186	-34	70	-30	257	-30	31	
3515851	12084	-89	90	59	566	367	31	246	51	98	238	12	55	
3527932	12081	-190	-264	-210	74	23	59	-69	109	-7	-108	51	16	
3540014	12082	-225	43	386	-178	-81	51	109	183	39	137	51	35	
3552095	12081	23	137	78	-11	-190	-132	-97	-214	355	20	152	43	
3564176	12081	121	59	215	-89	70	0	-245	86	-136	-11	59	43	
3576259	12083	359	125	-186	-46	-147	140	-73	35	230	98	31	47	
3588337	12078	195	437	160	82	20	140	-225	62	4	39	74	62	
3600416	12079	-124	-182	-120	183	-93	31	-89	-182	8	23	55	43	
3612498	12082	66	488	-50	203	86	43	-124	-155	246	-15	35	62	
3624580	12082	234	449	-54	-221	8	137	137	195	-132	66	31	47	
3636662	12082	-245	-81	86	160	-50	59	59	226	-292	82	62	8	
3648741	12079	261	-85	-155	-69	-186	-34	70	-30	257	-30	31	20	
3660825	12084	90	59	566	367	31	246	51	98	238	12	55	47	
3672907	12082	-264	-210	74	23	59	-69	109	-7	-108	51	16	55	
3684990	12083	43	386	-178	-81	51	109	183	39	137	51	35	70	
3697072	12082	137	78	-11	-190	-132	-97	-214	355	20	152	43	23	
3709152	12080	59	215	-89	70	0	-245	86	-136	-11	59	43	59	
3721232	12080	125	-186	-46	-147	140	-73	35	230	98	31	47	70	
3733311	12079	437	160	82	20	140	-225	62	4	39	74	62	51	
3745394	12083	-182	-120	183	-93	31	-89	-182	8	23	55	43	47	
3757476	12082	488	-50	203	86	43	-124	-155	246	-15	35	62	27	
3769561	12085	449	-54	-221	8	137	137	195	-132	66	31	47	-46	
3781645	12084	-81	86	160	-50	59	59	226	-292	82	62	8	66	
3793728	12083	-85	-155	-69	-186	-34	70	-30	257	-30	31	20	20	
3805812	12084	59	566	367	31	246	51	98	238	12	55	47	55	
3817896	12084	-210	74	23	59	-69	109	-7	-108	51	16	55	31	
3829976	12080	386	-178	-81	51	109	183	39	137	51	35	70	0	
3842059	12083	78	-11	-190	-132	-97	-214	355	20	152	43	23	39	
3854140	12081	215	-89	70	0	-245	86	-136	-11	59	43	59	82	
3866221	12081	-186	-46	-147	140	-73	35	230	98	31	47	70	47	
3878303	12082	160	82	20	140	-225	62	4	39	74	62	51	94	
3890386	12083	-120	183	-93	31	-89	-182	8	23	55	43	47	47	
3902468	12082	-50	203	86	43	-124	-155	246	-15	35	62	27	27	
3914547	12079	-54	-221	8	137	137	195	-132	66	31	47	-46	16	
3926631	12084	86	160	-50	59	59	226	-292	82	62	8	66	70	
3938711	12080	-155	-69	-186	-34	70	-30	257	-30	31	20	20	-15	
3950795	12084	566	367	31	246	51	98	238	12	55	47	55	94	
3962877	12082	74	23	59	-69	109	-7	-108	51	16	55	31	86	
3974960	12083	-178	-81	51	109	183	39	137	51	35	70	0	47	
3987044	12084	-11	-190	-132	-97	-214	355	20	152	43	23	39	12	
3999123	12079	-89	70	0	-245	86	-136	-11	59	43	59	82	23	
4011202	12079	-46	-147	140	-73	35	230	98	31	47	70	47	-7	
4023283	12081	82	20	140	-225	62	4	39	74	62	51	94	12	
4035360	12077	183	-93	31	-89	-182	8	23	55	43	47	47	23	
4047443	12083	203	86	43	-124	-155	246	-15	35	62	27	27	82	
4059526	12083	-221	8	137	137	195	-132	66	31	47	-46	16	43	
4071609	12083	160	-50	59	59	226	-292	82	62	8	66	70	20	
4083691	12082	-69	-186	-34	70	-30	257	-30	31	20	20	-15	-58	
4095773	12082	367	31	246	51	98	238	12	55	47	55	94	62	
4107857	12084	23	59	-69	109	-7	-108	51	16	55	31	86	109	
4119939	12082	-81	51	109	183	39	137	51	35	70	0	47	31	
4132023	12084	-190	-132	-97	-214	355	20	152	43	23	39	12	31	
4144104	12081	70	0	-245	86	-136	-11	59	43	59	82	23	12	
4156185	12081	-147	140	-73	35	230	98	31	47	70	47	-7	74	
4168266	12081	20	140	-225	62	4	39	74	62	51	94	12	31	
4180348	12082	-93	31	-89	-182	8	23	55	43	47	47	23	66	
4192430	12082	86	43	-124	-155	246	-15	35	62	27	27	82	82	
4204513	12083	8	137	137	195	-132	66	31	47	-46	16	43	129	
4216596	12083	-50	59	59	226	-292	82	62	8	66	70	20	98	
4228679	12083	-186	-34	70	-30	257	-30	31	20	20	-15	-58	51	
4240761	12082	31	246	51	98	238	12	55	47	55	94	62	20	
4252846	12085	59	-69	109	-7	-108	51	16	55	31	86	109	39	
4264930	12084	51	109	183	39	137	51	35	70	0	47	31	62	
4277012	12082	-132	-97	-214	355	20	152	43	23	39	12	31	23	
4289093	12081	0	-245	86	-136	-11	59	43	59	82	23	12	90	
4301175	12082	140	-73	35	230	98	31	47	70	47	-7	74	78	
4313257	12082	140	-225	62	4	39	74	62	51	94	12	31	-65	
4325337	12080	31	-89	-182	8	23	55	43	47	47	23	66	137	
4337421	12084	43	-124	-155	246	-15	35	62	27	27	82	82	98	
4349503	12082	137	137	195	-132	66	31	47	-46	16	43	129	-73	
4361587	12084	59	59	226	-292	82	62	8	66	70	20	98	101	
4373671	12084	-34	70	-30	257	-30	31	20	20	-15	-58	51	0	
4385754	12083	246	51	98	238	12	55	47	55	94	62	20	-7	
4397836	12082	-69	109	-7	-108	51	16	55	31	86	109	39	31	
4409917	12081	109	183	39	137	51	35	70	0	47	31	62	-15	
4421996	12079	-97	-214	355	20	152	43	23	39	12	31	23	74	
4434080	12084	-245	86	-136	-11	59	43	59	82	23	12	90	70	
4446161	12081	-73	35	230	98	31	47	70	47	-7	74	78	70	
4458243	12082	-225	62	4	39	74	62	51	94	12	31	-65	59	
4470322	12079	-89	-182	8	23	55	43	47	47	23	66	137	101	
4482403	12081	-124	-155	246	-15	35	62	27	27	82	82	98	43	
4494484	12081	137	195	-132	66	31	47	-46	16	43	129	-73	-26	
4506566	12082	59	226	-292	82	62	8	66	70	20	98	101	47	
4518647	12081	70	-30	257	-30	31	20	20	-15	-58	51	0	-50	
4530726	12079	51	98	238	12	55	47	55	94	62	20	-7	140	
4542805	12079	109	-7	-108	51	16	55	31	86	109	39	31	-38	
4554886	12081	183	39	137	51	35	70	0	47	31	62	-15	31	
4566966	12080	-214	355	20	152	43	23	39	12	31	23	74	51	
4579049	12083	86	-136	-11	59	43	59	82	23	12	90	70	191	
4591131	12082	35	230	98	31	47	70	47	-7	74	78	70	-112	
4603213	12082	62	4	39	74	62	51	94	12	31	-65	59	148	
4615294	12081	-182	8	23	55	43	47	47	23	66	137	101	82	
4627376	12082	-155	246	-15	35	62	27	27	82	82	98	43	27	
4639459	12083	195	-132	66	31	47	-46	16	43	129	-73	-26	269	
4651538	12079	226	-292	82	62	8	66	70	20	98	101	47	152	
4663620	12082	-30	257	-30	31	20	20	-15	-58	51	0	-50	-7	
4675701	12081	98	238	12	55	47	55	94	62	20	-7	140	4	
4687781	12080	-7	-108	51	16	55	31	86	109	39	31	-38	242	
4699865	12084	39	137	51	35	70	0	47	31	62	-15	31	-15	
4711946	12081	355	20	152	43	23	39	12	31	23	74	51	-58	
4724028	12082	-136	-11	59	43	59	82	23	12	90	70	191	152	
4736110	12082	230	98	31	47	70	47	-7	74	78	70	-112	133	
4748193	12083	4	39	74	62	51	94	12	31	-65	59	148	-50	
4760276	12083	8	23	55	43	47	47	23	66	137	101	82	101	
4772356	12080	246	-15	35	62	27	27	82	82	98	43	27	20	
4784439	12083	-132	66	31	47	-46	16	43	129	-73	-26	269	105	
4796521	12082	-292	82	62	8	66	70	20	98	101	47	152	-3	
4808603	12082	257	-30	31	20	20	-15	-58	51	0	-50	-7	12	
4820686	12083	238	12	55	47	55	94	62	20	-7	140	4	144	
4832769	12083	-108	51	16	55	31	86	109	39	31	-38	242	70	
4844854	12085	137	51	35	70	0	47	31	62	-15	31	-15	78	
4856934	12080	20	152	43	23	39	12	31	23	74	51	-58	16	
4869014	12080	-11	59	43	59	82	23	12	90	70	191	152	140	
4881095	12081	98	31	47	70	47	-7	74	78	70	-112	133	-151	
4893175	12080	39	74	62	51	94	12	31	-65	59	148	-50	8	
4905259	12084	23	55	43	47	47	23	66	137	101	82	101	-30	
4917339	12080	-15	35	62	27	27	82	82	98	43	27	20	-81	
4929419	12080	66	31	47	-46	16	43	129	-73	-26	269	105	277	
4941503	12084	82	62	8	66	70	20	98	101	47	152	-3	-136	
4953582	12079	-30	31	20	20	-15	-58	51	0	-50	-7	12	-159	
4965665	12083	12	55	47	55	94	62	20	-7	140	4	144	51	
4977745	12080	51	16	55	31	86	109	39	31	-38	242	70	43	
4989829	12084	51	35	70	0	47	31	62	-15	31	-15	78	144	
5001911	12082	152	43	23	39	12	31	23	74	51	-58	16	-30	
5013993	12082	59	43	59	82	23	12	90	70	191	152	140	195	
5026076	12083	31	47	70	47	-7	74	78	70	-112	133	-151	8	
5038157	12081	74	62	51	94	12	31	-65	59	148	-50	8	-97	
5050240	12083	55	43	47	47	23	66	137	101	82	101	-30	133	
5062317	12077	35	62	27	27	82	82	98	43	27	20	-81	222	
5074399	12082	31	47	-46	16	43	129	-73	-26	269	105	277	-38	
5086481	12082	62	8	66	70	20	98	101	47	152	-3	-136	207	
5098561	12080	31	20	20	-15	-58	51	0	-50	-7	12	-159	-50	
5110646	12085	55	47	55	94	62	20	-7	140	4	144	51	133	
5122727	12081	16	55	31	86	109	39	31	-38	242	70	43	320	
5134809	12082	35	70	0	47	31	62	-15	31	-15	78	144	140	
5146888	12079	43	23	39	12	31	23	74	51	-58	16	-30	4	
5158971	12083	43	59	82	23	12	90	70	191	152	140	195	86	
5171053	12082	47	70	47	-7	74	78	70	-112	133	-151	8	207	
5183135	12082	62	51	94	12	31	-65	59	148	-50	8	-97	12	
5195218	12083	43	47	47	23	66	137	101	82	101	-30	133	121	
5207297	12079	62	27	27	82	82	98	43	27	20	-81	222	66	
5219377	12080	47	-46	16	43	129	-73	-26	269	105	277	-38	59	
5231460	12083	8	66	70	20	98	101	47	152	-3	-136	207	-15	
5243542	12082	20	20	-15	-58	51	0	-50	-7	12	-159	-50	43	
5255624	12082	47	55	94	62	20	-7	140	4	144	51	133	230	
5267709	12085	55	31	86	109	39	31	-38	242	70	43	320	-217	
5279790	12081	70	0	47	31	62	-15	31	-15	78	144	140	0	
5291873	12083	23	39	12	31	23	74	51	-58	16	-30	4	-167	
5303953	12080	59	82	23	12	90	70	191	152	140	195	86	-77	
5316035	12082	70	47	-7	74	78	70	-112	133	-151	8	207	86	
5328116	12081	51	94	12	31	-65	59	148	-50	8	-97	12	16	
5340196	12080	47	47	23	66	137	101	82	101	-30	133	121	117	
5352278	12082	27	27	82	82	98	43	27	20	-81	222	66	59	
5364358	12080	-46	16	43	129	-73	-26	269	105	277	-38	59	144	
5376441	12083	66	70	20	98	101	47	152	-3	-136	207	-15	-3	
5388522	12081	20	-15	-58	51	0	-50	-7	12	-159	-50	43	-38	
5400606	12084	55	94	62	20	-7	140	4	144	51	133	230	137	
5412686	12080	31	86	109	39	31	-38	242	70	43	320	-217	101	
5424769	12083	0	47	31	62	-15	31	-15	78	144	140	0	-15	
5436852	12083	39	12	31	23	74	51	-58	16	-30	4	-167	20	
5448934	12082	82	23	12	90	70	191	152	140	195	86	-77	-46	
5461017	12083	47	-7	74	78	70	-112	133	-151	8	207	86	31	
5473100	12083	94	12	31	-65	59	148	-50	8	-97	12	16	105	
5485182	12082	47	23	66	137	101	82	101	-30	133	121	117	121	
5497263	12081	27	82	82	98	43	27	20	-81	222	66	59	-38	
5509344	12081	16	43	129	-73	-26	269	105	277	-38	59	144	20	
5521426	12082	70	20	98	101	47	152	-3	-136	207	-15	-3	234	
5533511	12085	-15	-58	51	0	-50	-7	12	-159	-50	43	-38	23	
5545592	12081	94	62	20	-7	140	4	144	51	133	230	137	148	
5557674	12082	86	109	39	31	-38	242	70	43	320	-217	101	-288	
5569756	12082	47	31	62	-15	31	-15	78	144	140	0	-15	16	
5581838	12082	12	31	23	74	51	-58	16	-30	4	-167	20	-73	
5593918	12080	23	12	90	70	191	152	140	195	86	-77	-46	51	
5606000	12082	-7	74	78	70	-112	133	-151	8	207	86	31	144	
5618083	12083	12	31	-65	59	148	-50	8	-97	12	16	105	51	
5630165	12082	23	66	137	101	82	101	-30	133	121	117	121	39	
5642247	12082	82	82	98	43	27	20	-81	222	66	59	-38	-7	
5654328	12081	43	129	-73	-26	269	105	277	-38	59	144	20	261	
5666410	12082	20	98	101	47	152	-3	-136	207	-15	-3	234	-128	
5678490	12080	-58	51	0	-50	-7	12	-159	-50	43	-38	23	176	
5690570	12080	62	20	-7	140	4	144	51	133	230	137	148	-100	
5702654	12084	109	39	31	-38	242	70	43	320	-217	101	-288	129	
5714736	12082	31	62	-15	31	-15	78	144	140	0	-15	16	172	
5726817	12081	31	23	74	51	-58	16	-30	4	-167	20	-73	-22	
5738898	12081	12	90	70	191	152	140	195	86	-77	-46	51	-182	
5750981	12083	74	78	70	-112	133	-151	8	207	86	31	144	-147	
5763065	12084	31	-65	59	148	-50	8	-97	12	16	105	51	-65	
5775143	12078	66	137	101	82	101	-30	133	121	117	121	39	-22	
5787227	12084	82	98	43	27	20	-81	222	66	59	-38	-7	148	
5799308	12081	129	-73	-26	269	105	277	-38	59	144	20	261	105	
5811388	12080	98	101	47	152	-3	-136	207	-15	-3	234	-128	-7	
5823470	12082	51	0	-50	-7	12	-159	-50	43	-38	23	176	207	
5835551	12081	20	-7	140	4	144	51	133	230	137	148	-100	59	
5847633	12082	39	31	-38	242	70	43	320	-217	101	-288	129	-58	
5859716	12083	62	-15	31	-15	78	144	140	0	-15	16	172	250	
5871796	12080	23	74	51	-58	16	-30	4	-167	20	-73	-22	55	
5883879	12083	90	70	191	152	140	195	86	-77	-46	51	-182	140	
5895962	12083	78	70	-112	133	-151	8	207	86	31	144	-147	-280	
5908046	12084	-65	59	148	-50	8	-97	12	16	105	51	-65	-116	
5920125	12079	137	101	82	101	-30	133	121	117	121	39	-22	187	
5932207	12082	98	43	27	20	-81	222	66	59	-38	-7	148	82	
5944287	12080	-73	-26	269	105	277	-38	59	144	20	261	105	66	
5956369	12082	101	47	152	-3	-136	207	-15	-3	234	-128	-7	-97	
5968451	12082	0	-50	-7	12	-159	-50	43	-38	23	176	207	160	
5980531	12080	-7	140	4	144	51	133	230	137	148	-100	59	285	
5992613	12082	31	-38	242	70	43	320	-217	101	-288	129	-58	31	
6004694	12081	-15	31	-15	78	144	140	0	-15	16	172	250	374	
6016776	12082	74	51	-58	16	-30	4	-167	20	-73	-22	55	109	
6028857	12081	70	191	152	140	195	86	-77	-46	51	-182	140	137	
6040939	12082	70	-112	133	-151	8	207	86	31	144	-147	-280	-186	
6053025	12086	59	148	-50	8	-97	12	16	105	51	-65	-116	-30	
6065103	12078	101	82	101	-30	133	121	117	121	39	-22	187	51	
6077184	12081	43	27	20	-81	222	66	59	-38	-7	148	82	218	
6089265	12081	-26	269	105	277	-38	59	144	20	261	105	66	226	
6101340	12075	47	152	-3	-136	207	-15	-3	234	-128	-7	-97	-120	
6113427	12087	-50	-7	12	-159	-50	43	-38	23	176	207	160	-69	
6125512	12085	140	4	144	51	133	230	137	148	-100	59	285	-132	
6137593	12081	-38	242	70	43	320	-217	101	-288	129	-58	31	-50	
6149675	12082	31	-15	78	144	140	0	-15	16	172	250	374	12	
6161759	12084	51	-58	16	-30	4	-167	20	-73	-22	55	109	215	
6173839	12080	191	152	140	195	86	-77	-46	51	-182	140	137	-26	
6185923	12084	-112	133	-151	8	207	86	31	144	-147	-280	-186	101	
6198007	12084	148	-50	8	-97	12	16	105	51	-65	-116	-30	211	
6210087	12080	82	101	-30	133	121	117	121	39	-22	187	51	133	
6222167	12080	27	20	-81	222	66	59	-38	-7	148	82	218	-38	
6234248	12081	269	105	277	-38	59	144	20	261	105	66	226	293	
6246329	12081	152	-3	-136	207	-15	-3	234	-128	-7	-97	-120	-85	
6258413	12084	-7	12	-159	-50	43	-38	23	176	207	160	-69	-19	
6270496	12083	4	144	51	133	230	137	148	-100	59	285	-132	62	
6282579	12083	242	70	43	320	-217	101	-288	129	-58	31	-50	-19	
6294661	12082	-15	78	144	140	0	-15	16	172	250	374	12	55	
6306741	12080	-58	16	-30	4	-167	20	-73	-22	55	109	215	222	
6318824	12083	152	140	195	86	-77	-46	51	-182	140	137	-26	70	
6330906	12082	133	-151	8	207	86	31	144	-147	-280	-186	101	-112	
6342988	12082	-50	8	-97	12	16	105	51	-65	-116	-30	211	542	
6355070	12082	101	-30	133	121	117	121	39	-22	187	51	133	12	
6367154	12084	20	-81	222	66	59	-38	-7	148	82	218	-38	-155	
6379235	12081	105	277	-38	59	144	20	261	105	66	226	293	90	
6391313	12078	-3	-136	207	-15	-3	234	-128	-7	-97	-120	-85	-159	
6403397	12084	12	-159	-50	43	-38	23	176	207	160	-69	-19	203	
6415479	12082	144	51	133	230	137	148	-100	59	285	-132	62	109	
6427560	12081	70	43	320	-217	101	-288	129	-58	31	-50	-19	195	
6439645	12085	78	144	140	0	-15	16	172	250	374	12	55	129	
6451727	12082	16	-30	4	-167	20	-73	-22	55	109	215	222	-19	
6463811	12084	140	195	86	-77	-46	51	-182	140	137	-26	70	-178	
6475893	12082	-151	8	207	86	31	144	-147	-280	-186	101	-112	-155	
6487975	12082	8	-97	12	16	105	51	-65	-116	-30	211	542	316	
6500056	12081	-30	133	121	117	121	39	-22	187	51	133	12	-448	
6512135	12079	-81	222	66	59	-38	-7	148	82	218	-38	-155	-128	
6524216	12081	277	-38	59	144	20	261	105	66	226	293	90	304	
6536294	12078	-136	207	-15	-3	234	-128	-7	-97	-120	-85	-159	-22	
6548370	12076	-159	-50	43	-38	23	176	207	160	-69	-19	203	285	
6560456	12086	51	133	230	137	148	-100	59	285	-132	62	109	109	
6572537	12081	43	320	-217	101	-288	129	-58	31	-50	-19	195	-26	
6584622	12085	144	140	0	-15	16	172	250	374	12	55	129	-61	
6596702	12080	-30	4	-167	20	-73	-22	55	109	215	222	-19	152	
6608785	12083	195	86	-77	-46	51	-182	140	137	-26	70	-178	363	
6620867	12082	8	207	86	31	144	-147	-280	-186	101	-112	-155	222	
6632951	12084	-97	12	16	105	51	-65	-116	-30	211	542	316	47	
6645030	12079	133	121	117	121	39	-22	187	51	133	12	-448	90	
6657111	12081	222	66	59	-38	-7	148	82	218	-38	-155	-128	109	
6669191	12080	-38	59	144	20	261	105	66	226	293	90	304	-73	
6681276	12085	207	-15	-3	234	-128	-7	-97	-120	-85	-159	-22	74	
6693357	12081	-50	43	-38	23	176	207	160	-69	-19	203	285	98	
6705439	12082	133	230	137	148	-100	59	285	-132	62	109	109	285	
6717521	12082	320	-217	101	-288	129	-58	31	-50	-19	195	-26	144	
6729603	12082	140	0	-15	16	172	250	374	12	55	129	-61	8	
6741686	12083	4	-167	20	-73	-22	55	109	215	222	-19	152	-61	
6753768	12082	86	-77	-46	51	-182	140	137	-26	70	-178	363	242	
6765850	12082	207	86	31	144	-147	-280	-186	101	-112	-155	222	27	
6777932	12082	12	16	105	51	-65	-116	-30	211	542	316	47	254	
6790016	12084	121	117	121	39	-22	187	51	133	12	-448	90	-136	
6802095	12079	66	59	-38	-7	148	82	218	-38	-155	-128	109	515	
6814175	12080	59	144	20	261	105	66	226	293	90	304	-73	-19	
6826257	12082	-15	-3	234	-128	-7	-97	-120	-85	-159	-22	74	-54	
6838339	12082	43	-38	23	176	207	160	-69	-19	203	285	98	222	
6850418	12079	230	137	148	-100	59	285	-132	62	109	109	285	-3	
6862503	12085	-217	101	-288	129	-58	31	-50	-19	195	-26	144	94	
6874583	12080	0	-15	16	172	250	374	12	55	129	-61	8	226	
6886665	12082	-167	20	-73	-22	55	109	215	222	-19	152	-61	324	
6898748	12083	-77	-46	51	-182	140	137	-26	70	-178	363	242	285	
6910829	12081	86	31	144	-147	-280	-186	101	-112	-155	222	27	8	
6922909	12080	16	105	51	-65	-116	-30	211	542	316	47	254	-93	
6934992	12083	117	121	39	-22	187	51	133	12	-448	90	-136	211	
6947075	12083	59	-38	-7	148	82	218	-38	-155	-128	109	515	-3	
6959157	12082	144	20	261	105	66	226	293	90	304	-73	-19	8	
6971238	12081	-3	234	-128	-7	-97	-120	-85	-159	-22	74	-54	78	
6983319	12081	-38	23	176	207	160	-69	-19	203	285	98	222	-11	
6995399	12080	137	148	-100	59	285	-132	62	109	109	285	-3	16	
7007485	12086	101	-288	129	-58	31	-50	-19	195	-26	144	94	172	
7019567	12082	-15	16	172	250	374	12	55	129	-61	8	226	62	
7031650	12083	20	-73	-22	55	109	215	222	-19	152	-61	324	148	
7043734	12084	-46	51	-182	140	137	-26	70	-178	363	242	285	257	
7055816	12082	31	144	-147	-280	-186	101	-112	-155	222	27	8	105	
7067898	12082	105	51	-65	-116	-30	211	542	316	47	254	-93	-139	
7079979	12081	121	39	-22	187	51	133	12	-448	90	-136	211	312	
7092063	12084	-38	-7	148	82	218	-38	-155	-128	109	515	-3	-61	
7104145	12082	20	261	105	66	226	293	90	304	-73	-19	8	86	
7116231	12086	234	-128	-7	-97	-120	-85	-159	-22	74	-54	78	230	
7128314	12083	23	176	207	160	-69	-19	203	285	98	222	-11	133	
7140397	12083	148	-100	59	285	-132	62	109	109	285	-3	16	156	
7152482	12085	-288	129	-58	31	-50	-19	195	-26	144	94	172	176	
7164564	12082	16	172	250	374	12	55	129	-61	8	226	62	281	
7176645	12081	-73	-22	55	109	215	222	-19	152	-61	324	148	-7	
7188728	12083	51	-182	140	137	-26	70	-178	363	242	285	257	218	
7200814	12086	144	-147	-280	-186	101	-112	-155	222	27	8	105	-3	
7212894	12080	51	-65	-116	-30	211	542	316	47	254	-93	-139	254	
7224977	12083	39	-22	187	51	133	12	-448	90	-136	211	312	82	
7237060	12083	-7	148	82	218	-38	-155	-128	109	515	-3	-61	-3	
7249141	12081	261	105	66	226	293	90	304	-73	-19	8	86	179	
7261220	12079	-128	-7	-97	-120	-85	-159	-22	74	-54	78	230	66	
7273302	12082	176	207	160	-69	-19	203	285	98	222	-11	133	-38	
7285384	12082	-100	59	285	-132	62	109	109	285	-3	16	156	226	
7297465	12081	129	-58	31	-50	-19	195	-26	144	94	172	176	94	
7309546	12081	172	250	374	12	55	129	-61	8	226	62	281	261	
7321631	12085	-22	55	109	215	222	-19	152	-61	324	148	-7	43	
7333713	12082	-182	140	137	-26	70	-178	363	242	285	257	218	-34	
7345793	12080	-147	-280	-186	101	-112	-155	222	27	8	105	-3	144	
7357873	12080	-65	-116	-30	211	542	316	47	254	-93	-139	254	390	
7369951	12078	-22	187	51	133	12	-448	90	-136	211	312	82	339	
7382035	12084	148	82	218	-38	-155	-128	109	515	-3	-61	-3	140	
7394116	12081	105	66	226	293	90	304	-73	-19	8	86	179	199	
7406196	12080	-7	-97	-120	-85	-159	-22	74	-54	78	230	66	-34	
7418280	12084	207	160	-69	-19	203	285	98	222	-11	133	-38	-50	
7430359	12079	59	285	-132	62	109	109	285	-3	16	156	226	113	
7442441	12082	-58	31	-50	-19	195	-26	144	94	172	176	94	-155	
7454523	12082	250	374	12	55	129	-61	8	226	62	281	261	-97	
7466608	12085	55	109	215	222	-19	152	-61	324	148	-7	43	176	
7478690	12082	140	137	-26	70	-178	363	242	285	257	218	-34	-143	
7490774	12084	-280	-186	101	-112	-155	222	27	8	105	-3	144	363	
7502855	12081	-116	-30	211	542	316	47	254	-93	-139	254	390	222	
7514934	12079	187	51	133	12	-448	90	-136	211	312	82	339	-233	
7527014	12080	82	218	-38	-155	-128	109	515	-3	-61	-3	140	207	
7539095	12081	66	226	293	90	304	-73	-19	8	86	179	199	-7	
7551175	12080	-97	-120	-85	-159	-22	74	-54	78	230	66	-34	98	
7563259	12084	160	-69	-19	203	285	98	222	-11	133	-38	-50	187	
7575339	12080	285	-132	62	109	109	285	-3	16	156	226	113	-54	
7587423	12084	31	-50	-19	195	-26	144	94	172	176	94	-155	-11	
7599505	12082	374	12	55	129	-61	8	226	62	281	261	-97	413	
7611587	12082	109	215	222	-19	152	-61	324	148	-7	43	176	70	
7623669	12082	137	-26	70	-178	363	242	285	257	218	-34	-143	109	
7635751	12082	-186	101	-112	-155	222	27	8	105	-3	144	363	121	
7647833	12082	-30	211	542	316	47	254	-93	-139	254	390	222	-136	
7659913	12080	51	133	12	-448	90	-136	211	312	82	339	-233	238	
7671995	12082	218	-38	-155	-128	109	515	-3	-61	-3	140	207	144	
7684080	12085	226	293	90	304	-73	-19	8	86	179	199	-7	98	
7696161	12081	-120	-85	-159	-22	74	-54	78	230	66	-34	98	23	
7708243	12082	-69	-19	203	285	98	222	-11	133	-38	-50	187	59	
7720322	12079	-132	62	109	109	285	-3	16	156	226	113	-54	35	
7732403	12081	-50	-19	195	-26	144	94	172	176	94	-155	-11	31	
7744484	12081	12	55	129	-61	8	226	62	281	261	-97	413	187	
7756566	12082	215	222	-19	152	-61	324	148	-7	43	176	70	66	
7768646	12080	-26	70	-178	363	242	285	257	218	-34	-143	109	129	
7780728	12082	101	-112	-155	222	27	8	105	-3	144	363	121	90	
7792811	12083	211	542	316	47	254	-93	-139	254	390	222	-136	-85	
7804891	12080	133	12	-448	90	-136	211	312	82	339	-233	238	133	
7816974	12083	-38	-155	-128	109	515	-3	-61	-3	140	207	144	-214	
7829052	12078	293	90	304	-73	-19	8	86	179	199	-7	98	-69	
7841133	12081	-85	-159	-22	74	-54	78	230	66	-34	98	23	125	
7853216	12083	-19	203	285	98	222	-11	133	-38	-50	187	59	101	
7865297	12081	62	109	109	285	-3	16	156	226	113	-54	35	23	
7877380	12083	-19	195	-26	144	94	172	176	94	-155	-11	31	137	
7889464	12084	55	129	-61	8	226	62	281	261	-97	413	187	-54	
7901545	12081	222	-19	152	-61	324	148	-7	43	176	70	66	179	
7913628	12083	70	-178	363	242	285	257	218	-34	-143	109	129	133	
7925711	12083	-112	-155	222	27	8	105	-3	144	363	121	90	179	
7937794	12083	542	316	47	254	-93	-139	254	390	222	-136	-85	-19	
7949873	12079	12	-448	90	-136	211	312	82	339	-233	238	133	-11	
7961953	12080	-155	-128	109	515	-3	-61	-3	140	207	144	-214	31	
7974035	12082	90	304	-73	-19	8	86	179	199	-7	98	-69	31	
7986115	12080	-159	-22	74	-54	78	230	66	-34	98	23	125	23	
7998195	12080	203	285	98	222	-11	133	-38	-50	187	59	101	-11	
8010276	12081	109	109	285	-3	16	156	226	113	-54	35	23	191	
8022356	12080	195	-26	144	94	172	176	94	-155	-11	31	137	70	
8034439	12083	129	-61	8	226	62	281	261	-97	413	187	-54	16	
8046521	12082	-19	152	-61	324	148	-7	43	176	70	66	179	51	
8058603	12082	-178	363	242	285	257	218	-34	-143	109	129	133	51	
8070684	12081	-155	222	27	8	105	-3	144	363	121	90	179	179	
8082764	12080	316	47	254	-93	-139	254	390	222	-136	-85	-19	129	
8094846	12082	-448	90	-136	211	312	82	339	-233	238	133	-11	183	
8106928	12082	-128	109	515	-3	-61	-3	140	207	144	-214	31	-147	
8119011	12083	304	-73	-19	8	86	179	199	-7	98	-69	31	-7	
8131091	12080	-22	74	-54	78	230	66	-34	98	23	125	23	20	
8143171	12080	285	98	222	-11	133	-38	-50	187	59	101	-11	-139	
8155253	12082	109	285	-3	16	156	226	113	-54	35	23	191	-15	
8167335	12082	-26	144	94	172	176	94	-155	-11	31	137	70	148	
8179418	12083	-61	8	226	62	281	261	-97	413	187	-54	16	105	
8191500	12082	152	-61	324	148	-7	43	176	70	66	179	51	55	
8203580	12080	363	242	285	257	218	-34	-143	109	129	133	51	20	
8215662	12082	222	27	8	105	-3	144	363	121	90	179	179	51	
8227743	12081	47	254	-93	-139	254	390	222	-136	-85	-19	129	-50	
8239826	12083	90	-136	211	312	82	339	-233	238	133	-11	183	78	
8251906	12080	109	515	-3	-61	-3	140	207	144	-214	31	-147	-104	
8263988	12082	-73	-19	8	86	179	199	-7	98	-69	31	-7	27	
8276070	12082	74	-54	78	230	66	-34	98	23	125	23	20	-22	
8288152	12082	98	222	-11	133	-38	-50	187	59	101	-11	-139	-143	
8300234	12082	285	-3	16	156	226	113	-54	35	23	191	-15	62	
8312315	12081	144	94	172	176	94	-155	-11	31	137	70	148	35	
8324398	12083	8	226	62	281	261	-97	413	187	-54	16	105	86	
8336485	12087	-61	324	148	-7	43	176	70	66	179	51	55	156	
8348567	12082	242	285	257	218	-34	-143	109	129	133	51	20	62	
8360649	12082	27	8	105	-3	144	363	121	90	179	179	51	-61	
8372730	12081	254	-93	-139	254	390	222	-136	-85	-19	129	-50	133	
8384816	12086	-136	211	312	82	339	-233	238	133	-11	183	78	20	
8396898	12082	515	-3	-61	-3	140	207	144	-214	31	-147	-104	55	
8408979	12081	-19	8	86	179	199	-7	98	-69	31	-7	27	8	
8421062	12083	-54	78	230	66	-34	98	23	125	23	20	-22	12	
8433144	12082	222	-11	133	-38	-50	187	59	101	-11	-139	-143	86	
8445227	12083	-3	16	156	226	113	-54	35	23	191	-15	62	78	
8457305	12078	94	172	176	94	-155	-11	31	137	70	148	35	51	
8469385	12080	226	62	281	261	-97	413	187	-54	16	105	86	82	
8481464	12079	324	148	-7	43	176	70	66	179	51	55	156	-85	
8493546	12082	285	257	218	-34	-143	109	129	133	51	20	62	74	
8505631	12085	8	105	-3	144	363	121	90	179	179	51	-61	51	
8517710	12079	-93	-139	254	390	222	-136	-85	-19	129	-50	133	-11	
8529791	12081	211	312	82	339	-233	238	133	-11	183	78	20	-34	
8541872	12081	-3	-61	-3	140	207	144	-214	31	-147	-104	55	-61	
8553953	12081	8	86	179	199	-7	98	-69	31	-7	27	8	-58	
8566035	12082	78	230	66	-34	98	23	125	23	20	-22	12	78	
8578116	12081	-11	133	-38	-50	187	59	101	-11	-139	-143	86	-15	
8590199	12083	16	156	226	113	-54	35	23	191	-15	62	78	47	
8602282	12083	172	176	94	-155	-11	31	137	70	148	35	51	82	
8614365	12083	62	281	261	-97	413	187	-54	16	105	86	82	66	
8626447	12082	148	-7	43	176	70	66	179	51	55	156	-85	-7	
8638529	12082	257	218	-34	-143	109	129	133	51	20	62	74	59	
8650610	12081	105	-3	144	363	121	90	179	179	51	-61	51	55	
8662693	12083	-139	254	390	222	-136	-85	-19	129	-50	133	-11	70	
8674775	12082	312	82	339	-233	238	133	-11	183	78	20	-34	78	
8686859	12084	-61	-3	140	207	144	-214	31	-147	-104	55	-61	66	
8698939	12080	86	179	199	-7	98	-69	31	-7	27	8	-58	74	
8711022	12083	230	66	-34	98	23	125	23	20	-22	12	78	20	
8723102	12080	133	-38	-50	187	59	101	-11	-139	-143	86	-15	39	
8735183	12081	156	226	113	-54	35	23	191	-15	62	78	47	31	
8747264	12081	176	94	-155	-11	31	137	70	148	35	51	82	-3	
8759343	12079	281	261	-97	413	187	-54	16	105	86	82	66	137	
8771426	12083	-7	43	176	70	66	179	51	55	156	-85	-7	-11	
8783506	12080	218	-34	-143	109	129	133	51	20	62	74	59	35	
8795589	12083	-3	144	363	121	90	179	179	51	-61	51	55	-26	
8807671	12082	254	390	222	-136	-85	-19	129	-50	133	-11	70	-15	
8819753	12082	82	339	-233	238	133	-11	183	78	20	-34	78	51	
8831834	12081	-3	140	207	144	-214	31	-147	-104	55	-61	66	-15	
8843917	12083	179	199	-7	98	-69	31	-7	27	8	-58	74	20	
8855996	12079	66	-34	98	23	125	23	20	-22	12	78	20	55	
8868080	12084	-38	-50	187	59	101	-11	-139	-143	86	-15	39	23	
8880161	12081	226	113	-54	35	23	191	-15	62	78	47	31	70	
8892243	12082	94	-155	-11	31	137	70	148	35	51	82	-3	86	
8904325	12082	261	-97	413	187	-54	16	105	86	82	66	137	66	
8916404	12079	43	176	70	66	179	51	55	156	-85	-7	-11	70	
8928487	12083	-34	-143	109	129	133	51	20	62	74	59	35	23	
8940570	12083	144	363	121	90	179	179	51	-61	51	55	-26	62	
8952653	12083	390	222	-136	-85	-19	129	-50	133	-11	70	-15	101	
8964733	12080	339	-233	238	133	-11	183	78	20	-34	78	51	78	
8976815	12082	140	207	144	-214	31	-147	-104	55	-61	66	-15	78	
8988894	12079	199	-7	98	-69	31	-7	27	8	-58	74	20	31	
9000976	12082	-34	98	23	125	23	20	-22	12	78	20	55	16	
9013057	12081	-50	187	59	101	-11	-139	-143	86	-15	39	23	129	
9025138	12081	113	-54	35	23	191	-15	62	78	47	31	70	82	
9037219	12081	-155	-11	31	137	70	148	35	51	82	-3	86	12	
9049299	12080	-97	413	187	-54	16	105	86	82	66	137	66	43	
9061380	12081	176	70	66	179	51	55	156	-85	-7	-11	70	59	
9073469	12089	-143	109	129	133	51	20	62	74	59	35	23	4	
9085549	12080	363	121	90	179	179	51	-61	51	55	-26	62	20	
9097633	12084	222	-136	-85	-19	129	-50	133	-11	70	-15	101	16	
9109713	12080	-233	238	133	-11	183	78	20	-34	78	51	78	66	
9121795	12082	207	144	-214	31	-147	-104	55	-61	66	-15	78	4	
9133876	12081	-7	98	-69	31	-7	27	8	-58	74	20	31	35	
9145958	12082	98	23	125	23	20	-22	12	78	20	55	16	55	
9158041	12083	187	59	101	-11	-139	-143	86	-15	39	23	129	31	
9170122	12081	-54	35	23	191	-15	62	78	47	31	70	82	27	
9182202	12080	-11	31	137	70	148	35	51	82	-3	86	12	27	
9194283	12081	413	187	-54	16	105	86	82	66	137	66	43	47	
9206365	12082	70	66	179	51	55	156	-85	-7	-11	70	59	59	
9218446	12081	109	129	133	51	20	62	74	59	35	23	4	27	
9230527	12081	121	90	179	179	51	-61	51	55	-26	62	20	43	
9242611	12084	-136	-85	-19	129	-50	133	-11	70	-15	101	16	47	
9254692	12081	238	133	-11	183	78	20	-34	78	51	78	66	47	
9266772	12080	144	-214	31	-147	-104	55	-61	66	-15	78	4	35	
9278855	12083	98	-69	31	-7	27	8	-58	74	20	31	35	20	
9290936	12081	23	125	23	20	-22	12	78	20	55	16	55	31	
9303018	12082	59	101	-11	-139	-143	86	-15	39	23	129	31	47	
9315099	12081	35	23	191	-15	62	78	47	31	70	82	27	35	
9327183	12084	31	137	70	148	35	51	82	-3	86	12	27	421	
9339263	12080	187	-54	16	105	86	82	66	137	66	43	47	59	
9351345	12082	66	179	51	55	156	-85	-7	-11	70	59	59	47	
9363427	12082	129	133	51	20	62	74	59	35	23	4	27	160	
9375511	12084	90	179	179	51	-61	51	55	-26	62	20	43	164	
9387596	12085	-85	-19	129	-50	133	-11	70	-15	101	16	47	90	
9399679	12083	133	-11	183	78	20	-34	78	51	78	66	47	-11	
9411762	12083	-214	31	-147	-104	55	-61	66	-15	78	4	35	47	
9423846	12084	-69	31	-7	27	8	-58	74	20	31	35	20	70	
9435928	12082	125	23	20	-22	12	78	20	55	16	55	31	31	
9448008	12080	101	-11	-139	-143	86	-15	39	23	129	31	47	43	
9460090	12082	23	191	-15	62	78	47	31	70	82	27	35	59	
9472170	12080	137	70	148	35	51	82	-3	86	12	27	421	31	
9484253	12083	-54	16	105	86	82	66	137	66	43	47	59	27	
9496336	12083	179	51	55	156	-85	-7	-11	70	59	59	47	47	
9508418	12082	133	51	20	62	74	59	35	23	4	27	160	43	
9520500	12082	179	179	51	-61	51	55	-26	62	20	43	164	35	
9532580	12080	-19	129	-50	133	-11	70	-15	101	16	47	90	43	
9544665	12085	-11	183	78	20	-34	78	51	78	66	47	-11	43	
9556745	12080	31	-147	-104	55	-61	66	-15	78	4	35	47	43	
9568830	12085	31	-7	27	8	-58	74	20	31	35	20	70	51	
9580912	12082	23	20	-22	12	78	20	55	16	55	31	31	31	
9592992	12080	-11	-139	-143	86	-15	39	23	129	31	47	43	43	
9605076	12084	191	-15	62	78	47	31	70	82	27	35	59	39	
9617157	12081	70	148	35	51	82	-3	86	12	27	421	31	47	
9629240	12083	16	105	86	82	66	137	66	43	47	59	27	51	
9641321	12081	51	55	156	-85	-7	-11	70	59	59	47	47	35	
9653402	12081	51	20	62	74	59	35	23	4	27	160	43	47	
9665485	12083	179	51	-61	51	55	-26	62	20	43	164	35	43	
9677564	12079	129	-50	133	-11	70	-15	101	16	47	90	43	39	
9689645	12081	183	78	20	-34	78	51	78	66	47	-11	43	47	
9701728	12083	-147	-104	55	-61	66	-15	78	4	35	47	43	39	
9713809	12081	-7	27	8	-58	74	20	31	35	20	70	51	47	
9725891	12082	20	-22	12	78	20	55	16	55	31	31	31	43	
9737971	12080	-139	-143	86	-15	39	23	129	31	47	43	43	59	
9750052	12081	-15	62	78	47	31	70	82	27	35	59	39	39	
9762133	12081	148	35	51	82	-3	86	12	27	421	31	47	47	
9774216	12083	105	86	82	66	137	66	43	47	59	27	51	39	
9786295	12079	55	156	-85	-7	-11	70	59	59	47	47	35	43	
9798376	12081	20	62	74	59	35	23	4	27	160	43	47	35	
9810459	12083	51	-61	51	55	-26	62	20	43	164	35	43	51	
9822540	12081	-50	133	-11	70	-15	101	16	47	90	43	39	47	
9834622	12082	78	20	-34	78	51	78	66	47	-11	43	47	39	
9846702	12080	-104	55	-61	66	-15	78	4	35	47	43	39	43	
9858785	12083	27	8	-58	74	20	31	35	20	70	51	47	27	
9870865	12080	-22	12	78	20	55	16	55	31	31	31	43	51	
9882945	12080	-143	86	-15	39	23	129	31	47	43	43	59	39	
9895027	12082	62	78	47	31	70	82	27	35	59	39	39	47	
9907109	12082	35	51	82	-3	86	12	27	421	31	47	47	47	
9919191	12082	86	82	66	137	66	43	47	59	27	51	39	39	
9931274	12083	156	-85	-7	-11	70	59	59	47	47	35	43	43	
9943352	12078	62	74	59	35	23	4	27	160	43	47	35	35	
9955434	12082	-61	51	55	-26	62	20	43	164	35	43	51	27	
9967514	12080	133	-11	70	-15	101	16	47	90	43	39	47	47	
9979597	12083	20	-34	78	51	78	66	47	-11	43	47	39	39	
9991679	12082	55	-61	66	-15	78	4	35	47	43	39	43	39	
10003761	12082	8	-58	74	20	31	35	20	70	51	47	27	35	
10015845	12084	12	78	20	55	16	55	31	31	31	43	51	43	
10027926	12081	86	-15	39	23	129	31	47	43	43	59	39	47	
10040008	12082	78	47	31	70	82	27	35	59	39	39	47	51	
10052089	12081	51	82	-3	86	12	27	421	31	47	47	47	39	
10064168	12079	82	66	137	66	43	47	59	27	51	39	39	47	
10076249	12081	-85	-7	-11	70	59	59	47	47	35	43	43	51	
10088331	12082	74	59	35	23	4	27	160	43	47	35	35	39	
10100416	12085	51	55	-26	62	20	43	164	35	43	51	27	39	
10112498	12082	-11	70	-15	101	16	47	90	43	39	47	47	39	
10124581	12083	-34	78	51	78	66	47	-11	43	47	39	39	43	
10136665	12084	-61	66	-15	78	4	35	47	43	39	43	39	43	
10148749	12084	-58	74	20	31	35	20	70	51	47	27	35	43	
10160831	12082	78	20	55	16	55	31	31	31	43	51	43	47	
10172914	12083	-15	39	23	129	31	47	43	43	59	39	47	43	
10184995	12081	47	31	70	82	27	35	59	39	39	47	51	55	
10197080	12085	82	-3	86	12	27	421	31	47	47	47	39	43	
10209161	12081	66	137	66	43	47	59	27	51	39	39	47	39	
10221239	12078	-7	-11	70	59	59	47	47	35	43	43	51	47	
10233320	12081	59	35	23	4	27	160	43	47	35	35	39	35	
10245402	12082	55	-26	62	20	43	164	35	43	51	27	39	31	
10257485	12083	70	-15	101	16	47	90	43	39	47	47	39	43	
10269564	12079	78	51	78	66	47	-11	43	47	39	39	43	39	
10281648	12084	66	-15	78	4	35	47	43	39	43	39	43	39	
10293730	12082	74	20	31	35	20	70	51	47	27	35	43	31	
10305814	12084	20	55	16	55	31	31	31	43	51	43	47	43	
10317898	12084	39	23	129	31	47	43	43	59	39	47	43	43	
10329981	12083	31	70	82	27	35	59	39	39	47	51	55	35	
10342063	12082	-3	86	12	27	421	31	47	47	47	39	43	39	
10354145	12082	137	66	43	47	59	27	51	39	39	47	39	43	
10366231	12086	-11	70	59	59	47	47	35	43	43	51	47	47	
10378313	12082	35	23	4	27	160	43	47	35	35	39	35	43	
10390394	12081	-26	62	20	43	164	35	43	51	27	39	31	31	
10402479	12085	-15	101	16	47	90	43	39	47	47	39	43	39	
10414563	12084	51	78	66	47	-11	43	47	39	39	43	39	35	
10426646	12083	-15	78	4	35	47	43	39	43	39	43	39	31	
10438728	12082	20	31	35	20	70	51	47	27	35	43	31	39	
10450811	12083	55	16	55	31	31	31	43	51	43	47	43	47	
10462891	12080	23	129	31	47	43	43	59	39	47	43	43	27	
10474973	12082	70	82	27	35	59	39	39	47	51	55	35	55	
10487053	12080	86	12	27	421	31	47	47	47	39	43	39	39	
10499133	12080	66	43	47	59	27	51	39	39	47	39	43	51	
10511216	12083	70	59	59	47	47	35	43	43	51	47	47	51	
10523295	12079	23	4	27	160	43	47	35	35	39	35	43	51	
10535373	12078	62	20	43	164	35	43	51	27	39	31	31	35	
10547455	12082	101	16	47	90	43	39	47	47	39	43	39	59	
10559535	12080	78	66	47	-11	43	47	39	39	43	39	35	55	
10571617	12082	78	4	35	47	43	39	43	39	43	39	31	35	
10583698	12081	31	35	20	70	51	47	27	35	43	31	39	31	
10595779	12081	16	55	31	31	31	43	51	43	47	43	47	47	
10607860	12081	129	31	47	43	43	59	39	47	43	43	27	39	
10619941	12081	82	27	35	59	39	39	47	51	55	35	55	31	
10632025	12084	12	27	421	31	47	47	47	39	43	39	39	31	
10644106	12081	43	47	59	27	51	39	39	47	39	43	51	59	
10656186	12080	59	59	47	47	35	43	43	51	47	47	51	35	
10668268	12082	4	27	160	43	47	35	35	39	35	43	51	35	
10680350	12082	20	43	164	35	43	51	27	39	31	31	35	43	
10692430	12080	16	47	90	43	39	47	47	39	43	39	59	39	
10704515	12085	66	47	-11	43	47	39	39	43	39	35	55	47	
10716600	12085	4	35	47	43	39	43	39	43	39	31	35	51	
10728680	12080	35	20	70	51	47	27	35	43	31	39	31	51	
10740764	12084	55	31	31	31	43	51	43	47	43	47	47	55	
10752846	12082	31	47	43	43	59	39	47	43	43	27	39	55	
10764928	12082	27	35	59	39	39	47	51	55	35	55	31	47	
10777008	12080	27	421	31	47	47	47	39	43	39	39	31	-22	
10789088	12080	47	59	27	51	39	39	47	39	43	51	59	-30	
10801165	12077	59	47	47	35	43	43	51	47	47	51	35	-30	
10813245	12080	27	160	43	47	35	35	39	35	43	51	35	-22	
10825325	12080	43	164	35	43	51	27	39	31	31	35	43	-26	
10837404	12079	47	90	43	39	47	47	39	43	39	59	39	-22	
10849483	12079	47	-11	43	47	39	39	43	39	35	55	47	-15	
10861563	12080	35	47	43	39	43	39	43	39	31	35	51	-19	
10873646	12083	20	70	51	47	27	35	43	31	39	31	51	-7	
10885727	12081	31	31	31	43	51	43	47	43	47	47	55	-15	
10897809	12082	47	43	43	59	39	47	43	43	27	39	55	-26	
10909891	12082	35	59	39	39	47	51	55	35	55	31	47	-30	
10921974	12083	421	31	47	47	47	39	43	39	39	31	-22	932	
10934053	12079	59	27	51	39	39	47	39	43	51	59	-30	963	
10946133	12080	47	47	35	43	43	51	47	47	51	35	-30	967	
10958216	12083	160	43	47	35	35	39	35	43	51	35	-22	983	
10970298	12082	164	35	43	51	27	39	31	31	35	43	-26	971	
10982379	12081	90	43	39	47	47	39	43	39	59	39	-22	975	
10994462	12083	-11	43	47	39	39	43	39	35	55	47	-15	944	
11006546	12084	47	43	39	43	39	43	39	31	35	51	-19	967	
11018630	12084	70	51	47	27	35	43	31	39	31	51	-7	971	
11030710	12080	31	31	43	51	43	47	43	47	47	55	-15	952	
11042791	12081	43	43	59	39	47	43	43	27	39	55	-26	948	
11054872	12081	59	39	39	47	51	55	35	55	31	47	-30	967	
11066953	12081	31	47	47	47	39	43	39	39	31	-22	932	5	
11079035	12082	27	51	39	39	47	39	43	51	59	-30	963	7	
11091116	12081	47	35	43	43	51	47	47	51	35	-30	967	7	
11103197	12081	43	47	35	35	39	35	43	51	35	-22	983	7	
11115280	12083	35	43	51	27	39	31	31	35	43	-26	971	8	
11127359	12079	43	39	47	47	39	43	39	59	39	-22	975	7	
11139442	12083	43	47	39	39	43	39	35	55	47	-15	944	7	
11151524	12082	43	39	43	39	43	39	31	35	51	-19	967	9	
11163608	12084	51	47	27	35	43	31	39	31	51	-7	971	15	
11175689	12081	31	43	51	43	47	43	47	47	55	-15	952	19	
11187768	12079	43	59	39	47	43	43	27	39	55	-26	948	19	
11199851	12083	39	39	47	51	55	35	55	31	47	-30	967	11	
11211932	12081	47	47	47	39	43	39	39	31	-22	932	5	-12	
11224016	12084	51	39	39	47	39	43	51	59	-30	963	7	-11	
11236097	12081	35	43	43	51	47	47	51	35	-30	967	7	-11	
11248181	12084	47	35	35	39	35	43	51	35	-22	983	7	-11	
11260263	12082	43	51	27	39	31	31	35	43	-26	971	8	-13	
11272344	12081	39	47	47	39	43	39	59	39	-22	975	7	-14	
11284427	12083	47	39	39	43	39	35	55	47	-15	944	7	-15	
11296511	12084	39	43	39	43	39	31	35	51	-19	967	9	-16	
11308594	12083	47	27	35	43	31	39	31	51	-7	971	15	-22	
11320677	12083	43	51	43	47	43	47	47	55	-15	952	19	-23	
11332757	12080	59	39	47	43	43	27	39	55	-26	948	19	-19	
11344840	12083	39	47	51	55	35	55	31	47	-30	967	11	-13	
11356922	12082	47	47	39	43	39	39	31	-22	932	5	-12	1026	
11369006	12084	39	39	47	39	43	51	59	-30	963	7	-11	1034	
11381088	12082	43	43	51	47	47	51	35	-30	967	7	-11	1035	
11393171	12083	35	35	39	35	43	51	35	-22	983	7	-11	1032	
11405251	12080	51	27	39	31	31	35	43	-26	971	8	-13	1034	
11417333	12082	47	47	39	43	39	59	39	-22	975	7	-14	1035	
11429412	12079	39	39	43	39	35	55	47	-15	944	7	-15	1032	
11441496	12084	43	39	43	39	31	35	51	-19	967	9	-16	1034	
11453579	12083	27	35	43	31	39	31	51	-7	971	15	-22	1038	
11465661	12082	51	43	47	43	47	47	55	-15	952	19	-23	1028	
11477740	12079	39	47	43	43	27	39	55	-26	948	19	-19	1026	
11489825	12085	47	51	55	35	55	31	47	-30	967	11	-13	1032	
11501906	12081	47	39	43	39	39	31	-22	932	5	-12	1026	144	
11513990	12084	39	47	39	43	51	59	-30	963	7	-11	1034	150	
11526071	12081	43	51	47	47	51	35	-30	967	7	-11	1035	144	
11538152	12081	35	39	35	43	51	35	-22	983	7	-11	1032	147	
11550234	12082	27	39	31	31	35	43	-26	971	8	-13	1034	145	
11562315	12081	47	39	43	39	59	39	-22	975	7	-14	1035	151	
11574398	12083	39	43	39	35	55	47	-15	944	7	-15	1032	147	
11586485	12087	39	43	39	31	35	51	-19	967	9	-16	1034	147	
11598567	12082	35	43	31	39	31	51	-7	971	15	-22	1038	142	
11610651	12084	43	47	43	47	47	55	-15	952	19	-23	1028	153	
11622733	12082	47	43	43	27	39	55	-26	948	19	-19	1026	147	
11634814	12081	51	55	35	55	31	47	-30	967	11	-13	1032	147	
11646898	12084	39	43	39	39	31	-22	932	5	-12	1026	144	-480	
11658981	12083	47	39	43	51	59	-30	963	7	-11	1034	150	-475	
11671063	12082	51	47	47	51	35	-30	967	7	-11	1035	144	-471	
11683145	12082	39	35	43	51	35	-22	983	7	-11	1032	147	-477	
11695231	12086	39	31	31	35	43	-26	971	8	-13	1034	145	-475	
11707311	12080	39	43	39	59	39	-22	975	7	-14	1035	151	-481	
11719394	12083	43	39	35	55	47	-15	944	7	-15	1032	147	-478	
11731481	12087	43	39	31	35	51	-19	967	9	-16	1034	147	-469	
11743561	12080	43	31	39	31	51	-7	971	15	-22	1038	142	-471	
11755646	12085	47	43	47	47	55	-15	952	19	-23	1028	153	-478	
11767726	12080	43	43	27	39	55	-26	948	19	-19	1026	147	-472	
11779810	12084	55	35	55	31	47	-30	967	11	-13	1032	147	-475	
11791893	12083	43	39	39	31	-22	932	5	-12	1026	144	-480	-462	
11803976	12083	39	43	51	59	-30	963	7	-11	1034	150	-475	-463	
11816057	12081	47	47	51	35	-30	967	7	-11	1035	144	-471	-462	
11828139	12082	35	43	51	35	-22	983	7	-11	1032	147	-477	-456	
11840221	12082	31	31	35	43	-26	971	8	-13	1034	145	-475	-460	
11852304	12083	43	39	59	39	-22	975	7	-14	1035	151	-481	-462	
11864383	12079	39	35	55	47	-15	944	7	-15	1032	147	-478	-462	
11876470	12087	39	31	35	51	-19	967	9	-16	1034	147	-469	-463	
11888551	12081	31	39	31	51	-7	971	15	-22	1038	142	-471	-468	
11900633	12082	43	47	47	55	-15	952	19	-23	1028	153	-478	-468	
11912713	12080	43	27	39	55	-26	948	19	-19	1026	147	-472	-462	
11924794	12081	35	55	31	47	-30	967	11	-13	1032	147	-475	-457	
11936877	12083	39	39	31	-22	932	5	-12	1026	144	-480	-462	-140	
11948960	12083	43	51	59	-30	963	7	-11	1034	150	-475	-463	-70	
11961041	12081	47	51	35	-30	967	7	-11	1035	144	-471	-462	-210	
11973122	12081	43	51	35	-22	983	7	-11	1032	147	-477	-456	-210	
11985204	12082	31	35	43	-26	971	8	-13	1034	145	-475	-460	-140	
11997285	12081	39	59	39	-22	975	7	-14	1035	151	-481	-462	-140	
12009362	12077	35	55	47	-15	944	7	-15	1032	147	-478	-462	-210	
12021444	12082	31	35	51	-19	967	9	-16	1034	147	-469	-463	-210	
12033524	12080	39	31	51	-7	971	15	-22	1038	142	-471	-468	-210	
12045608	12084	47	47	55	-15	952	19	-23	1028	153	-478	-468	-280	
12057691	12083	27	39	55	-26	948	19	-19	1026	147	-472	-462	-210	
12069772	12081	55	31	47	-30	967	11	-13	1032	147	-475	-457	-210	
12081855	12083	39	31	-22	932	5	-12	1026	144	-480	-462	-140	-2100	
12093937	12082	51	59	-30	963	7	-11	1034	150	-475	-463	-70	-2100	
12106020	12083	51	35	-30	967	7	-11	1035	144	-471	-462	-210	-2100	
12118101	12081	51	35	-22	983	7	-11	1032	147	-477	-456	-210	-2100	
12130184	12083	35	43	-26	971	8	-13	1034	145	-475	-460	-140	-2100	
12142264	12080	59	39	-22	975	7	-14	1035	151	-481	-462	-140	-1960	
12154345	12081	55	47	-15	944	7	-15	1032	147	-478	-462	-210	-2170	
12166424	12079	35	51	-19	967	9	-16	1034	147	-469	-463	-210	-2170	
12178506	12082	31	51	-7	971	15	-22	1038	142	-471	-468	-210	-2100	
12190587	12081	47	55	-15	952	19	-23	1028	153	-478	-468	-280	-2240	
12202673	12086	39	55	-26	948	19	-19	1026	147	-472	-462	-210	-1820	
12214755	12082	31	47	-30	967	11	-13	1032	147	-475	-457	-210	-1680	
12226838	12083	31	-22	932	5	-12	1026	144	-480	-462	-140	-2100	-770	
12238918	12080	59	-30	963	7	-11	1034	150	-475	-463	-70	-2100	-840	
12251000	12082	35	-30	967	7	-11	1035	144	-471	-462	-210	-2100	-770	
12263083	12083	35	-22	983	7	-11	1032	147	-477	-456	-210	-2100	-770	
12275164	12081	43	-26	971	8	-13	1034	145	-475	-460	-140	-2100	-840	
12287247	12083	39	-22	975	7	-14	1035	151	-481	-462	-140	-1960	-770	
12299326	12079	47	-15	944	7	-15	1032	147	-478	-462	-210	-2170	-770	
12311407	12081	51	-19	967	9	-16	1034	147	-469	-463	-210	-2170	-770	
12323488	12081	51	-7	971	15	-22	1038	142	-471	-468	-210	-2100	-840	
12335566	12078	55	-15	952	19	-23	1028	153	-478	-468	-280	-2240	-840	
12347647	12081	55	-26	948	19	-19	1026	147	-472	-462	-210	-1820	-910	
12359731	12084	47	-30	967	11	-13	1032	147	-475	-457	-210	-1680	-840	
