3	0	168	47	125	20	125	51	35	113	-100	234	74	-475	
12082	12079	-3	16	39	62	55	133	-233	-112	-167	460	246	335	
24162	12080	-15	43	39	148	35	273	-292	285	43	226	-3	164	
36246	12084	-19	39	62	-11	74	211	-217	78	-50	47	211	355	
48329	12083	109	39	90	-108	-120	-132	195	218	23	86	-245	74	
60413	12084	16	16	59	23	-54	20	140	129	230	-46	351	20	
72494	12081	0	27	74	-61	285	101	51	242	425	-284	-116	172	
84576	12082	74	27	20	117	4	-241	-198	129	332	-124	39	-38	
96659	12083	94	51	51	59	109	-38	-42	324	-214	-151	109	156	
108739	12080	20	51	27	78	-97	23	168	101	-104	164	218	-97	
120818	12079	-22	12	51	82	-22	-116	-331	156	-186	257	55	0	
132900	12082	113	74	12	27	55	-229	-85	-120	-366	-264	-272	-120	
144979	12079	47	125	20	125	51	35	113	-100	234	74	-475	101	
157063	12084	16	39	62	55	133	-233	-112	-167	460	246	335	74	
169141	12078	43	39	148	35	273	-292	285	43	226	-3	164	148	
181225	12084	39	62	-11	74	211	-217	78	-50	47	211	355	-405	
193305	12080	39	90	-108	-120	-132	195	218	23	86	-245	74	191	
205386	12081	16	59	23	-54	20	140	129	230	-46	351	20	-61	
217468	12082	27	74	-61	285	101	51	242	425	-284	-116	172	581	
229549	12081	27	20	117	4	-241	-198	129	332	-124	39	-38	78	
241631	12082	51	51	59	109	-38	-42	324	-214	-151	109	156	211	
253711	12080	51	27	78	-97	23	168	101	-104	164	218	-97	-15	
265792	12081	12	51	82	-22	-116	-331	156	-186	257	55	0	269	
277875	12083	74	12	27	55	-229	-85	-120	-366	-264	-272	-120	-475	
289957	12082	125	20	125	51	35	113	-100	234	74	-475	101	-11	
302039	12082	39	62	55	133	-233	-112	-167	460	246	335	74	-288	
314120	12081	39	148	35	273	-292	285	43	226	-3	164	148	-299	
326202	12082	62	-11	74	211	-217	78	-50	47	211	355	-405	-69	
338283	12081	90	-108	-120	-132	195	218	23	86	-245	74	191	-401	
350359	12076	59	23	-54	20	140	129	230	-46	351	20	-61	-143	
362440	12081	74	-61	285	101	51	242	425	-284	-116	172	581	-436	
374520	12080	20	117	4	-241	-198	129	332	-124	39	-38	78	285	
386604	12084	51	59	109	-38	-42	324	-214	-151	109	156	211	199	
398686	12082	27	78	-97	23	168	101	-104	164	218	-97	-15	-155	
410766	12080	51	82	-22	-116	-331	156	-186	257	55	0	269	101	
422849	12083	12	27	55	-229	-85	-120	-366	-264	-272	-120	-475	20	
434930	12081	20	125	51	35	113	-100	234	74	-475	101	-11	-132	
447014	12084	62	55	133	-233	-112	-167	460	246	335	74	-288	-42	
459095	12081	148	35	273	-292	285	43	226	-3	164	148	-299	-22	
471179	12084	-11	74	211	-217	78	-50	47	211	355	-405	-69	121	
483258	12079	-108	-120	-132	195	218	23	86	-245	74	191	-401	-89	
495338	12080	23	-54	20	140	129	230	-46	351	20	-61	-143	-284	
507421	12083	-61	285	101	51	242	425	-284	-116	172	581	-436	35	
519502	12081	117	4	-241	-198	129	332	-124	39	-38	78	285	51	
531583	12081	59	109	-38	-42	324	-214	-151	109	156	211	199	35	
543667	12084	78	-97	23	168	101	-104	164	218	-97	-15	-155	140	
555749	12082	82	-22	-116	-331	156	-186	257	55	0	269	101	254	
567833	12084	27	55	-229	-85	-120	-366	-264	-272	-120	-475	20	8	
579914	12081	125	51	35	113	-100	234	74	-475	101	-11	-132	66	
591994	12080	55	133	-233	-112	-167	460	246	335	74	-288	-42	222	
604078	12084	35	273	-292	285	43	226	-3	164	148	-299	-22	31	
616159	12081	74	211	-217	78	-50	47	211	355	-405	-69	121	-19	
628237	12078	-120	-132	195	218	23	86	-245	74	191	-401	-89	121	
640318	12081	-54	20	140	129	230	-46	351	20	-61	-143	-284	-116	
652399	12081	285	101	51	242	425	-284	-116	172	581	-436	35	16	
664482	12083	4	-241	-198	129	332	-124	39	-38	78	285	51	35	
676562	12080	109	-38	-42	324	-214	-151	109	156	211	199	35	101	
688646	12084	-97	23	168	101	-104	164	218	-97	-15	-155	140	59	
700728	12082	-22	-116	-331	156	-186	257	55	0	269	101	254	-3	
712813	12085	55	-229	-85	-120	-366	-264	-272	-120	-475	20	8	304	
724896	12083	51	35	113	-100	234	74	-475	101	-11	-132	66	160	
736974	12078	133	-233	-112	-167	460	246	335	74	-288	-42	222	-58	
749054	12080	273	-292	285	43	226	-3	164	148	-299	-22	31	66	
761135	12081	211	-217	78	-50	47	211	355	-405	-69	121	-19	-26	
773216	12081	-132	195	218	23	86	-245	74	191	-401	-89	121	-15	
785298	12082	20	140	129	230	-46	351	20	-61	-143	-284	-116	20	
797378	12080	101	51	242	425	-284	-116	172	581	-436	35	16	82	
809459	12081	-241	-198	129	332	-124	39	-38	78	285	51	35	82	
821540	12081	-38	-42	324	-214	-151	109	156	211	199	35	101	300	
833622	12082	23	168	101	-104	164	218	-97	-15	-155	140	59	148	
845705	12083	-116	-331	156	-186	257	55	0	269	101	254	-3	55	
857787	12082	-229	-85	-120	-366	-264	-272	-120	-475	20	8	304	23	
869869	12082	35	113	-100	234	74	-475	101	-11	-132	66	160	156	
881951	12082	-233	-112	-167	460	246	335	74	-288	-42	222	-58	-108	
894033	12082	-292	285	43	226	-3	164	148	-299	-22	31	66	148	
906112	12079	-217	78	-50	47	211	355	-405	-69	121	-19	-26	-128	
918192	12080	195	218	23	86	-245	74	191	-401	-89	121	-15	43	
930274	12082	140	129	230	-46	351	20	-61	-143	-284	-116	20	308	
942353	12079	51	242	425	-284	-116	172	581	-436	35	16	82	74	
954437	12084	-198	129	332	-124	39	-38	78	285	51	35	82	269	
966517	12080	-42	324	-214	-151	109	156	211	199	35	101	300	-46	
978601	12084	168	101	-104	164	218	-97	-15	-155	140	59	148	-272	
990684	12083	-331	156	-186	257	55	0	269	101	254	-3	55	113	
1002764	12080	-85	-120	-366	-264	-272	-120	-475	20	8	304	23	31	
1014846	12082	113	-100	234	74	-475	101	-11	-132	66	160	156	-178	
1026928	12082	-112	-167	460	246	335	74	-288	-42	222	-58	-108	148	
1039009	12081	285	43	226	-3	164	148	-299	-22	31	66	148	23	
1051089	12080	78	-50	47	211	355	-405	-69	121	-19	-26	-128	121	
1063170	12081	218	23	86	-245	74	191	-401	-89	121	-15	43	257	
1075250	12080	129	230	-46	351	20	-61	-143	-284	-116	20	308	70	
1087331	12081	242	425	-284	-116	172	581	-436	35	16	82	74	156	
1099410	12079	129	332	-124	39	-38	78	285	51	35	82	269	121	
1111494	12084	324	-214	-151	109	156	211	199	35	101	300	-46	-46	
1123577	12083	101	-104	164	218	-97	-15	-155	140	59	148	-272	117	
1135661	12084	156	-186	257	55	0	269	101	254	-3	55	113	20	
1147743	12082	-120	-366	-264	-272	-120	-475	20	8	304	23	31	90	
1159828	12085	-100	234	74	-475	101	-11	-132	66	160	156	-178	27	
1171909	12081	-167	460	246	335	74	-288	-42	222	-58	-108	148	148	
1183990	12081	43	226	-3	164	148	-299	-22	31	66	148	23	-46	
1196075	12085	-50	47	211	355	-405	-69	121	-19	-26	-128	121	98	
1208157	12082	23	86	-245	74	191	-401	-89	121	-15	43	257	39	
1220240	12083	230	-46	351	20	-61	-143	-284	-116	20	308	70	47	
1232321	12081	425	-284	-116	172	581	-436	35	16	82	74	156	121	
1244402	12081	332	-124	39	-38	78	285	51	35	82	269	121	82	
1256485	12083	-214	-151	109	156	211	199	35	101	300	-46	-46	62	
1268568	12083	-104	164	218	-97	-15	-155	140	59	148	-272	117	8	
1280652	12084	-186	257	55	0	269	101	254	-3	55	113	20	39	
1292732	12080	-366	-264	-272	-120	-475	20	8	304	23	31	90	51	
1304814	12082	234	74	-475	101	-11	-132	66	160	156	-178	27	70	
1316896	12082	460	246	335	74	-288	-42	222	-58	-108	148	148	62	
1328979	12083	226	-3	164	148	-299	-22	31	66	148	23	-46	94	
1341061	12082	47	211	355	-405	-69	121	-19	-26	-128	121	98	27	
1353143	12082	86	-245	74	191	-401	-89	121	-15	43	257	39	101	
1365229	12086	-46	351	20	-61	-143	-284	-116	20	308	70	47	27	
1377311	12082	-284	-116	172	581	-436	35	16	82	74	156	121	51	
1389393	12082	-124	39	-38	78	285	51	35	82	269	121	82	90	
1401477	12084	-151	109	156	211	199	35	101	300	-46	-46	62	27	
1413561	12084	164	218	-97	-15	-155	140	59	148	-272	117	8	39	
1425645	12084	257	55	0	269	101	254	-3	55	113	20	39	23	
1437728	12083	-264	-272	-120	-475	20	8	304	23	31	90	51	70	
1449813	12085	74	-475	101	-11	-132	66	160	156	-178	27	70	94	
1461892	12079	246	335	74	-288	-42	222	-58	-108	148	148	62	101	
1473974	12082	-3	164	148	-299	-22	31	66	148	23	-46	94	82	
1486053	12079	211	355	-405	-69	121	-19	-26	-128	121	98	27	0	
1498136	12083	-245	74	191	-401	-89	121	-15	43	257	39	101	-34	
1510220	12084	351	20	-61	-143	-284	-116	20	308	70	47	27	16	
1522302	12082	-116	172	581	-436	35	16	82	74	156	121	51	129	
1534384	12082	39	-38	78	285	51	35	82	269	121	82	90	113	
1546464	12080	109	156	211	199	35	101	300	-46	-46	62	27	70	
1558547	12083	218	-97	-15	-155	140	59	148	-272	117	8	39	-50	
1570631	12084	55	0	269	101	254	-3	55	113	20	39	23	86	
1582711	12080	-272	-120	-475	20	8	304	23	31	90	51	70	-26	
1594793	12082	-475	101	-11	-132	66	160	156	-178	27	70	94	-19	
1606874	12081	335	74	-288	-42	222	-58	-108	148	148	62	101	35	
1618956	12082	164	148	-299	-22	31	66	148	23	-46	94	82	-198	
1631038	12082	355	-405	-69	121	-19	-26	-128	121	98	27	0	137	
1643116	12078	74	191	-401	-89	121	-15	43	257	39	101	-34	74	
1655198	12082	20	-61	-143	-284	-116	20	308	70	47	27	16	-73	
1667279	12081	172	581	-436	35	16	82	74	156	121	51	129	-50	
1679361	12082	-38	78	285	51	35	82	269	121	82	90	113	-61	
1691442	12081	156	211	199	35	101	300	-46	-46	62	27	70	273	
1703525	12083	-97	-15	-155	140	59	148	-272	117	8	39	-50	148	
1715608	12083	0	269	101	254	-3	55	113	20	39	23	86	293	
1727688	12080	-120	-475	20	8	304	23	31	90	51	70	-26	137	
1739769	12081	101	-11	-132	66	160	156	-178	27	70	94	-19	-46	
1751851	12082	74	-288	-42	222	-58	-108	148	148	62	101	35	4	
1763933	12082	148	-299	-22	31	66	148	23	-46	94	82	-198	160	
1776014	12081	-405	-69	121	-19	-26	-128	121	98	27	0	137	148	
1788094	12080	191	-401	-89	121	-15	43	257	39	101	-34	74	47	
1800174	12080	-61	-143	-284	-116	20	308	70	47	27	16	-73	-42	
1812255	12081	581	-436	35	16	82	74	156	121	51	129	-50	-26	
1824339	12084	78	285	51	35	82	269	121	82	90	113	-61	-34	
1836416	12077	211	199	35	101	300	-46	-46	62	27	70	273	86	
1848497	12081	-15	-155	140	59	148	-272	117	8	39	-50	148	117	
1860578	12081	269	101	254	-3	55	113	20	39	23	86	293	246	
1872660	12082	-475	20	8	304	23	31	90	51	70	-26	137	4	
1884740	12080	-11	-132	66	160	156	-178	27	70	94	-19	-46	70	
1896822	12082	-288	-42	222	-58	-108	148	148	62	101	35	4	203	
1908904	12082	-299	-22	31	66	148	23	-46	94	82	-198	160	74	
1920982	12078	-69	121	-19	-26	-128	121	98	27	0	137	148	-89	
1933065	12083	-401	-89	121	-15	43	257	39	101	-34	74	47	62	
1945144	12079	-143	-284	-116	20	308	70	47	27	16	-73	-42	113	
1957225	12081	-436	35	16	82	74	156	121	51	129	-50	-26	125	
1969303	12078	285	51	35	82	269	121	82	90	113	-61	-34	-163	
1981383	12080	199	35	101	300	-46	-46	62	27	70	273	86	-89	
1993462	12079	-155	140	59	148	-272	117	8	39	-50	148	117	195	
2005542	12080	101	254	-3	55	113	20	39	23	86	293	246	-46	
2017624	12082	20	8	304	23	31	90	51	70	-26	137	4	-139	
2029704	12080	-132	66	160	156	-178	27	70	94	-19	-46	70	-26	
2041786	12082	-42	222	-58	-108	148	148	62	101	35	4	203	-19	
2053869	12083	-22	31	66	148	23	-46	94	82	-198	160	74	121	
2065949	12080	121	-19	-26	-128	121	98	27	0	137	148	-89	16	
2078033	12084	-89	121	-15	43	257	39	101	-34	74	47	62	55	
2090113	12080	-284	-116	20	308	70	47	27	16	-73	-42	113	-3	
2102192	12079	35	16	82	74	156	121	51	129	-50	-26	125	12	
2114274	12082	51	35	82	269	121	82	90	113	-61	-34	-163	90	
2126354	12080	35	101	300	-46	-46	62	27	70	273	86	-89	-69	
2138437	12083	140	59	148	-272	117	8	39	-50	148	117	195	109	
2150519	12082	254	-3	55	113	20	39	23	86	293	246	-46	66	
2162601	12082	8	304	23	31	90	51	70	-26	137	4	-139	59	
2174686	12085	66	160	156	-178	27	70	94	-19	-46	70	-26	-225	
2186766	12080	222	-58	-108	148	148	62	101	35	4	203	-19	168	
2198847	12081	31	66	148	23	-46	94	82	-198	160	74	121	-7	
2210930	12083	-19	-26	-128	121	98	27	0	137	148	-89	16	12	
2223012	12082	121	-15	43	257	39	101	-34	74	47	62	55	-116	
2235093	12081	-116	20	308	70	47	27	16	-73	-42	113	-3	90	
2247177	12084	16	82	74	156	121	51	129	-50	-26	125	12	129	
2259259	12082	35	82	269	121	82	90	113	-61	-34	-163	90	74	
2271340	12081	101	300	-46	-46	62	27	70	273	86	-89	-69	179	
2283422	12082	59	148	-272	117	8	39	-50	148	117	195	109	203	
2295504	12082	-3	55	113	20	39	23	86	293	246	-46	66	148	
2307588	12084	304	23	31	90	51	70	-26	137	4	-139	59	31	
2319672	12084	160	156	-178	27	70	94	-19	-46	70	-26	-225	144	
2331754	12082	-58	-108	148	148	62	101	35	4	203	-19	168	16	
2343836	12082	66	148	23	-46	94	82	-198	160	74	121	-7	-22	
2355917	12081	-26	-128	121	98	27	0	137	148	-89	16	12	-11	
2367999	12082	-15	43	257	39	101	-34	74	47	62	55	-116	35	
2380080	12081	20	308	70	47	27	16	-73	-42	113	-3	90	133	
2392157	12077	82	74	156	121	51	129	-50	-26	125	12	129	47	
2404240	12083	82	269	121	82	90	113	-61	-34	-163	90	74	47	
2416321	12081	300	-46	-46	62	27	70	273	86	-89	-69	179	98	
2428402	12081	148	-272	117	8	39	-50	148	117	195	109	203	277	
2440485	12083	55	113	20	39	23	86	293	246	-46	66	148	16	
2452565	12080	23	31	90	51	70	-26	137	4	-139	59	31	-77	
2464649	12084	156	-178	27	70	94	-19	-46	70	-26	-225	144	-11	
2476731	12082	-108	148	148	62	101	35	4	203	-19	168	16	-42	
2488815	12084	148	23	-46	94	82	-198	160	74	121	-7	-22	74	
2500896	12081	-128	121	98	27	0	137	148	-89	16	12	-11	152	
2512976	12080	43	257	39	101	-34	74	47	62	55	-116	35	-26	
2525062	12086	308	70	47	27	16	-73	-42	113	-3	90	133	339	
2537143	12081	74	156	121	51	129	-50	-26	125	12	129	47	-97	
2549229	12086	269	121	82	90	113	-61	-34	-163	90	74	47	35	
2561312	12083	-46	-46	62	27	70	273	86	-89	-69	179	98	-54	
2573393	12081	-272	117	8	39	-50	148	117	195	109	203	277	140	
2585477	12084	113	20	39	23	86	293	246	-46	66	148	16	-34	
2597559	12082	31	90	51	70	-26	137	4	-139	59	31	-77	140	
2609643	12084	-178	27	70	94	-19	-46	70	-26	-225	144	-11	-3	
2621725	12082	148	148	62	101	35	4	203	-19	168	16	-42	117	
2633809	12084	23	-46	94	82	-198	160	74	121	-7	-22	74	117	
2645890	12081	121	98	27	0	137	148	-89	16	12	-11	152	-34	
2657974	12084	257	39	101	-34	74	47	62	55	-116	35	-26	39	
2670055	12081	70	47	27	16	-73	-42	113	-3	90	133	339	78	
2682135	12080	156	121	51	129	-50	-26	125	12	129	47	-97	-124	
2694216	12081	121	82	90	113	-61	-34	-163	90	74	47	35	-124	
2706297	12081	-46	62	27	70	273	86	-89	-69	179	98	-54	70	
2718378	12081	117	8	39	-50	148	117	195	109	203	277	140	-89	
2730459	12081	20	39	23	86	293	246	-46	66	148	16	-34	-26	
2742540	12081	90	51	70	-26	137	4	-139	59	31	-77	140	-19	
2754624	12084	27	70	94	-19	-46	70	-26	-225	144	-11	-3	-249	
2766705	12081	148	62	101	35	4	203	-19	168	16	-42	117	-198	
2778787	12082	-46	94	82	-198	160	74	121	-7	-22	74	117	-155	
2790870	12083	98	27	0	137	148	-89	16	12	-11	152	-34	-50	
2802951	12081	39	101	-34	74	47	62	55	-116	35	-26	39	261	
2815033	12082	47	27	16	-73	-42	113	-3	90	133	339	78	-3	
2827115	12082	121	51	129	-50	-26	125	12	129	47	-97	-124	105	
2839195	12080	82	90	113	-61	-34	-163	90	74	47	35	-124	137	
2851278	12083	62	27	70	273	86	-89	-69	179	98	-54	70	382	
2863359	12081	8	39	-50	148	117	195	109	203	277	140	-89	164	
2875439	12080	39	23	86	293	246	-46	66	148	16	-34	-26	222	
2887519	12080	51	70	-26	137	4	-139	59	31	-77	140	-19	-19	
2899604	12085	70	94	-19	-46	70	-26	-225	144	-11	-3	-249	-217	
2911686	12082	62	101	35	4	203	-19	168	16	-42	117	-198	-54	
2923768	12082	94	82	-198	160	74	121	-7	-22	74	117	-155	31	
2935849	12081	27	0	137	148	-89	16	12	-11	152	-34	-50	-77	
2947930	12081	101	-34	74	47	62	55	-116	35	-26	39	261	51	
2960014	12084	27	16	-73	-42	113	-3	90	133	339	78	-3	8	
2972095	12081	51	129	-50	-26	125	12	129	47	-97	-124	105	144	
2984178	12083	90	113	-61	-34	-163	90	74	47	35	-124	137	191	
2996260	12082	27	70	273	86	-89	-69	179	98	-54	70	382	472	
3008340	12080	39	-50	148	117	195	109	203	277	140	-89	164	-26	
3020422	12082	23	86	293	246	-46	66	148	16	-34	-26	222	148	
3032504	12082	70	-26	137	4	-139	59	31	-77	140	-19	-19	222	
3044588	12084	94	-19	-46	70	-26	-225	144	-11	-3	-249	-217	117	
3056672	12084	101	35	4	203	-19	168	16	-42	117	-198	-54	109	
3068755	12083	82	-198	160	74	121	-7	-22	74	117	-155	31	23	
3080841	12086	0	137	148	-89	16	12	-11	152	-34	-50	-77	-190	
3092920	12079	-34	74	47	62	55	-116	35	-26	39	261	51	74	
3105005	12085	16	-73	-42	113	-3	90	133	339	78	-3	8	-163	
3117086	12081	129	-50	-26	125	12	129	47	-97	-124	105	144	254	
3129169	12083	113	-61	-34	-163	90	74	47	35	-124	137	191	51	
3141251	12082	70	273	86	-89	-69	179	98	-54	70	382	472	215	
3153334	12083	-50	148	117	195	109	203	277	140	-89	164	-26	137	
3165416	12082	86	293	246	-46	66	148	16	-34	-26	222	148	78	
3177498	12082	-26	137	4	-139	59	31	-77	140	-19	-19	222	-151	
3189580	12082	-19	-46	70	-26	-225	144	-11	-3	-249	-217	117	43	
3201663	12083	35	4	203	-19	168	16	-42	117	-198	-54	109	78	
3213743	12080	-198	160	74	121	-7	-22	74	117	-155	31	23	16	
3225828	12085	137	148	-89	16	12	-11	152	-34	-50	-77	-190	55	
3237910	12082	74	47	62	55	-116	35	-26	39	261	51	74	144	
3249990	12080	-73	-42	113	-3	90	133	339	78	-3	8	-163	12	
3262073	12083	-50	-26	125	12	129	47	-97	-124	105	144	254	55	
3274154	12081	-61	-34	-163	90	74	47	35	-124	137	191	51	257	
3286237	12083	273	86	-89	-69	179	98	-54	70	382	472	215	293	
3298319	12082	148	117	195	109	203	277	140	-89	164	-26	137	-229	
3310400	12081	293	246	-46	66	148	16	-34	-26	222	148	78	-151	
3322483	12083	137	4	-139	59	31	-77	140	-19	-19	222	-151	211	
3334562	12079	-46	70	-26	-225	144	-11	-3	-249	-217	117	43	51	
3346645	12083	4	203	-19	168	16	-42	117	-198	-54	109	78	183	
3358725	12080	160	74	121	-7	-22	74	117	-155	31	23	16	-69	
3370806	12081	148	-89	16	12	-11	152	-34	-50	-77	-190	55	207	
3382888	12082	47	62	55	-116	35	-26	39	261	51	74	144	27	
3394968	12080	-42	113	-3	90	133	339	78	-3	8	-163	12	31	
3407050	12082	-26	125	12	129	47	-97	-124	105	144	254	55	43	
3419130	12080	-34	-163	90	74	47	35	-124	137	191	51	257	4	
3431214	12084	86	-89	-69	179	98	-54	70	382	472	215	293	-69	
3443296	12082	117	195	109	203	277	140	-89	164	-26	137	-229	-178	
3455374	12078	246	-46	66	148	16	-34	-26	222	148	78	-151	78	
3467458	12084	4	-139	59	31	-77	140	-19	-19	222	-151	211	211	
3479540	12082	70	-26	-225	144	-11	-3	-249	-217	117	43	51	-89	
3491624	12084	203	-19	168	16	-42	117	-198	-54	109	78	183	82	
3503706	12082	74	121	-7	-22	74	117	-155	31	23	16	-69	47	
3515790	12084	-89	16	12	-11	152	-34	-50	-77	-190	55	207	66	
3527871	12081	62	55	-116	35	-26	39	261	51	74	144	27	55	
3539951	12080	113	-3	90	133	339	78	-3	8	-163	12	31	98	
3552033	12082	125	12	129	47	-97	-124	105	144	254	55	43	98	
3564114	12081	-163	90	74	47	35	-124	137	191	51	257	4	-42	
3576194	12080	-89	-69	179	98	-54	70	382	472	215	293	-69	121	
3588276	12082	195	109	203	277	140	-89	164	-26	137	-229	-178	-34	
3600357	12081	-46	66	148	16	-34	-26	222	148	78	-151	78	0	
3612440	12083	-139	59	31	-77	140	-19	-19	222	-151	211	211	-178	
3624520	12080	-26	-225	144	-11	-3	-249	-217	117	43	51	-89	-46	
3636601	12081	-19	168	16	-42	117	-198	-54	109	78	183	82	-93	
3648682	12081	121	-7	-22	74	117	-155	31	23	16	-69	47	-61	
3660764	12082	16	12	-11	152	-34	-50	-77	-190	55	207	66	140	
3672849	12085	55	-116	35	-26	39	261	51	74	144	27	55	43	
3684930	12081	-3	90	133	339	78	-3	8	-163	12	31	98	218	
3697015	12085	12	129	47	-97	-124	105	144	254	55	43	98	-15	
3709098	12083	90	74	47	35	-124	137	191	51	257	4	-42	4	
3721180	12082	-69	179	98	-54	70	382	472	215	293	-69	121	117	
3733261	12081	109	203	277	140	-89	164	-26	137	-229	-178	-34	-38	
3745341	12080	66	148	16	-34	-26	222	148	78	-151	78	0	74	
3757422	12081	59	31	-77	140	-19	-19	222	-151	211	211	-178	78	
3769505	12083	-225	144	-11	-3	-249	-217	117	43	51	-89	-46	152	
3781587	12082	168	16	-42	117	-198	-54	109	78	183	82	-93	-7	
3793671	12084	-7	-22	74	117	-155	31	23	16	-69	47	-61	-26	
3805753	12082	12	-11	152	-34	-50	-77	-190	55	207	66	140	47	
3817836	12083	-116	35	-26	39	261	51	74	144	27	55	43	43	
3829916	12080	90	133	339	78	-3	8	-163	12	31	98	218	27	
3842001	12085	129	47	-97	-124	105	144	254	55	43	98	-15	39	
3854079	12078	74	47	35	-124	137	191	51	257	4	-42	4	35	
3866158	12079	179	98	-54	70	382	472	215	293	-69	121	117	43	
3878240	12082	203	277	140	-89	164	-26	137	-229	-178	-34	-38	39	
3890321	12081	148	16	-34	-26	222	148	78	-151	78	0	74	31	
3902402	12081	31	-77	140	-19	-19	222	-151	211	211	-178	78	59	
3914485	12083	144	-11	-3	-249	-217	117	43	51	-89	-46	152	51	
3926564	12079	16	-42	117	-198	-54	109	78	183	82	-93	-7	27	
3938647	12083	-22	74	117	-155	31	23	16	-69	47	-61	-26	51	
3950728	12081	-11	152	-34	-50	-77	-190	55	207	66	140	47	39	
3962813	12085	35	-26	39	261	51	74	144	27	55	43	43	62	
3974896	12083	133	339	78	-3	8	-163	12	31	98	218	27	39	
3986977	12081	47	-97	-124	105	144	254	55	43	98	-15	39	51	
3999061	12084	47	35	-124	137	191	51	257	4	-42	4	35	8	
4011143	12082	98	-54	70	382	472	215	293	-69	121	117	43	55	
4023229	12086	277	140	-89	164	-26	137	-229	-178	-34	-38	39	43	
4035312	12083	16	-34	-26	222	148	78	-151	78	0	74	31	82	
4047393	12081	-77	140	-19	-19	222	-151	211	211	-178	78	59	27	
4059479	12086	-11	-3	-249	-217	117	43	51	-89	-46	152	51	109	
4071559	12080	-42	117	-198	-54	109	78	183	82	-93	-7	27	148	
4083641	12082	74	117	-155	31	23	16	-69	47	-61	-26	51	55	
4095723	12082	152	-34	-50	-77	-190	55	207	66	140	47	39	105	
4107804	12081	-26	39	261	51	74	144	27	55	43	43	62	31	
4119886	12082	339	78	-3	8	-163	12	31	98	218	27	39	62	
4131966	12080	-97	-124	105	144	254	55	43	98	-15	39	51	144	
4144047	12081	35	-124	137	191	51	257	4	-42	4	35	8	43	
4156127	12080	-54	70	382	472	215	293	-69	121	117	43	55	-151	
4168207	12080	140	-89	164	-26	137	-229	-178	-34	-38	39	43	62	
4180289	12082	-34	-26	222	148	78	-151	78	0	74	31	82	-3	
4192370	12081	140	-19	-19	222	-151	211	211	-178	78	59	27	82	
4204453	12083	-3	-249	-217	117	43	51	-89	-46	152	51	109	105	
4216537	12084	117	-198	-54	109	78	183	82	-93	-7	27	148	-77	
4228619	12082	117	-155	31	23	16	-69	47	-61	-26	51	55	144	
4240699	12080	-34	-50	-77	-190	55	207	66	140	47	39	105	-61	
4252782	12083	39	261	51	74	144	27	55	43	43	62	31	-120	
4264867	12085	78	-3	8	-163	12	31	98	218	27	39	62	-108	
4276947	12080	-124	105	144	254	55	43	98	-15	39	51	144	320	
4289029	12082	-124	137	191	51	257	4	-42	4	35	8	43	-58	
4301110	12081	70	382	472	215	293	-69	121	117	43	55	-151	12	
4313189	12079	-89	164	-26	137	-229	-178	-34	-38	39	43	62	140	
4325274	12085	-26	222	148	78	-151	78	0	74	31	82	-3	168	
4337354	12080	-19	-19	222	-151	211	211	-178	78	59	27	82	39	
4349435	12081	-249	-217	117	43	51	-89	-46	152	51	109	105	-116	
4361517	12082	-198	-54	109	78	183	82	-93	-7	27	148	-77	0	
4373600	12083	-155	31	23	16	-69	47	-61	-26	51	55	144	137	
4385682	12082	-50	-77	-190	55	207	66	140	47	39	105	-61	-19	
4397764	12082	261	51	74	144	27	55	43	43	62	31	-120	101	
4409844	12080	-3	8	-163	12	31	98	218	27	39	62	-108	-108	
4421926	12082	105	144	254	55	43	98	-15	39	51	144	320	199	
4434009	12083	137	191	51	257	4	-42	4	35	8	43	-58	0	
4446089	12080	382	472	215	293	-69	121	117	43	55	-151	12	148	
4458169	12080	164	-26	137	-229	-178	-34	-38	39	43	62	140	-19	
4470251	12082	222	148	78	-151	78	0	74	31	82	-3	168	90	
4482334	12083	-19	222	-151	211	211	-178	78	59	27	82	39	-15	
4494415	12081	-217	117	43	51	-89	-46	152	51	109	105	-116	222	
4506498	12083	-54	109	78	183	82	-93	-7	27	148	-77	0	62	
4518580	12082	31	23	16	-69	47	-61	-26	51	55	144	137	168	
4530662	12082	-77	-190	55	207	66	140	47	39	105	-61	-19	176	
4542742	12080	51	74	144	27	55	43	43	62	31	-120	101	-38	
4554826	12084	8	-163	12	31	98	218	27	39	62	-108	-108	16	
4566908	12082	144	254	55	43	98	-15	39	51	144	320	199	-85	
4578989	12081	191	51	257	4	-42	4	35	8	43	-58	0	109	
4591071	12082	472	215	293	-69	121	117	43	55	-151	12	148	-85	
4603154	12083	-26	137	-229	-178	-34	-38	39	43	62	140	-19	-7	
4615237	12083	148	78	-151	78	0	74	31	82	-3	168	90	35	
4627315	12078	222	-151	211	211	-178	78	59	27	82	39	-15	277	
4639399	12084	117	43	51	-89	-46	152	51	109	105	-116	222	125	
4651481	12082	109	78	183	82	-93	-7	27	148	-77	0	62	172	
4663564	12083	23	16	-69	47	-61	-26	51	55	144	137	168	113	
4675644	12080	-190	55	207	66	140	47	39	105	-61	-19	176	-46	
4687726	12082	74	144	27	55	43	43	62	31	-120	101	-38	-15	
4699809	12083	-163	12	31	98	218	27	39	62	-108	-108	16	43	
4711890	12081	254	55	43	98	-15	39	51	144	320	199	-85	98	
4723973	12083	51	257	4	-42	4	35	8	43	-58	0	109	31	
4736055	12082	215	293	-69	121	117	43	55	-151	12	148	-85	199	
4748134	12079	137	-229	-178	-34	-38	39	43	62	140	-19	-7	98	
4760216	12082	78	-151	78	0	74	31	82	-3	168	90	35	324	
4772296	12080	-151	211	211	-178	78	59	27	82	39	-15	277	66	
4784380	12084	43	51	-89	-46	152	51	109	105	-116	222	125	74	
4796462	12082	78	183	82	-93	-7	27	148	-77	0	62	172	105	
4808543	12081	16	-69	47	-61	-26	51	55	144	137	168	113	62	
4820625	12082	55	207	66	140	47	39	105	-61	-19	176	-46	117	
4832706	12081	144	27	55	43	43	62	31	-120	101	-38	-15	51	
4844790	12084	12	31	98	218	27	39	62	-108	-108	16	43	23	
4856871	12081	55	43	98	-15	39	51	144	320	199	-85	98	35	
4868951	12080	257	4	-42	4	35	8	43	-58	0	109	31	0	
4881033	12082	293	-69	121	117	43	55	-151	12	148	-85	199	35	
4893115	12082	-229	-178	-34	-38	39	43	62	140	-19	-7	98	74	
4905197	12082	-151	78	0	74	31	82	-3	168	90	35	324	31	
4917278	12081	211	211	-178	78	59	27	82	39	-15	277	66	62	
4929362	12084	51	-89	-46	152	51	109	105	-116	222	125	74	66	
4941443	12081	183	82	-93	-7	27	148	-77	0	62	172	105	94	
4953528	12085	-69	47	-61	-26	51	55	144	137	168	113	62	20	
4965610	12082	207	66	140	47	39	105	-61	-19	176	-46	117	51	
4977692	12082	27	55	43	43	62	31	-120	101	-38	-15	51	39	
4989774	12082	31	98	218	27	39	62	-108	-108	16	43	23	70	
5001855	12081	43	98	-15	39	51	144	320	199	-85	98	35	62	
5013937	12082	4	-42	4	35	8	43	-58	0	109	31	0	39	
5026022	12085	-69	121	117	43	55	-151	12	148	-85	199	35	59	
5038103	12081	-178	-34	-38	39	43	62	140	-19	-7	98	74	47	
5050186	12083	78	0	74	31	82	-3	168	90	35	324	31	20	
5062265	12079	211	-178	78	59	27	82	39	-15	277	66	62	51	
5074347	12082	-89	-46	152	51	109	105	-116	222	125	74	66	78	
5086430	12083	82	-93	-7	27	148	-77	0	62	172	105	94	55	
5098513	12083	47	-61	-26	51	55	144	137	168	113	62	20	59	
5110598	12085	66	140	47	39	105	-61	-19	176	-46	117	51	39	
5122678	12080	55	43	43	62	31	-120	101	-38	-15	51	39	35	
5134762	12084	98	218	27	39	62	-108	-108	16	43	23	70	59	
5146844	12082	98	-15	39	51	144	320	199	-85	98	35	62	74	
5158926	12082	-42	4	35	8	43	-58	0	109	31	0	39	62	
5171009	12083	121	117	43	55	-151	12	148	-85	199	35	59	74	
5183089	12080	-34	-38	39	43	62	140	-19	-7	98	74	47	70	
5195169	12080	0	74	31	82	-3	168	90	35	324	31	20	70	
5207251	12082	-178	78	59	27	82	39	-15	277	66	62	51	16	
5219329	12078	-46	152	51	109	105	-116	222	125	74	66	78	-42	
5231411	12082	-93	-7	27	148	-77	0	62	172	105	94	55	-89	
5243494	12083	-61	-26	51	55	144	137	168	113	62	20	59	90	
5255576	12082	140	47	39	105	-61	-19	176	-46	117	51	39	101	
5267659	12083	43	43	62	31	-120	101	-38	-15	51	39	35	8	
5279738	12079	218	27	39	62	-108	-108	16	43	23	70	59	82	
5291824	12086	-15	39	51	144	320	199	-85	98	35	62	74	59	
5303906	12082	4	35	8	43	-58	0	109	31	0	39	62	62	
5315990	12084	117	43	55	-151	12	148	-85	199	35	59	74	195	
5328073	12083	-38	39	43	62	140	-19	-7	98	74	47	70	144	
5340154	12081	74	31	82	-3	168	90	35	324	31	20	70	-46	
5352235	12081	78	59	27	82	39	-15	277	66	62	51	16	-112	
5364313	12078	152	51	109	105	-116	222	125	74	66	78	-42	-30	
5376392	12079	-7	27	148	-77	0	62	172	105	94	55	-89	109	
5388476	12084	-26	51	55	144	137	168	113	62	20	59	90	101	
5400558	12082	47	39	105	-61	-19	176	-46	117	51	39	101	74	
5412639	12081	43	62	31	-120	101	-38	-15	51	39	35	8	66	
5424720	12081	27	39	62	-108	-108	16	43	23	70	59	82	86	
5436803	12083	39	51	144	320	199	-85	98	35	62	74	59	39	
5448886	12083	35	8	43	-58	0	109	31	0	39	62	62	117	
5460967	12081	43	55	-151	12	148	-85	199	35	59	74	195	59	
5473050	12083	39	43	62	140	-19	-7	98	74	47	70	144	23	
5485130	12080	31	82	-3	168	90	35	324	31	20	70	-46	27	
5497212	12082	59	27	82	39	-15	277	66	62	51	16	-112	-26	
5509293	12081	51	109	105	-116	222	125	74	66	78	-42	-30	59	
5521376	12083	27	148	-77	0	62	172	105	94	55	-89	109	70	
5533460	12084	51	55	144	137	168	113	62	20	59	90	101	35	
5545541	12081	39	105	-61	-19	176	-46	117	51	39	101	74	27	
5557623	12082	62	31	-120	101	-38	-15	51	39	35	8	66	8	
5569706	12083	39	62	-108	-108	16	43	23	70	59	82	86	12	
5581787	12081	51	144	320	199	-85	98	35	62	74	59	39	27	
5593871	12084	8	43	-58	0	109	31	0	39	62	62	117	70	
5605951	12080	55	-151	12	148	-85	199	35	59	74	195	59	98	
5618033	12082	43	62	140	-19	-7	98	74	47	70	144	23	211	
5630114	12081	82	-3	168	90	35	324	31	20	70	-46	27	70	
5642198	12084	27	82	39	-15	277	66	62	51	16	-112	-26	137	
5654278	12080	109	105	-116	222	125	74	66	78	-42	-30	59	101	
5666359	12081	148	-77	0	62	172	105	94	55	-89	109	70	-58	
5678439	12080	55	144	137	168	113	62	20	59	90	101	35	-225	
5690519	12080	105	-61	-19	176	-46	117	51	39	101	74	27	113	
5702601	12082	31	-120	101	-38	-15	51	39	35	8	66	8	148	
5714686	12085	62	-108	-108	16	43	23	70	59	82	86	12	-26	
5726766	12080	144	320	199	-85	98	35	62	74	59	39	27	35	
5738847	12081	43	-58	0	109	31	0	39	62	62	117	70	-77	
5750928	12081	-151	12	148	-85	199	35	59	74	195	59	98	140	
5763008	12080	62	140	-19	-7	98	74	47	70	144	23	211	133	
5775089	12081	-3	168	90	35	324	31	20	70	-46	27	70	-85	
5787169	12080	82	39	-15	277	66	62	51	16	-112	-26	137	55	
5799251	12082	105	-116	222	125	74	66	78	-42	-30	59	101	156	
5811333	12082	-77	0	62	172	105	94	55	-89	109	70	-58	0	
5823416	12083	144	137	168	113	62	20	59	90	101	35	-225	-143	
5835501	12085	-61	-19	176	-46	117	51	39	101	74	27	113	-15	
5847581	12080	-120	101	-38	-15	51	39	35	8	66	8	148	-3	
5859664	12083	-108	-108	16	43	23	70	59	82	86	12	-26	207	
5871745	12081	320	199	-85	98	35	62	74	59	39	27	35	168	
5883826	12081	-58	0	109	31	0	39	62	62	117	70	-77	55	
5895906	12080	12	148	-85	199	35	59	74	195	59	98	140	82	
5907986	12080	140	-19	-7	98	74	47	70	144	23	211	133	-22	
5920068	12082	168	90	35	324	31	20	70	-46	27	70	-85	218	
5932150	12082	39	-15	277	66	62	51	16	-112	-26	137	55	39	
5944231	12081	-116	222	125	74	66	78	-42	-30	59	101	156	66	
5956311	12080	0	62	172	105	94	55	-89	109	70	-58	0	66	
5968396	12085	137	168	113	62	20	59	90	101	35	-225	-143	86	
5980479	12083	-19	176	-46	117	51	39	101	74	27	113	-15	140	
5992561	12082	101	-38	-15	51	39	35	8	66	8	148	-3	98	
6004645	12084	-108	16	43	23	70	59	82	86	12	-26	207	82	
6016724	12079	199	-85	98	35	62	74	59	39	27	35	168	117	
6028809	12085	0	109	31	0	39	62	62	117	70	-77	55	105	
6040890	12081	148	-85	199	35	59	74	195	59	98	140	82	82	
6052971	12081	-19	-7	98	74	47	70	144	23	211	133	-22	62	
6065050	12079	90	35	324	31	20	70	-46	27	70	-85	218	101	
6077130	12080	-15	277	66	62	51	16	-112	-26	137	55	39	16	
6089211	12081	222	125	74	66	78	-42	-30	59	101	156	66	4	
6101291	12080	62	172	105	94	55	-89	109	70	-58	0	66	94	
6113368	12077	168	113	62	20	59	90	101	35	-225	-143	86	62	
6125455	12087	176	-46	117	51	39	101	74	27	113	-15	140	43	
6137536	12081	-38	-15	51	39	35	8	66	8	148	-3	98	98	
6149619	12083	16	43	23	70	59	82	86	12	-26	207	82	39	
6161699	12080	-85	98	35	62	74	59	39	27	35	168	117	59	
6173783	12084	109	31	0	39	62	62	117	70	-77	55	105	39	
6185865	12082	-85	199	35	59	74	195	59	98	140	82	82	59	
6197946	12081	-7	98	74	47	70	144	23	211	133	-22	62	66	
6210033	12087	35	324	31	20	70	-46	27	70	-85	218	101	43	
6222114	12081	277	66	62	51	16	-112	-26	137	55	39	16	55	
6234199	12085	125	74	66	78	-42	-30	59	101	156	66	4	70	
6246281	12082	172	105	94	55	-89	109	70	-58	0	66	94	51	
6258363	12082	113	62	20	59	90	101	35	-225	-143	86	62	70	
6270444	12081	-46	117	51	39	101	74	27	113	-15	140	43	59	
6282526	12082	-15	51	39	35	8	66	8	148	-3	98	98	66	
6294609	12083	43	23	70	59	82	86	12	-26	207	82	39	62	
6306690	12081	98	35	62	74	59	39	27	35	168	117	59	94	
6318772	12082	31	0	39	62	62	117	70	-77	55	105	39	113	
6330855	12083	199	35	59	74	195	59	98	140	82	82	59	78	
6342937	12082	98	74	47	70	144	23	211	133	-22	62	66	51	
6355023	12086	324	31	20	70	-46	27	70	-85	218	101	43	82	
6367103	12080	66	62	51	16	-112	-26	137	55	39	16	55	51	
6379181	12078	74	66	78	-42	-30	59	101	156	66	4	70	51	
6391261	12080	105	94	55	-89	109	70	-58	0	66	94	51	16	
6403342	12081	62	20	59	90	101	35	-225	-143	86	62	70	43	
6415425	12083	117	51	39	101	74	27	113	-15	140	43	59	66	
6427509	12084	51	39	35	8	66	8	148	-3	98	98	66	86	
6439594	12085	23	70	59	82	86	12	-26	207	82	39	62	74	
6451677	12083	35	62	74	59	39	27	35	168	117	59	94	51	
6463759	12082	0	39	62	62	117	70	-77	55	105	39	113	55	
6475838	12079	35	59	74	195	59	98	140	82	82	59	78	43	
6487920	12082	74	47	70	144	23	211	133	-22	62	66	51	117	
6500004	12084	31	20	70	-46	27	70	-85	218	101	43	82	47	
6512086	12082	62	51	16	-112	-26	137	55	39	16	55	51	74	
6524169	12083	66	78	-42	-30	59	101	156	66	4	70	51	62	
6536249	12080	94	55	-89	109	70	-58	0	66	94	51	16	62	
6548331	12082	20	59	90	101	35	-225	-143	86	62	70	43	43	
6560410	12079	51	39	101	74	27	113	-15	140	43	59	66	55	
6572494	12084	39	35	8	66	8	148	-3	98	98	66	86	62	
6584577	12083	70	59	82	86	12	-26	207	82	39	62	74	66	
6596659	12082	62	74	59	39	27	35	168	117	59	94	51	62	
6608738	12079	39	62	62	117	70	-77	55	105	39	113	55	47	
6620823	12085	59	74	195	59	98	140	82	82	59	78	43	39	
6632904	12081	47	70	144	23	211	133	-22	62	66	51	117	51	
6644988	12084	20	70	-46	27	70	-85	218	101	43	82	47	70	
6657069	12081	51	16	-112	-26	137	55	39	16	55	51	74	74	
6669150	12081	78	-42	-30	59	101	156	66	4	70	51	62	66	
6681230	12080	55	-89	109	70	-58	0	66	94	51	16	62	70	
6693311	12081	59	90	101	35	-225	-143	86	62	70	43	43	55	
6705389	12078	39	101	74	27	113	-15	140	43	59	66	55	47	
6717473	12084	35	8	66	8	148	-3	98	98	66	86	62	-30	
6729553	12080	59	82	86	12	-26	207	82	39	62	74	66	62	
6741633	12080	74	59	39	27	35	168	117	59	94	51	62	86	
6753716	12083	62	62	117	70	-77	55	105	39	113	55	47	82	
6765799	12083	74	195	59	98	140	82	82	59	78	43	39	78	
6777881	12082	70	144	23	211	133	-22	62	66	51	117	51	90	
6789962	12081	70	-46	27	70	-85	218	101	43	82	47	70	70	
6802043	12081	16	-112	-26	137	55	39	16	55	51	74	74	90	
6814125	12082	-42	-30	59	101	156	66	4	70	51	62	66	66	
6826206	12081	-89	109	70	-58	0	66	94	51	16	62	70	74	
6838289	12083	90	101	35	-225	-143	86	62	70	43	43	55	82	
6850369	12080	101	74	27	113	-15	140	43	59	66	55	47	66	
6862450	12081	8	66	8	148	-3	98	98	66	86	62	-30	70	
6874531	12081	82	86	12	-26	207	82	39	62	74	66	62	59	
6886614	12083	59	39	27	35	168	117	59	94	51	62	86	39	
6898699	12085	62	117	70	-77	55	105	39	113	55	47	82	47	
6910779	12080	195	59	98	140	82	82	59	78	43	39	78	55	
6922861	12082	144	23	211	133	-22	62	66	51	117	51	90	59	
6934945	12084	-46	27	70	-85	218	101	43	82	47	70	70	59	
6947027	12082	-112	-26	137	55	39	16	55	51	74	74	90	62	
6959110	12083	-30	59	101	156	66	4	70	51	62	66	66	62	
6971191	12081	109	70	-58	0	66	94	51	16	62	70	74	82	
6983274	12083	101	35	-225	-143	86	62	70	43	43	55	82	70	
6995354	12080	74	27	113	-15	140	43	59	66	55	47	66	86	
7007437	12083	66	8	148	-3	98	98	66	86	62	-30	70	62	
7019519	12082	86	12	-26	207	82	39	62	74	66	62	59	74	
7031601	12082	39	27	35	168	117	59	94	51	62	86	39	59	
7043686	12085	117	70	-77	55	105	39	113	55	47	82	47	59	
7055766	12080	59	98	140	82	82	59	78	43	39	78	55	43	
7067848	12082	23	211	133	-22	62	66	51	117	51	90	59	62	
7079928	12080	27	70	-85	218	101	43	82	47	70	70	59	59	
7092008	12080	-26	137	55	39	16	55	51	74	74	90	62	35	
7104088	12080	59	101	156	66	4	70	51	62	66	66	62	43	
7116169	12081	70	-58	0	66	94	51	16	62	70	74	82	55	
7128251	12082	35	-225	-143	86	62	70	43	43	55	82	70	59	
7140333	12082	27	113	-15	140	43	59	66	55	47	66	86	-26	
7152415	12082	8	148	-3	98	98	66	86	62	-30	70	62	176	
7164498	12083	12	-26	207	82	39	62	74	66	62	59	74	-77	
7176577	12079	27	35	168	117	59	94	51	62	86	39	59	59	
7188661	12084	70	-77	55	105	39	113	55	47	82	47	59	78	
7200743	12082	98	140	82	82	59	78	43	39	78	55	43	74	
7212828	12085	211	133	-22	62	66	51	117	51	90	59	62	78	
7224910	12082	70	-85	218	101	43	82	47	70	70	59	59	62	
7236990	12080	137	55	39	16	55	51	74	74	90	62	35	55	
7249073	12083	101	156	66	4	70	51	62	66	66	62	43	35	
7261157	12084	-58	0	66	94	51	16	62	70	74	82	55	218	
7273239	12082	-225	-143	86	62	70	43	43	55	82	70	59	-61	
7285318	12079	113	-15	140	43	59	66	55	47	66	86	-26	137	
7297400	12082	148	-3	98	98	66	86	62	-30	70	62	176	98	
7309481	12081	-26	207	82	39	62	74	66	62	59	74	-77	105	
7321562	12081	35	168	117	59	94	51	62	86	39	59	59	-11	
7333646	12084	-77	55	105	39	113	55	47	82	47	59	78	-65	
7345728	12082	140	82	82	59	78	43	39	78	55	43	74	-163	
7357812	12084	133	-22	62	66	51	117	51	90	59	62	78	234	
7369894	12082	-85	218	101	43	82	47	70	70	59	59	62	-186	
7381975	12081	55	39	16	55	51	74	74	90	62	35	55	-38	
7394057	12082	156	66	4	70	51	62	66	66	62	43	35	8	
7406138	12081	0	66	94	51	16	62	70	74	82	55	218	16	
7418222	12084	-143	86	62	70	43	43	55	82	70	59	-61	-7	
7430305	12083	-15	140	43	59	66	55	47	66	86	-26	137	121	
7442386	12081	-3	98	98	66	86	62	-30	70	62	176	98	39	
7454470	12084	207	82	39	62	74	66	62	59	74	-77	105	51	
7466553	12083	168	117	59	94	51	62	86	39	59	59	-11	-93	
7478634	12081	55	105	39	113	55	47	82	47	59	78	-65	265	
7490713	12079	82	82	59	78	43	39	78	55	43	74	-163	140	
7502794	12081	-22	62	66	51	117	51	90	59	62	78	234	183	
7514877	12083	218	101	43	82	47	70	70	59	59	62	-186	20	
7526960	12083	39	16	55	51	74	74	90	62	35	55	-38	39	
7539044	12084	66	4	70	51	62	66	66	62	43	35	8	86	
7551127	12083	66	94	51	16	62	70	74	82	55	218	16	-15	
7563206	12079	86	62	70	43	43	55	82	70	59	-61	-7	117	
7575288	12082	140	43	59	66	55	47	66	86	-26	137	121	90	
7587367	12079	98	98	66	86	62	-30	70	62	176	98	39	35	
7599450	12083	82	39	62	74	66	62	59	74	-77	105	51	179	
7611532	12082	117	59	94	51	62	86	39	59	59	-11	-93	215	
7623615	12083	105	39	113	55	47	82	47	59	78	-65	265	402	
7635697	12082	82	59	78	43	39	78	55	43	74	-163	140	156	
7647779	12082	62	66	51	117	51	90	59	62	78	234	183	121	
7659866	12087	101	43	82	47	70	70	59	59	62	-186	20	129	
7671947	12081	16	55	51	74	74	90	62	35	55	-38	39	234	
7684029	12082	4	70	51	62	66	66	62	43	35	8	86	66	
7696110	12081	94	51	16	62	70	74	82	55	218	16	-15	230	
7708191	12081	62	70	43	43	55	82	70	59	-61	-7	117	-210	
7720274	12083	43	59	66	55	47	66	86	-26	137	121	90	-249	
7732354	12080	98	66	86	62	-30	70	62	176	98	39	35	70	
7744437	12083	39	62	74	66	62	59	74	-77	105	51	179	-112	
7756520	12083	59	94	51	62	86	39	59	59	-11	-93	215	179	
7768604	12084	39	113	55	47	82	47	59	78	-65	265	402	39	
7780686	12082	59	78	43	39	78	55	43	74	-163	140	156	-22	
7792766	12080	66	51	117	51	90	59	62	78	234	183	121	207	
7804847	12081	43	82	47	70	70	59	59	62	-186	20	129	-7	
7816930	12083	55	51	74	74	90	62	35	55	-38	39	234	-217	
7829014	12084	70	51	62	66	66	62	43	35	8	86	66	-171	
7841095	12081	51	16	62	70	74	82	55	218	16	-15	230	-182	
7853179	12084	70	43	43	55	82	70	59	-61	-7	117	-210	86	
7865261	12082	59	66	55	47	66	86	-26	137	121	90	-249	4	
7877342	12081	66	86	62	-30	70	62	176	98	39	35	70	39	
7889425	12083	62	74	66	62	59	74	-77	105	51	179	-112	35	
7901509	12084	94	51	62	86	39	59	59	-11	-93	215	179	-100	
7913594	12085	113	55	47	82	47	59	78	-65	265	402	39	316	
7925677	12083	78	43	39	78	55	43	74	-163	140	156	-22	-175	
7937760	12083	51	117	51	90	59	62	78	234	183	121	207	66	
7949843	12083	82	47	70	70	59	59	62	-186	20	129	-7	-54	
7961923	12080	51	74	74	90	62	35	55	-38	39	234	-217	-120	
7974005	12082	51	62	66	66	62	43	35	8	86	66	-171	129	
7986084	12079	16	62	70	74	82	55	218	16	-15	230	-182	460	
7998166	12082	43	43	55	82	70	59	-61	-7	117	-210	86	31	
8010247	12081	66	55	47	66	86	-26	137	121	90	-249	4	62	
8022327	12080	86	62	-30	70	62	176	98	39	35	70	39	-65	
8034411	12084	74	66	62	59	74	-77	105	51	179	-112	35	168	
8046492	12081	51	62	86	39	59	59	-11	-93	215	179	-100	-272	
8058574	12082	55	47	82	47	59	78	-65	265	402	39	316	179	
8070659	12085	43	39	78	55	43	74	-163	140	156	-22	-175	296	
8082740	12081	117	51	90	59	62	78	234	183	121	207	66	172	
8094821	12081	47	70	70	59	59	62	-186	20	129	-7	-54	20	
8106904	12083	74	74	90	62	35	55	-38	39	234	-217	-120	43	
8118986	12082	62	66	66	62	43	35	8	86	66	-171	129	-237	
8131068	12082	62	70	74	82	55	218	16	-15	230	-182	460	222	
8143152	12084	43	55	82	70	59	-61	-7	117	-210	86	31	43	
8155233	12081	55	47	66	86	-26	137	121	90	-249	4	62	277	
8167311	12078	62	-30	70	62	176	98	39	35	70	39	-65	160	
8179393	12082	66	62	59	74	-77	105	51	179	-112	35	168	164	
8191477	12084	62	86	39	59	59	-11	-93	215	179	-100	-272	129	
8203558	12081	47	82	47	59	78	-65	265	402	39	316	179	62	
8215643	12085	39	78	55	43	74	-163	140	156	-22	-175	296	152	
8227723	12080	51	90	59	62	78	234	183	121	207	66	172	78	
8239803	12080	70	70	59	59	62	-186	20	129	-7	-54	20	203	
8251884	12081	74	90	62	35	55	-38	39	234	-217	-120	43	70	
8263964	12080	66	66	62	43	35	8	86	66	-171	129	-237	-19	
8276045	12081	70	74	82	55	218	16	-15	230	-182	460	222	113	
8288127	12082	55	82	70	59	-61	-7	117	-210	86	31	43	0	
8300206	12079	47	66	86	-26	137	121	90	-249	4	62	277	66	
8312289	12083	-30	70	62	176	98	39	35	70	39	-65	160	51	
8324368	12079	62	59	74	-77	105	51	179	-112	35	168	164	35	
8336451	12083	86	39	59	59	-11	-93	215	179	-100	-272	129	66	
8348531	12080	82	47	59	78	-65	265	402	39	316	179	62	98	
8360614	12083	78	55	43	74	-163	140	156	-22	-175	296	152	59	
8372694	12080	90	59	62	78	234	183	121	207	66	172	78	31	
8384775	12081	70	59	59	62	-186	20	129	-7	-54	20	203	-34	
8396857	12082	90	62	35	55	-38	39	234	-217	-120	43	70	12	
8408937	12080	66	62	43	35	8	86	66	-171	129	-237	-19	98	
8421018	12081	74	82	55	218	16	-15	230	-182	460	222	113	101	
8433098	12080	82	70	59	-61	-7	117	-210	86	31	43	0	-11	
8445179	12081	66	86	-26	137	121	90	-249	4	62	277	66	62	
8457260	12081	70	62	176	98	39	35	70	39	-65	160	51	16	
8469339	12079	59	74	-77	105	51	179	-112	35	168	164	35	27	
8481421	12082	39	59	59	-11	-93	215	179	-100	-272	129	66	0	
8493503	12082	47	59	78	-65	265	402	39	316	179	62	98	133	
8505587	12084	55	43	74	-163	140	156	-22	-175	296	152	59	82	
8517671	12084	59	62	78	234	183	121	207	66	172	78	31	23	
8529753	12082	59	59	62	-186	20	129	-7	-54	20	203	-34	0	
8541836	12083	62	35	55	-38	39	234	-217	-120	43	70	12	66	
8553919	12083	62	43	35	8	86	66	-171	129	-237	-19	98	62	
8566001	12082	82	55	218	16	-15	230	-182	460	222	113	101	27	
8578082	12081	70	59	-61	-7	117	-210	86	31	43	0	-11	31	
8590163	12081	86	-26	137	121	90	-249	4	62	277	66	62	66	
8602246	12083	62	176	98	39	35	70	39	-65	160	51	16	94	
8614326	12080	74	-77	105	51	179	-112	35	168	164	35	27	39	
8626407	12081	59	59	-11	-93	215	179	-100	-272	129	66	0	27	
8638490	12083	59	78	-65	265	402	39	316	179	62	98	133	27	
8650572	12082	43	74	-163	140	156	-22	-175	296	152	59	82	51	
8662654	12082	62	78	234	183	121	207	66	172	78	31	23	59	
8674734	12080	59	62	-186	20	129	-7	-54	20	203	-34	0	51	
8686815	12081	35	55	-38	39	234	-217	-120	43	70	12	66	55	
8698896	12081	43	35	8	86	66	-171	129	-237	-19	98	62	39	
8710979	12083	55	218	16	-15	230	-182	460	222	113	101	27	39	
8723061	12082	59	-61	-7	117	-210	86	31	43	0	-11	31	35	
8735143	12082	-26	137	121	90	-249	4	62	277	66	62	66	51	
8747229	12086	176	98	39	35	70	39	-65	160	51	16	94	39	
8759309	12080	-77	105	51	179	-112	35	168	164	35	27	39	59	
8771389	12080	59	-11	-93	215	179	-100	-272	129	66	0	27	39	
8783473	12084	78	-65	265	402	39	316	179	62	98	133	27	47	
8795551	12078	74	-163	140	156	-22	-175	296	152	59	82	51	51	
8807633	12082	78	234	183	121	207	66	172	78	31	23	59	55	
8819715	12082	62	-186	20	129	-7	-54	20	203	-34	0	51	16	
8831794	12079	55	-38	39	234	-217	-120	43	70	12	66	55	66	
8843877	12083	35	8	86	66	-171	129	-237	-19	98	62	39	51	
8855960	12083	218	16	-15	230	-182	460	222	113	101	27	39	94	
8868042	12082	-61	-7	117	-210	86	31	43	0	-11	31	35	101	
8880124	12082	137	121	90	-249	4	62	277	66	62	66	51	70	
8892206	12082	98	39	35	70	39	-65	160	51	16	94	39	82	
8904287	12081	105	51	179	-112	35	168	164	35	27	39	59	-7	
8916367	12080	-11	-93	215	179	-100	-272	129	66	0	27	39	101	
8928455	12088	-65	265	402	39	316	179	62	98	133	27	47	20	
8940538	12083	-163	140	156	-22	-175	296	152	59	82	51	51	74	
8952621	12083	234	183	121	207	66	172	78	31	23	59	55	90	
8964703	12082	-186	20	129	-7	-54	20	203	-34	0	51	16	222	
8976785	12082	-38	39	234	-217	-120	43	70	12	66	55	66	238	
8988867	12082	8	86	66	-171	129	-237	-19	98	62	39	51	-163	
9000947	12080	16	-15	230	-182	460	222	113	101	27	39	94	211	
9013028	12081	-7	117	-210	86	31	43	0	-11	31	35	101	70	
9025109	12081	121	90	-249	4	62	277	66	62	66	51	70	320	
9037189	12080	39	35	70	39	-65	160	51	16	94	39	82	-147	
9049272	12083	51	179	-112	35	168	164	35	27	39	59	-7	109	
9061354	12082	-93	215	179	-100	-272	129	66	0	27	39	101	160	
9073433	12079	265	402	39	316	179	62	98	133	27	47	20	86	
9085516	12083	140	156	-22	-175	296	152	59	82	51	51	74	117	
9097596	12080	183	121	207	66	172	78	31	23	59	55	90	156	
9109678	12082	20	129	-7	-54	20	203	-34	0	51	16	222	20	
9121762	12084	39	234	-217	-120	43	70	12	66	55	66	238	191	
9133844	12082	86	66	-171	129	-237	-19	98	62	39	51	-163	39	
9145926	12082	-15	230	-182	460	222	113	101	27	39	94	211	-268	
9158009	12083	117	-210	86	31	43	0	-11	31	35	101	70	144	
9170089	12080	90	-249	4	62	277	66	62	66	51	70	320	4	
9182169	12080	35	70	39	-65	160	51	16	94	39	82	-147	74	
9194251	12082	179	-112	35	168	164	35	27	39	59	-7	109	168	
9206334	12083	215	179	-100	-272	129	66	0	27	39	101	160	281	
9218416	12082	402	39	316	179	62	98	133	27	47	20	86	90	
9230499	12083	156	-22	-175	296	152	59	82	51	51	74	117	152	
9242580	12081	121	207	66	172	78	31	23	59	55	90	156	152	
9254663	12083	129	-7	-54	20	203	-34	0	51	16	222	20	226	
9266746	12083	234	-217	-120	43	70	12	66	55	66	238	191	-112	
9278830	12084	66	-171	129	-237	-19	98	62	39	51	-163	39	16	
9290911	12081	230	-182	460	222	113	101	27	39	94	211	-268	176	
9302993	12082	-210	86	31	43	0	-11	31	35	101	70	144	226	
9315077	12084	-249	4	62	277	66	62	66	51	70	320	4	-229	
9327157	12080	70	39	-65	160	51	16	94	39	82	-147	74	-54	
9339240	12083	-112	35	168	164	35	27	39	59	-7	109	168	257	
9351323	12083	179	-100	-272	129	66	0	27	39	101	160	281	43	
9363405	12082	39	316	179	62	98	133	27	47	20	86	90	-69	
9375488	12083	-22	-175	296	152	59	82	51	51	74	117	152	90	
9387568	12080	207	66	172	78	31	23	59	55	90	156	152	20	
9399652	12084	-7	-54	20	203	-34	0	51	16	222	20	226	12	
9411734	12082	-217	-120	43	70	12	66	55	66	238	191	-112	152	
9423815	12081	-171	129	-237	-19	98	62	39	51	-163	39	16	207	
9435897	12082	-182	460	222	113	101	27	39	94	211	-268	176	125	
9447977	12080	86	31	43	0	-11	31	35	101	70	144	226	-38	
9460060	12083	4	62	277	66	62	66	51	70	320	4	-229	98	
9472141	12081	39	-65	160	51	16	94	39	82	-147	74	-54	-30	
9484225	12084	35	168	164	35	27	39	59	-7	109	168	257	101	
9496306	12081	-100	-272	129	66	0	27	39	101	160	281	43	-97	
9508387	12081	316	179	62	98	133	27	47	20	86	90	-69	140	
9520469	12082	-175	296	152	59	82	51	51	74	117	152	90	62	
9532550	12081	66	172	78	31	23	59	55	90	156	152	20	74	
9544631	12081	-54	20	203	-34	0	51	16	222	20	226	12	-77	
9556711	12080	-120	43	70	12	66	55	66	238	191	-112	152	121	
9568795	12084	129	-237	-19	98	62	39	51	-163	39	16	207	55	
9580877	12082	460	222	113	101	27	39	94	211	-268	176	125	39	
9592960	12083	31	43	0	-11	31	35	101	70	144	226	-38	16	
9605042	12082	62	277	66	62	66	51	70	320	4	-229	98	129	
9617124	12082	-65	160	51	16	94	39	82	-147	74	-54	-30	-30	
9629207	12083	168	164	35	27	39	59	-7	109	168	257	101	94	
9641289	12082	-272	129	66	0	27	39	101	160	281	43	-97	8	
9653368	12079	179	62	98	133	27	47	20	86	90	-69	140	4	
9665450	12082	296	152	59	82	51	51	74	117	152	90	62	59	
9677532	12082	172	78	31	23	59	55	90	156	152	20	74	20	
9689615	12083	20	203	-34	0	51	16	222	20	226	12	-77	117	
9701696	12081	43	70	12	66	55	66	238	191	-112	152	121	-69	
9713777	12081	-237	-19	98	62	39	51	-163	39	16	207	55	148	
9725859	12082	222	113	101	27	39	94	211	-268	176	125	39	-7	
9737939	12080	43	0	-11	31	35	101	70	144	226	-38	16	39	
9750022	12083	277	66	62	66	51	70	320	4	-229	98	129	-19	
9762100	12078	160	51	16	94	39	82	-147	74	-54	-30	-30	156	
9774181	12081	164	35	27	39	59	-7	109	168	257	101	94	129	
9786261	12080	129	66	0	27	39	101	160	281	43	-97	8	31	
9798342	12081	62	98	133	27	47	20	86	90	-69	140	4	66	
9810424	12082	152	59	82	51	51	74	117	152	90	62	59	-19	
9822509	12085	78	31	23	59	55	90	156	152	20	74	20	160	
9834592	12083	203	-34	0	51	16	222	20	226	12	-77	117	242	
9846675	12083	70	12	66	55	66	238	191	-112	152	121	-69	4	
9858755	12080	-19	98	62	39	51	-163	39	16	207	55	148	113	
9870838	12083	113	101	27	39	94	211	-268	176	125	39	-7	148	
9882921	12083	0	-11	31	35	101	70	144	226	-38	16	39	66	
9895003	12082	66	62	66	51	70	320	4	-229	98	129	-19	31	
9907084	12081	51	16	94	39	82	-147	74	-54	-30	-30	156	105	
9919166	12082	35	27	39	59	-7	109	168	257	101	94	129	109	
9931246	12080	66	0	27	39	101	160	281	43	-97	8	31	62	
9943324	12078	98	133	27	47	20	86	90	-69	140	4	66	51	
9955405	12081	59	82	51	51	74	117	152	90	62	59	-19	43	
9967486	12081	31	23	59	55	90	156	152	20	74	20	160	59	
9979564	12078	-34	0	51	16	222	20	226	12	-77	117	242	90	
9991645	12081	12	66	55	66	238	191	-112	152	121	-69	4	105	
10003729	12084	98	62	39	51	-163	39	16	207	55	148	113	59	
10015814	12085	101	27	39	94	211	-268	176	125	39	-7	148	-128	
10027896	12082	-11	31	35	101	70	144	226	-38	16	39	66	31	
10039976	12080	62	66	51	70	320	4	-229	98	129	-19	31	86	
10052062	12086	16	94	39	82	-147	74	-54	-30	-30	156	105	27	
10064144	12082	27	39	59	-7	109	168	257	101	94	129	109	78	
10076225	12081	0	27	39	101	160	281	43	-97	8	31	62	12	
10088303	12078	133	27	47	20	86	90	-69	140	4	66	51	59	
10100386	12083	82	51	51	74	117	152	90	62	59	-19	43	-11	
10112468	12082	23	59	55	90	156	152	20	74	20	160	59	74	
10124549	12081	0	51	16	222	20	226	12	-77	117	242	90	207	
10136633	12084	66	55	66	238	191	-112	152	121	-69	4	105	-46	
10148713	12080	62	39	51	-163	39	16	207	55	148	113	59	133	
10160794	12081	27	39	94	211	-268	176	125	39	-7	148	-128	-3	
10172877	12083	31	35	101	70	144	226	-38	16	39	66	31	12	
10184960	12083	66	51	70	320	4	-229	98	129	-19	31	86	78	
10197042	12082	94	39	82	-147	74	-54	-30	-30	156	105	27	62	
10209124	12082	39	59	-7	109	168	257	101	94	129	109	78	62	
10221206	12082	27	39	101	160	281	43	-97	8	31	62	12	234	
10233287	12081	27	47	20	86	90	-69	140	4	66	51	59	164	
10245365	12078	51	51	74	117	152	90	62	59	-19	43	-11	183	
10257449	12084	59	55	90	156	152	20	74	20	160	59	74	27	
10269529	12080	51	16	222	20	226	12	-77	117	242	90	207	199	
10281613	12084	55	66	238	191	-112	152	121	-69	4	105	-46	117	
10293694	12081	39	51	-163	39	16	207	55	148	113	59	133	86	
10305773	12079	39	94	211	-268	176	125	39	-7	148	-128	-3	-73	
10317857	12084	35	101	70	144	226	-38	16	39	66	31	12	222	
10329939	12082	51	70	320	4	-229	98	129	-19	31	86	78	51	
10342023	12084	39	82	-147	74	-54	-30	-30	156	105	27	62	23	
10354104	12081	59	-7	109	168	257	101	94	129	109	78	62	27	
10366184	12080	39	101	160	281	43	-97	8	31	62	12	234	137	
10378266	12082	47	20	86	90	-69	140	4	66	51	59	164	98	
10390350	12084	51	74	117	152	90	62	59	-19	43	-11	183	-19	
10402432	12082	55	90	156	152	20	74	20	160	59	74	27	117	
10414512	12080	16	222	20	226	12	-77	117	242	90	207	199	133	
10426595	12083	66	238	191	-112	152	121	-69	4	105	-46	117	-30	
10438677	12082	51	-163	39	16	207	55	148	113	59	133	86	55	
10450759	12082	94	211	-268	176	125	39	-7	148	-128	-3	-73	98	
10462843	12084	101	70	144	226	-38	16	39	66	31	12	222	156	
10474924	12081	70	320	4	-229	98	129	-19	31	86	78	51	66	
10487006	12082	82	-147	74	-54	-30	-30	156	105	27	62	23	-46	
10499089	12083	-7	109	168	257	101	94	129	109	78	62	27	43	
10511169	12080	101	160	281	43	-97	8	31	62	12	234	137	105	
10523249	12080	20	86	90	-69	140	4	66	51	59	164	98	8	
10535331	12082	74	117	152	90	62	59	-19	43	-11	183	-19	16	
10547410	12079	90	156	152	20	74	20	160	59	74	27	117	90	
10559494	12084	222	20	226	12	-77	117	242	90	207	199	133	70	
10571577	12083	238	191	-112	152	121	-69	4	105	-46	117	-30	59	
10583659	12082	-163	39	16	207	55	148	113	59	133	86	55	94	
10595739	12080	211	-268	176	125	39	-7	148	-128	-3	-73	98	86	
10607823	12084	70	144	226	-38	16	39	66	31	12	222	156	66	
10619904	12081	320	4	-229	98	129	-19	31	86	78	51	66	59	
10631988	12084	-147	74	-54	-30	-30	156	105	27	62	23	-46	70	
10644071	12083	109	168	257	101	94	129	109	78	62	27	43	55	
10656154	12083	160	281	43	-97	8	31	62	12	234	137	105	70	
10668237	12083	86	90	-69	140	4	66	51	59	164	98	8	39	
10680315	12078	117	152	90	62	59	-19	43	-11	183	-19	16	43	
10692399	12084	156	152	20	74	20	160	59	74	27	117	90	39	
10704481	12082	20	226	12	-77	117	242	90	207	199	133	70	51	
10716564	12083	191	-112	152	121	-69	4	105	-46	117	-30	59	55	
10728645	12081	39	16	207	55	148	113	59	133	86	55	94	59	
10740725	12080	-268	176	125	39	-7	148	-128	-3	-73	98	86	55	
10752809	12084	144	226	-38	16	39	66	31	12	222	156	66	62	
10764891	12082	4	-229	98	129	-19	31	86	78	51	66	59	62	
10776975	12084	74	-54	-30	-30	156	105	27	62	23	-46	70	4	
10789058	12083	168	257	101	94	129	109	78	62	27	43	55	12	
10801140	12082	281	43	-97	8	31	62	12	234	137	105	70	4	
10813221	12081	90	-69	140	4	66	51	59	164	98	8	39	-7	
10825301	12080	152	90	62	59	-19	43	-11	183	-19	16	43	-11	
10837380	12079	152	20	74	20	160	59	74	27	117	90	39	-11	
10849461	12081	226	12	-77	117	242	90	207	199	133	70	51	4	
10861546	12085	-112	152	121	-69	4	105	-46	117	-30	59	55	-7	
10873628	12082	16	207	55	148	113	59	133	86	55	94	59	-15	
10885708	12080	176	125	39	-7	148	-128	-3	-73	98	86	55	-11	
10897791	12083	226	-38	16	39	66	31	12	222	156	66	62	-19	
10909870	12079	-229	98	129	-19	31	86	78	51	66	59	62	-19	
10921952	12082	-54	-30	-30	156	105	27	62	23	-46	70	4	959	
10934035	12083	257	101	94	129	109	78	62	27	43	55	12	944	
10946115	12080	43	-97	8	31	62	12	234	137	105	70	4	932	
10958198	12083	-69	140	4	66	51	59	164	98	8	39	-7	979	
10970277	12079	90	62	59	-19	43	-11	183	-19	16	43	-11	979	
10982358	12081	20	74	20	160	59	74	27	117	90	39	-11	991	
10994439	12081	12	-77	117	242	90	207	199	133	70	51	4	967	
11006519	12080	152	121	-69	4	105	-46	117	-30	59	55	-7	936	
11018604	12085	207	55	148	113	59	133	86	55	94	59	-15	944	
11030686	12082	125	39	-7	148	-128	-3	-73	98	86	55	-11	936	
11042768	12082	-38	16	39	66	31	12	222	156	66	62	-19	963	
11054849	12081	98	129	-19	31	86	78	51	66	59	62	-19	959	
11066930	12081	-30	-30	156	105	27	62	23	-46	70	4	959	30	
11079012	12082	101	94	129	109	78	62	27	43	55	12	944	28	
11091093	12081	-97	8	31	62	12	234	137	105	70	4	932	24	
11103174	12081	140	4	66	51	59	164	98	8	39	-7	979	21	
11115258	12084	62	59	-19	43	-11	183	-19	16	43	-11	979	11	
11127338	12080	74	20	160	59	74	27	117	90	39	-11	991	13	
11139421	12083	-77	117	242	90	207	199	133	70	51	4	967	14	
11151502	12081	121	-69	4	105	-46	117	-30	59	55	-7	936	16	
11163583	12081	55	148	113	59	133	86	55	94	59	-15	944	29	
11175665	12082	39	-7	148	-128	-3	-73	98	86	55	-11	936	31	
11187747	12082	16	39	66	31	12	222	156	66	62	-19	963	26	
11199829	12082	129	-19	31	86	78	51	66	59	62	-19	959	24	
11211911	12082	-30	156	105	27	62	23	-46	70	4	959	30	-47	
11223991	12080	94	129	109	78	62	27	43	55	12	944	28	-42	
11236072	12081	8	31	62	12	234	137	105	70	4	932	24	-42	
11248153	12081	4	66	51	59	164	98	8	39	-7	979	21	-43	
11260238	12085	59	-19	43	-11	183	-19	16	43	-11	979	11	-28	
11272315	12077	20	160	59	74	27	117	90	39	-11	991	13	-24	
11284399	12084	117	242	90	207	199	133	70	51	4	967	14	-34	
11296481	12082	-69	4	105	-46	117	-30	59	55	-7	936	16	-18	
11308562	12081	148	113	59	133	86	55	94	59	-15	944	29	-24	
11320643	12081	-7	148	-128	-3	-73	98	86	55	-11	936	31	-31	
11332725	12082	39	66	31	12	222	156	66	62	-19	963	26	-19	
11344806	12081	-19	31	86	78	51	66	59	62	-19	959	24	-22	
11356891	12085	156	105	27	62	23	-46	70	4	959	30	-47	1023	
11368972	12081	129	109	78	62	27	43	55	12	944	28	-42	1018	
11381055	12083	31	62	12	234	137	105	70	4	932	24	-42	1017	
11393137	12082	66	51	59	164	98	8	39	-7	979	21	-43	1022	
11405219	12082	-19	43	-11	183	-19	16	43	-11	979	11	-28	1047	
11417301	12082	160	59	74	27	117	90	39	-11	991	13	-24	1054	
11429383	12082	242	90	207	199	133	70	51	4	967	14	-34	1049	
11441462	12079	4	105	-46	117	-30	59	55	-7	936	16	-18	1027	
11453543	12081	113	59	133	86	55	94	59	-15	944	29	-24	1015	
11465626	12083	148	-128	-3	-73	98	86	55	-11	936	31	-31	1016	
11477708	12082	66	31	12	222	156	66	62	-19	963	26	-19	1033	
11489789	12081	31	86	78	51	66	59	62	-19	959	24	-22	1038	
11501871	12082	105	27	62	23	-46	70	4	959	30	-47	1023	439	
11513951	12080	109	78	62	27	43	55	12	944	28	-42	1018	444	
11526033	12082	62	12	234	137	105	70	4	932	24	-42	1017	448	
11538114	12081	51	59	164	98	8	39	-7	979	21	-43	1022	451	
11550195	12081	43	-11	183	-19	16	43	-11	979	11	-28	1047	445	
11562278	12083	59	74	27	117	90	39	-11	991	13	-24	1054	448	
11574357	12079	90	207	199	133	70	51	4	967	14	-34	1049	451	
11586440	12083	105	-46	117	-30	59	55	-7	936	16	-18	1027	447	
11598522	12082	59	133	86	55	94	59	-15	944	29	-24	1015	450	
11610606	12084	-128	-3	-73	98	86	55	-11	936	31	-31	1016	441	
11622689	12083	31	12	222	156	66	62	-19	963	26	-19	1033	444	
11634770	12081	86	78	51	66	59	62	-19	959	24	-22	1038	441	
11646852	12082	27	62	23	-46	70	4	959	30	-47	1023	439	-367	
11658931	12079	78	62	27	43	55	12	944	28	-42	1018	444	-367	
11671013	12082	12	234	137	105	70	4	932	24	-42	1017	448	-369	
11683096	12083	59	164	98	8	39	-7	979	21	-43	1022	451	-363	
11695178	12082	-11	183	-19	16	43	-11	979	11	-28	1047	445	-360	
11707258	12080	74	27	117	90	39	-11	991	13	-24	1054	448	-369	
11719338	12080	207	199	133	70	51	4	967	14	-34	1049	451	-369	
11731422	12084	-46	117	-30	59	55	-7	936	16	-18	1027	447	-366	
11743505	12083	133	86	55	94	59	-15	944	29	-24	1015	450	-376	
11755588	12083	-3	-73	98	86	55	-11	936	31	-31	1016	441	-363	
11767669	12081	12	222	156	66	62	-19	963	26	-19	1033	444	-372	
11779752	12083	78	51	66	59	62	-19	959	24	-22	1038	441	-369	
11791836	12084	62	23	-46	70	4	959	30	-47	1023	439	-367	-547	
11803919	12083	62	27	43	55	12	944	28	-42	1018	444	-367	-556	
11816000	12081	234	137	105	70	4	932	24	-42	1017	448	-369	-549	
11828083	12083	164	98	8	39	-7	979	21	-43	1022	451	-363	-547	
11840165	12082	183	-19	16	43	-11	979	11	-28	1047	445	-360	-550	
11852246	12081	27	117	90	39	-11	991	13	-24	1054	448	-369	-549	
11864327	12081	199	133	70	51	4	967	14	-34	1049	451	-369	-561	
11876411	12084	117	-30	59	55	-7	936	16	-18	1027	447	-366	-553	
11888492	12081	86	55	94	59	-15	944	29	-24	1015	450	-376	-555	
11900574	12082	-73	98	86	55	-11	936	31	-31	1016	441	-363	-555	
11912661	12087	222	156	66	62	-19	963	26	-19	1033	444	-372	-546	
11924742	12081	51	66	59	62	-19	959	24	-22	1038	441	-369	-549	
11936823	12081	23	-46	70	4	959	30	-47	1023	439	-367	-547	-420	
11948904	12081	27	43	55	12	944	28	-42	1018	444	-367	-556	-420	
11960988	12084	137	105	70	4	932	24	-42	1017	448	-369	-549	-210	
11973069	12081	98	8	39	-7	979	21	-43	1022	451	-363	-547	-210	
11985149	12080	-19	16	43	-11	979	11	-28	1047	445	-360	-550	-280	
11997234	12085	117	90	39	-11	991	13	-24	1054	448	-369	-549	-350	
12009316	12082	133	70	51	4	967	14	-34	1049	451	-369	-561	-140	
12021395	12079	-30	59	55	-7	936	16	-18	1027	447	-366	-553	-210	
12033477	12082	55	94	59	-15	944	29	-24	1015	450	-376	-555	-280	
12045557	12080	98	86	55	-11	936	31	-31	1016	441	-363	-555	-280	
12057640	12083	156	66	62	-19	963	26	-19	1033	444	-372	-546	-280	
12069722	12082	66	59	62	-19	959	24	-22	1038	441	-369	-549	-210	
12081807	12085	-46	70	4	959	30	-47	1023	439	-367	-547	-420	-2170	
12093889	12082	43	55	12	944	28	-42	1018	444	-367	-556	-420	-1750	
12105971	12082	105	70	4	932	24	-42	1017	448	-369	-549	-210	0	
12118051	12080	8	39	-7	979	21	-43	1022	451	-363	-547	-210	490	
12130131	12080	16	43	-11	979	11	-28	1047	445	-360	-550	-280	0	
12142214	12083	90	39	-11	991	13	-24	1054	448	-369	-549	-350	-910	
12154294	12080	70	51	4	967	14	-34	1049	451	-369	-561	-140	-3430	
12166372	12078	59	55	-7	936	16	-18	1027	447	-366	-553	-210	-3220	
12178454	12082	94	59	-15	944	29	-24	1015	450	-376	-555	-280	-2450	
12190535	12081	86	55	-11	936	31	-31	1016	441	-363	-555	-280	-1540	
12202619	12084	66	62	-19	963	26	-19	1033	444	-372	-546	-280	-630	
12214699	12080	59	62	-19	959	24	-22	1038	441	-369	-549	-210	-980	
12226779	12080	70	4	959	30	-47	1023	439	-367	-547	-420	-2170	-770	
12238861	12082	55	12	944	28	-42	1018	444	-367	-556	-420	-1750	-770	
12250945	12084	70	4	932	24	-42	1017	448	-369	-549	-210	0	-630	
12263027	12082	39	-7	979	21	-43	1022	451	-363	-547	-210	490	-980	
12275110	12083	43	-11	979	11	-28	1047	445	-360	-550	-280	0	-1400	
12287188	12078	39	-11	991	13	-24	1054	448	-369	-549	-350	-910	-1190	
12299271	12083	51	4	967	14	-34	1049	451	-369	-561	-140	-3430	-1540	
12311352	12081	55	-7	936	16	-18	1027	447	-366	-553	-210	-3220	-1330	
12323430	12078	59	-15	944	29	-24	1015	450	-376	-555	-280	-2450	-1330	
12335513	12083	55	-11	936	31	-31	1016	441	-363	-555	-280	-1540	-1400	
12347598	12085	62	-19	963	26	-19	1033	444	-372	-546	-280	-630	-1260	
12359678	12080	62	-19	959	24	-22	1038	441	-369	-549	-210	-980	-980	
