3	0	43	20	35	31	35	12	23	-120	534	-284	4	12	
12082	12079	47	43	55	43	43	-136	74	-85	59	-167	78	-459	
24162	12080	-3	59	39	35	43	94	-136	133	-93	94	238	-58	
36243	12081	70	27	31	39	35	16	-233	-93	-225	-11	-666	218	
48325	12082	16	35	43	47	43	293	-327	101	-202	-132	74	0	
60405	12080	35	59	51	35	39	140	55	-147	-77	160	-116	285	
72487	12082	70	31	35	39	39	-3	-338	265	101	-54	70	74	
84568	12081	35	20	35	51	74	20	-175	-147	-104	-256	-315	35	
96648	12080	-11	31	27	39	27	296	133	-97	-186	199	-7	94	
108731	12083	31	59	51	43	4	343	-73	-89	12	176	-7	66	
120815	12084	82	39	39	39	62	98	-198	-50	289	265	-151	152	
132896	12081	12	23	27	47	90	35	117	-19	-46	-412	59	113	
144979	12083	20	35	31	35	12	23	-120	534	-284	4	12	-54	
157061	12082	43	55	43	43	-136	74	-85	59	-167	78	-459	-61	
169143	12082	59	39	35	43	94	-136	133	-93	94	238	-58	8	
181229	12086	27	31	39	35	16	-233	-93	-225	-11	-666	218	-97	
193309	12080	35	43	47	43	293	-327	101	-202	-132	74	0	78	
205392	12083	59	51	35	39	140	55	-147	-77	160	-116	285	74	
217479	12087	31	35	39	39	-3	-338	265	101	-54	70	74	105	
229559	12080	20	35	51	74	20	-175	-147	-104	-256	-315	35	199	
241644	12085	31	27	39	27	296	133	-97	-186	199	-7	94	195	
253724	12080	59	51	43	4	343	-73	-89	12	176	-7	66	86	
265808	12084	39	39	39	62	98	-198	-50	289	265	-151	152	59	
277891	12083	23	27	47	90	35	117	-19	-46	-412	59	113	316	
289974	12083	35	31	35	12	23	-120	534	-284	4	12	-54	-440	
302055	12081	55	43	43	-136	74	-85	59	-167	78	-459	-61	-116	
314137	12082	39	35	43	94	-136	133	-93	94	238	-58	8	-50	
326219	12082	31	39	35	16	-233	-93	-225	-11	-666	218	-97	117	
338302	12083	43	47	43	293	-327	101	-202	-132	74	0	78	66	
350381	12079	51	35	39	140	55	-147	-77	160	-116	285	74	109	
362468	12087	35	39	39	-3	-338	265	101	-54	70	74	105	254	
374549	12081	35	51	74	20	-175	-147	-104	-256	-315	35	199	74	
386631	12082	27	39	27	296	133	-97	-186	199	-7	94	195	-61	
398711	12080	51	43	4	343	-73	-89	12	176	-7	66	86	144	
410792	12081	39	39	62	98	-198	-50	289	265	-151	152	59	27	
422875	12083	27	47	90	35	117	-19	-46	-412	59	113	316	16	
434958	12083	31	35	12	23	-120	534	-284	4	12	-54	-440	-124	
447039	12081	43	43	-136	74	-85	59	-167	78	-459	-61	-116	187	
459120	12081	35	43	94	-136	133	-93	94	238	-58	8	-50	168	
471202	12082	39	35	16	-233	-93	-225	-11	-666	218	-97	117	-132	
483283	12081	47	43	293	-327	101	-202	-132	74	0	78	66	-89	
495360	12077	35	39	140	55	-147	-77	160	-116	285	74	109	472	
507442	12082	39	39	-3	-338	265	101	-54	70	74	105	254	289	
519522	12080	51	74	20	-175	-147	-104	-256	-315	35	199	74	-136	
531606	12084	39	27	296	133	-97	-186	199	-7	94	195	-61	-143	
543689	12083	43	4	343	-73	-89	12	176	-7	66	86	144	51	
555770	12081	39	62	98	-198	-50	289	265	-151	152	59	27	-97	
567853	12083	47	90	35	117	-19	-46	-412	59	113	316	16	-136	
579935	12082	35	12	23	-120	534	-284	4	12	-54	-440	-124	195	
592018	12083	43	-136	74	-85	59	-167	78	-459	-61	-116	187	-143	
604099	12081	43	94	-136	133	-93	94	238	-58	8	-50	168	-26	
616182	12083	35	16	-233	-93	-225	-11	-666	218	-97	117	-132	-38	
628262	12080	43	293	-327	101	-202	-132	74	0	78	66	-89	-139	
640343	12081	39	140	55	-147	-77	160	-116	285	74	109	472	-19	
652422	12079	39	-3	-338	265	101	-54	70	74	105	254	289	-245	
664504	12082	74	20	-175	-147	-104	-256	-315	35	199	74	-136	66	
676585	12081	27	296	133	-97	-186	199	-7	94	195	-61	-143	-42	
688671	12086	4	343	-73	-89	12	176	-7	66	86	144	51	59	
700753	12082	62	98	-198	-50	289	265	-151	152	59	27	-97	39	
712836	12083	90	35	117	-19	-46	-412	59	113	316	16	-136	125	
724916	12080	12	23	-120	534	-284	4	12	-54	-440	-124	195	133	
736999	12083	-136	74	-85	59	-167	78	-459	-61	-116	187	-143	59	
749080	12081	94	-136	133	-93	94	238	-58	8	-50	168	-26	207	
761159	12079	16	-233	-93	-225	-11	-666	218	-97	117	-132	-38	20	
773237	12078	293	-327	101	-202	-132	74	0	78	66	-89	-139	113	
785318	12081	140	55	-147	-77	160	-116	285	74	109	472	-19	-89	
797400	12082	-3	-338	265	101	-54	70	74	105	254	289	-245	-11	
809486	12086	20	-175	-147	-104	-256	-315	35	199	74	-136	66	-46	
821568	12082	296	133	-97	-186	199	-7	94	195	-61	-143	-42	164	
833648	12080	343	-73	-89	12	176	-7	66	86	144	51	59	98	
845730	12082	98	-198	-50	289	265	-151	152	59	27	-97	39	51	
857812	12082	35	117	-19	-46	-412	59	113	316	16	-136	125	-34	
869892	12080	23	-120	534	-284	4	12	-54	-440	-124	195	133	257	
881975	12083	74	-85	59	-167	78	-459	-61	-116	187	-143	59	-124	
894060	12085	-136	133	-93	94	238	-58	8	-50	168	-26	207	-155	
906139	12079	-233	-93	-225	-11	-666	218	-97	117	-132	-38	20	-132	
918220	12081	-327	101	-202	-132	74	0	78	66	-89	-139	113	-124	
930302	12082	55	-147	-77	160	-116	285	74	109	472	-19	-89	179	
942383	12081	-338	265	101	-54	70	74	105	254	289	-245	-11	-186	
954468	12085	-175	-147	-104	-256	-315	35	199	74	-136	66	-46	133	
966547	12079	133	-97	-186	199	-7	94	195	-61	-143	-42	164	70	
978631	12084	-73	-89	12	176	-7	66	86	144	51	59	98	-69	
990711	12080	-198	-50	289	265	-151	152	59	27	-97	39	51	94	
1002792	12081	117	-19	-46	-412	59	113	316	16	-136	125	-34	47	
1014876	12084	-120	534	-284	4	12	-54	-440	-124	195	133	257	31	
1026960	12084	-85	59	-167	78	-459	-61	-116	187	-143	59	-124	-34	
1039043	12083	133	-93	94	238	-58	8	-50	168	-26	207	-155	74	
1051121	12078	-93	-225	-11	-666	218	-97	117	-132	-38	20	-132	70	
1063201	12080	101	-202	-132	74	0	78	66	-89	-139	113	-124	-15	
1075282	12081	-147	-77	160	-116	285	74	109	472	-19	-89	179	35	
1087360	12078	265	101	-54	70	74	105	254	289	-245	-11	-186	47	
1099443	12083	-147	-104	-256	-315	35	199	74	-136	66	-46	133	-19	
1111528	12085	-97	-186	199	-7	94	195	-61	-143	-42	164	70	66	
1123610	12082	-89	12	176	-7	66	86	144	51	59	98	-69	140	
1135692	12082	-50	289	265	-151	152	59	27	-97	39	51	94	23	
1147773	12081	-19	-46	-412	59	113	316	16	-136	125	-34	47	86	
1159855	12082	534	-284	4	12	-54	-440	-124	195	133	257	31	20	
1171937	12082	59	-167	78	-459	-61	-116	187	-143	59	-124	-34	300	
1184021	12084	-93	94	238	-58	8	-50	168	-26	207	-155	74	-19	
1196101	12080	-225	-11	-666	218	-97	117	-132	-38	20	-132	70	-604	
1208182	12081	-202	-132	74	0	78	66	-89	-139	113	-124	-15	-237	
1220262	12080	-77	160	-116	285	74	109	472	-19	-89	179	35	-440	
1232344	12082	101	-54	70	74	105	254	289	-245	-11	-186	47	-522	
1244427	12083	-104	-256	-315	35	199	74	-136	66	-46	133	-19	-249	
1256510	12083	-186	199	-7	94	195	-61	-143	-42	164	70	66	43	
1268589	12079	12	176	-7	66	86	144	51	59	98	-69	140	121	
1280672	12083	289	265	-151	152	59	27	-97	39	51	94	23	78	
1292755	12083	-46	-412	59	113	316	16	-136	125	-34	47	86	-11	
1304838	12083	-284	4	12	-54	-440	-124	195	133	257	31	20	23	
1316921	12083	-167	78	-459	-61	-116	187	-143	59	-124	-34	300	148	
1329005	12084	94	238	-58	8	-50	168	-26	207	-155	74	-19	47	
1341086	12081	-11	-666	218	-97	117	-132	-38	20	-132	70	-604	59	
1353168	12082	-132	74	0	78	66	-89	-139	113	-124	-15	-237	-50	
1365253	12085	160	-116	285	74	109	472	-19	-89	179	35	-440	164	
1377330	12077	-54	70	74	105	254	289	-245	-11	-186	47	-522	4	
1389411	12081	-256	-315	35	199	74	-136	66	-46	133	-19	-249	-237	
1401494	12083	199	-7	94	195	-61	-143	-42	164	70	66	43	-19	
1413577	12083	176	-7	66	86	144	51	59	98	-69	140	121	-46	
1425661	12084	265	-151	152	59	27	-97	39	51	94	23	78	0	
1437743	12082	-412	59	113	316	16	-136	125	-34	47	86	-11	152	
1449828	12085	4	12	-54	-440	-124	195	133	257	31	20	23	-225	
1461910	12082	78	-459	-61	-116	187	-143	59	-124	-34	300	148	-327	
1473993	12083	238	-58	8	-50	168	-26	207	-155	74	-19	47	-89	
1486077	12084	-666	218	-97	117	-132	-38	20	-132	70	-604	59	156	
1498158	12081	74	0	78	66	-89	-139	113	-124	-15	-237	-50	269	
1510240	12082	-116	285	74	109	472	-19	-89	179	35	-440	164	-7	
1522321	12081	70	74	105	254	289	-245	-11	-186	47	-522	4	324	
1534402	12081	-315	35	199	74	-136	66	-46	133	-19	-249	-237	-139	
1546482	12080	-7	94	195	-61	-143	-42	164	70	66	43	-19	-58	
1558562	12080	-7	66	86	144	51	59	98	-69	140	121	-46	-46	
1570645	12083	-151	152	59	27	-97	39	51	94	23	78	0	74	
1582725	12080	59	113	316	16	-136	125	-34	47	86	-11	152	-81	
1594808	12083	12	-54	-440	-124	195	133	257	31	20	23	-225	20	
1606891	12083	-459	-61	-116	187	-143	59	-124	-34	300	148	-327	0	
1618975	12084	-58	8	-50	168	-26	207	-155	74	-19	47	-89	47	
1631056	12081	218	-97	117	-132	-38	20	-132	70	-604	59	156	-3	
1643137	12081	0	78	66	-89	-139	113	-124	-15	-237	-50	269	-3	
1655219	12082	285	74	109	472	-19	-89	179	35	-440	164	-7	20	
1667301	12082	74	105	254	289	-245	-11	-186	47	-522	4	324	402	
1679384	12083	35	199	74	-136	66	-46	133	-19	-249	-237	-139	20	
1691464	12080	94	195	-61	-143	-42	164	70	66	43	-19	-58	-54	
1703547	12083	66	86	144	51	59	98	-69	140	121	-46	-46	74	
1715631	12084	152	59	27	-97	39	51	94	23	78	0	74	-194	
1727711	12080	113	316	16	-136	125	-34	47	86	-11	152	-81	-34	
1739792	12081	-54	-440	-124	195	133	257	31	20	23	-225	20	164	
1751872	12080	-61	-116	187	-143	59	-124	-34	300	148	-327	0	238	
1763951	12079	8	-50	168	-26	207	-155	74	-19	47	-89	47	43	
1776035	12084	-97	117	-132	-38	20	-132	70	-604	59	156	-3	121	
1788114	12079	78	66	-89	-139	113	-124	-15	-237	-50	269	-3	148	
1800198	12084	74	109	472	-19	-89	179	35	-440	164	-7	20	109	
1812277	12079	105	254	289	-245	-11	-186	47	-522	4	324	402	-186	
1824359	12082	199	74	-136	66	-46	133	-19	-249	-237	-139	20	78	
1836443	12084	195	-61	-143	-42	164	70	66	43	-19	-58	-54	-11	
1848528	12085	86	144	51	59	98	-69	140	121	-46	-46	74	-194	
1860610	12082	59	27	-97	39	51	94	23	78	0	74	-194	-3	
1872690	12080	316	16	-136	125	-34	47	86	-11	152	-81	-34	-268	
1884771	12081	-440	-124	195	133	257	31	20	23	-225	20	164	-186	
1896855	12084	-116	187	-143	59	-124	-34	300	148	-327	0	238	-19	
1908937	12082	-50	168	-26	207	-155	74	-19	47	-89	47	43	47	
1921018	12081	117	-132	-38	20	-132	70	-604	59	156	-3	121	523	
1933098	12080	66	-89	-139	113	-124	-15	-237	-50	269	-3	148	-112	
1945179	12081	109	472	-19	-89	179	35	-440	164	-7	20	109	-85	
1957260	12081	254	289	-245	-11	-186	47	-522	4	324	402	-186	-350	
1969339	12079	74	-136	66	-46	133	-19	-249	-237	-139	20	78	-77	
1981421	12082	-61	-143	-42	164	70	66	43	-19	-58	-54	-11	-3	
1993502	12081	144	51	59	98	-69	140	121	-46	-46	74	-194	94	
2005583	12081	27	-97	39	51	94	23	78	0	74	-194	-3	-38	
2017665	12082	16	-136	125	-34	47	86	-11	152	-81	-34	-268	238	
2029747	12082	-124	195	133	257	31	20	23	-225	20	164	-186	390	
2041829	12082	187	-143	59	-124	-34	300	148	-327	0	238	-19	269	
2053911	12082	168	-26	207	-155	74	-19	47	-89	47	43	47	-120	
2065992	12081	-132	-38	20	-132	70	-604	59	156	-3	121	523	172	
2078075	12083	-89	-139	113	-124	-15	-237	-50	269	-3	148	-112	160	
2090154	12079	472	-19	-89	179	35	-440	164	-7	20	109	-85	109	
2102238	12084	289	-245	-11	-186	47	-522	4	324	402	-186	-350	-178	
2114319	12081	-136	66	-46	133	-19	-249	-237	-139	20	78	-77	234	
2126400	12081	-143	-42	164	70	66	43	-19	-58	-54	-11	-3	-654	
2138485	12085	51	59	98	-69	140	121	-46	-46	74	-194	94	289	
2150564	12079	-97	39	51	94	23	78	0	74	-194	-3	-38	269	
2162649	12085	-136	125	-34	47	86	-11	152	-81	-34	-268	238	374	
2174730	12081	195	133	257	31	20	23	-225	20	164	-186	390	20	
2186812	12082	-143	59	-124	-34	300	148	-327	0	238	-19	269	289	
2198892	12080	-26	207	-155	74	-19	47	-89	47	43	47	-120	433	
2210975	12083	-38	20	-132	70	-604	59	156	-3	121	523	172	546	
2223056	12081	-139	113	-124	-15	-237	-50	269	-3	148	-112	160	-46	
2235140	12084	-19	-89	179	35	-440	164	-7	20	109	-85	109	-245	
2247219	12079	-245	-11	-186	47	-522	4	324	402	-186	-350	-178	382	
2259301	12082	66	-46	133	-19	-249	-237	-139	20	78	-77	234	226	
2271383	12082	-42	164	70	66	43	-19	-58	-54	-11	-3	-654	70	
2283464	12081	59	98	-69	140	121	-46	-46	74	-194	94	289	523	
2295544	12080	39	51	94	23	78	0	74	-194	-3	-38	269	335	
2307626	12082	125	-34	47	86	-11	152	-81	-34	-268	238	374	-463	
2319708	12082	133	257	31	20	23	-225	20	164	-186	390	20	39	
2331789	12081	59	-124	-34	300	148	-327	0	238	-19	269	289	-139	
2343871	12082	207	-155	74	-19	47	-89	47	43	47	-120	433	20	
2355951	12080	20	-132	70	-604	59	156	-3	121	523	172	546	59	
2368033	12082	113	-124	-15	-237	-50	269	-3	148	-112	160	-46	-132	
2380115	12082	-89	179	35	-440	164	-7	20	109	-85	109	-245	215	
2392195	12080	-11	-186	47	-522	4	324	402	-186	-350	-178	382	-198	
2404276	12081	-46	133	-19	-249	-237	-139	20	78	-77	234	226	-210	
2416357	12081	164	70	66	43	-19	-58	-54	-11	-3	-654	70	31	
2428440	12083	98	-69	140	121	-46	-46	74	-194	94	289	523	-334	
2440522	12082	51	94	23	78	0	74	-194	-3	-38	269	335	47	
2452605	12083	-34	47	86	-11	152	-81	-34	-268	238	374	-463	94	
2464684	12079	257	31	20	23	-225	20	164	-186	390	20	39	86	
2476767	12083	-124	-34	300	148	-327	0	238	-19	269	289	-139	655	
2488852	12085	-155	74	-19	47	-89	47	43	47	-120	433	20	608	
2500933	12081	-132	70	-604	59	156	-3	121	523	172	546	59	86	
2513016	12083	-124	-15	-237	-50	269	-3	148	-112	160	-46	-132	-272	
2525099	12083	179	35	-440	164	-7	20	109	-85	109	-245	215	-373	
2537181	12082	-186	47	-522	4	324	402	-186	-350	-178	382	-198	-198	
2549263	12082	133	-19	-249	-237	-139	20	78	-77	234	226	-210	137	
2561342	12079	70	66	43	-19	-58	-54	-11	-3	-654	70	31	-319	
2573424	12082	-69	140	121	-46	-46	74	-194	94	289	523	-334	-112	
2585505	12081	94	23	78	0	74	-194	-3	-38	269	335	47	-249	
2597587	12082	47	86	-11	152	-81	-34	-268	238	374	-463	94	144	
2609668	12081	31	20	23	-225	20	164	-186	390	20	39	86	168	
2621749	12081	-34	300	148	-327	0	238	-19	269	289	-139	655	-128	
2633833	12084	74	-19	47	-89	47	43	47	-120	433	20	608	-241	
2645914	12081	70	-604	59	156	-3	121	523	172	546	59	86	-292	
2657994	12080	-15	-237	-50	269	-3	148	-112	160	-46	-132	-272	-338	
2670078	12084	35	-440	164	-7	20	109	-85	109	-245	215	-373	-50	
2682157	12079	47	-522	4	324	402	-186	-350	-178	382	-198	-198	-381	
2694240	12083	-19	-249	-237	-139	20	78	-77	234	226	-210	137	90	
2706323	12083	66	43	-19	-58	-54	-11	-3	-654	70	31	-319	324	
2718405	12082	140	121	-46	-46	74	-194	94	289	523	-334	-112	113	
2730488	12083	23	78	0	74	-194	-3	-38	269	335	47	-249	-221	
2742569	12081	86	-11	152	-81	-34	-268	238	374	-463	94	144	66	
2754652	12083	20	23	-225	20	164	-186	390	20	39	86	168	-233	
2766734	12082	300	148	-327	0	238	-19	269	289	-139	655	-128	-65	
2778817	12083	-19	47	-89	47	43	47	-120	433	20	608	-241	-124	
2790898	12081	-604	59	156	-3	121	523	172	546	59	86	-292	-93	
2802977	12079	-237	-50	269	-3	148	-112	160	-46	-132	-272	-338	86	
2815058	12081	-440	164	-7	20	109	-85	109	-245	215	-373	-50	168	
2827140	12082	-522	4	324	402	-186	-350	-178	382	-198	-198	-381	168	
2839221	12081	-249	-237	-139	20	78	-77	234	226	-210	137	90	-11	
2851303	12082	43	-19	-58	-54	-11	-3	-654	70	31	-319	324	51	
2863385	12082	121	-46	-46	74	-194	94	289	523	-334	-112	113	-385	
2875468	12083	78	0	74	-194	-3	-38	269	335	47	-249	-221	246	
2887549	12081	-11	152	-81	-34	-268	238	374	-463	94	144	66	-26	
2899630	12081	23	-225	20	164	-186	390	20	39	86	168	-233	218	
2911711	12081	148	-327	0	238	-19	269	289	-139	655	-128	-65	-249	
2923794	12083	47	-89	47	43	47	-120	433	20	608	-241	-124	-15	
2935876	12082	59	156	-3	121	523	172	546	59	86	-292	-93	-73	
2947958	12082	-50	269	-3	148	-112	160	-46	-132	-272	-338	86	218	
2960040	12082	164	-7	20	109	-85	109	-245	215	-373	-50	168	226	
2972123	12083	4	324	402	-186	-350	-178	382	-198	-198	-381	168	183	
2984205	12082	-237	-139	20	78	-77	234	226	-210	137	90	-11	-38	
2996286	12081	-19	-58	-54	-11	-3	-654	70	31	-319	324	51	-214	
3008365	12079	-46	-46	74	-194	94	289	523	-334	-112	113	-385	-128	
3020452	12087	0	74	-194	-3	-38	269	335	47	-249	-221	246	-198	
3032531	12079	152	-81	-34	-268	238	374	-463	94	144	66	-26	8	
3044613	12082	-225	20	164	-186	390	20	39	86	168	-233	218	78	
3056694	12081	-327	0	238	-19	269	289	-139	655	-128	-65	-249	160	
3068777	12083	-89	47	43	47	-120	433	20	608	-241	-124	-15	-202	
3080861	12084	156	-3	121	523	172	546	59	86	-292	-93	-73	-233	
3092943	12082	269	-3	148	-112	160	-46	-132	-272	-338	86	218	-38	
3105024	12081	-7	20	109	-85	109	-245	215	-373	-50	168	226	-61	
3117103	12079	324	402	-186	-350	-178	382	-198	-198	-381	168	183	-237	
3129184	12081	-139	20	78	-77	234	226	-210	137	90	-11	-38	-42	
3141267	12083	-58	-54	-11	-3	-654	70	31	-319	324	51	-214	105	
3153350	12083	-46	74	-194	94	289	523	-334	-112	113	-385	-128	12	
3165430	12080	74	-194	-3	-38	269	335	47	-249	-221	246	-198	-206	
3177513	12083	-81	-34	-268	238	374	-463	94	144	66	-26	8	612	
3189595	12082	20	164	-186	390	20	39	86	168	-233	218	78	129	
3201677	12082	0	238	-19	269	289	-139	655	-128	-65	-249	160	-272	
3213757	12080	47	43	47	-120	433	20	608	-241	-124	-15	-202	-128	
3225841	12084	-3	121	523	172	546	59	86	-292	-93	-73	-233	-338	
3237921	12080	-3	148	-112	160	-46	-132	-272	-338	86	218	-38	43	
3250005	12084	20	109	-85	109	-245	215	-373	-50	168	226	-61	304	
3262085	12080	402	-186	-350	-178	382	-198	-198	-381	168	183	-237	-143	
3274165	12080	20	78	-77	234	226	-210	137	90	-11	-38	-42	-81	
3286245	12080	-54	-11	-3	-654	70	31	-319	324	51	-214	105	889	
3298325	12080	74	-194	94	289	523	-334	-112	113	-385	-128	12	-381	
3310408	12083	-194	-3	-38	269	335	47	-249	-221	246	-198	-206	-214	
3322488	12080	-34	-268	238	374	-463	94	144	66	-26	8	612	-186	
3334568	12080	164	-186	390	20	39	86	168	-233	218	78	129	86	
3346650	12082	238	-19	269	289	-139	655	-128	-65	-249	160	-272	-280	
3358734	12084	43	47	-120	433	20	608	-241	-124	-15	-202	-128	-346	
3370815	12081	121	523	172	546	59	86	-292	-93	-73	-233	-338	47	
3382896	12081	148	-112	160	-46	-132	-272	-338	86	218	-38	43	-19	
3394979	12083	109	-85	109	-245	215	-373	-50	168	226	-61	304	-19	
3407061	12082	-186	-350	-178	382	-198	-198	-381	168	183	-237	-143	70	
3419143	12082	78	-77	234	226	-210	137	90	-11	-38	-42	-81	-292	
3431229	12086	-11	-3	-654	70	31	-319	324	51	-214	105	889	-3	
3443311	12082	-194	94	289	523	-334	-112	113	-385	-128	12	-381	-186	
3455393	12082	-3	-38	269	335	47	-249	-221	246	-198	-206	-214	172	
3467476	12083	-268	238	374	-463	94	144	66	-26	8	612	-186	363	
3479557	12081	-186	390	20	39	86	168	-233	218	78	129	86	59	
3491637	12080	-19	269	289	-139	655	-128	-65	-249	160	-272	-280	179	
3503721	12084	47	-120	433	20	608	-241	-124	-15	-202	-128	-346	105	
3515805	12084	523	172	546	59	86	-292	-93	-73	-233	-338	47	-73	
3527887	12082	-112	160	-46	-132	-272	-338	86	218	-38	43	-19	-7	
3539969	12082	-85	109	-245	215	-373	-50	168	226	-61	304	-19	31	
3552050	12081	-350	-178	382	-198	-198	-381	168	183	-237	-143	70	-15	
3564130	12080	-77	234	226	-210	137	90	-11	-38	-42	-81	-292	133	
3576214	12084	-3	-654	70	31	-319	324	51	-214	105	889	-3	35	
3588295	12081	94	289	523	-334	-112	113	-385	-128	12	-381	-186	-54	
3600375	12080	-38	269	335	47	-249	-221	246	-198	-206	-214	172	-256	
3612456	12081	238	374	-463	94	144	66	-26	8	612	-186	363	86	
3624538	12082	390	20	39	86	168	-233	218	78	129	86	59	-217	
3636622	12084	269	289	-139	655	-128	-65	-249	160	-272	-280	179	-50	
3648705	12083	-120	433	20	608	-241	-124	-15	-202	-128	-346	105	35	
3660785	12080	172	546	59	86	-292	-93	-73	-233	-338	47	-73	-272	
3672871	12086	160	-46	-132	-272	-338	86	218	-38	43	-19	-7	183	
3684951	12080	109	-245	215	-373	-50	168	226	-61	304	-19	31	-50	
3697033	12082	-178	382	-198	-198	-381	168	183	-237	-143	70	-15	-42	
3709115	12082	234	226	-210	137	90	-11	-38	-42	-81	-292	133	-3	
3721198	12083	-654	70	31	-319	324	51	-214	105	889	-3	35	-22	
3733277	12079	289	523	-334	-112	113	-385	-128	12	-381	-186	-54	-38	
3745358	12081	269	335	47	-249	-221	246	-198	-206	-214	172	-256	-3	
3757440	12082	374	-463	94	144	66	-26	8	612	-186	363	86	-15	
3769522	12082	20	39	86	168	-233	218	78	129	86	59	-217	-38	
3781605	12083	289	-139	655	-128	-65	-249	160	-272	-280	179	-50	176	
3793686	12081	433	20	608	-241	-124	-15	-202	-128	-346	105	35	74	
3805764	12078	546	59	86	-292	-93	-73	-233	-338	47	-73	-272	43	
3817844	12080	-46	-132	-272	-338	86	218	-38	43	-19	-7	183	62	
3829926	12082	-245	215	-373	-50	168	226	-61	304	-19	31	-50	-139	
3842006	12080	382	-198	-198	-381	168	183	-237	-143	70	-15	-42	-229	
3854086	12080	226	-210	137	90	-11	-38	-42	-81	-292	133	-3	101	
3866163	12077	70	31	-319	324	51	-214	105	889	-3	35	-22	-116	
3878243	12080	523	-334	-112	113	-385	-128	12	-381	-186	-54	-38	-182	
3890323	12080	335	47	-249	-221	246	-198	-206	-214	172	-256	-3	-42	
3902402	12079	-463	94	144	66	-26	8	612	-186	363	86	-15	215	
3914482	12080	39	86	168	-233	218	78	129	86	59	-217	-38	-182	
3926564	12082	-139	655	-128	-65	-249	160	-272	-280	179	-50	176	-22	
3938645	12081	20	608	-241	-124	-15	-202	-128	-346	105	35	74	-358	
3950725	12080	59	86	-292	-93	-73	-233	-338	47	-73	-272	43	16	
3962808	12083	-132	-272	-338	86	218	-38	43	-19	-7	183	62	230	
3974891	12083	215	-373	-50	168	226	-61	304	-19	31	-50	-139	55	
3986972	12081	-198	-198	-381	168	183	-237	-143	70	-15	-42	-229	62	
3999055	12083	-210	137	90	-11	-38	-42	-81	-292	133	-3	101	328	
4011136	12081	31	-319	324	51	-214	105	889	-3	35	-22	-116	-120	
4023217	12081	-334	-112	113	-385	-128	12	-381	-186	-54	-38	-182	47	
4035298	12081	47	-249	-221	246	-198	-206	-214	172	-256	-3	-42	47	
4047381	12083	94	144	66	-26	8	612	-186	363	86	-15	215	-58	
4059461	12080	86	168	-233	218	78	129	86	59	-217	-38	-182	-358	
4071544	12083	655	-128	-65	-249	160	-272	-280	179	-50	176	-22	-151	
4083629	12085	608	-241	-124	-15	-202	-128	-346	105	35	74	-358	-229	
4095708	12079	86	-292	-93	-73	-233	-338	47	-73	-272	43	16	-124	
4107791	12083	-272	-338	86	218	-38	43	-19	-7	183	62	230	70	
4119871	12080	-373	-50	168	226	-61	304	-19	31	-50	-139	55	-136	
4131949	12078	-198	-381	168	183	-237	-143	70	-15	-42	-229	62	-487	
4144033	12084	137	90	-11	-38	-42	-81	-292	133	-3	101	328	66	
4156114	12081	-319	324	51	-214	105	889	-3	35	-22	-116	-120	172	
4168194	12080	-112	113	-385	-128	12	-381	-186	-54	-38	-182	47	-436	
4180278	12084	-249	-221	246	-198	-206	-214	172	-256	-3	-42	47	-171	
4192357	12079	144	66	-26	8	612	-186	363	86	-15	215	-58	86	
4204440	12083	168	-233	218	78	129	86	59	-217	-38	-182	-358	250	
4216522	12082	-128	-65	-249	160	-272	-280	179	-50	176	-22	-151	-116	
4228604	12082	-241	-124	-15	-202	-128	-346	105	35	74	-358	-229	-100	
4240687	12083	-292	-93	-73	-233	-338	47	-73	-272	43	16	-124	-30	
4252770	12083	-338	86	218	-38	43	-19	-7	183	62	230	70	8	
4264853	12083	-50	168	226	-61	304	-19	31	-50	-139	55	-136	-104	
4276934	12081	-381	168	183	-237	-143	70	-15	-42	-229	62	-487	117	
4289016	12082	90	-11	-38	-42	-81	-292	133	-3	101	328	66	-69	
4301096	12080	324	51	-214	105	889	-3	35	-22	-116	-120	172	105	
4313178	12082	113	-385	-128	12	-381	-186	-54	-38	-182	47	-436	74	
4325259	12081	-221	246	-198	-206	-214	172	-256	-3	-42	47	-171	-253	
4337339	12080	66	-26	8	612	-186	363	86	-15	215	-58	86	51	
4349420	12081	-233	218	78	129	86	59	-217	-38	-182	-358	250	215	
4361501	12081	-65	-249	160	-272	-280	179	-50	176	-22	-151	-116	355	
4373581	12080	-124	-15	-202	-128	-346	105	35	74	-358	-229	-100	-163	
4385665	12084	-93	-73	-233	-338	47	-73	-272	43	16	-124	-30	-7	
4397748	12083	86	218	-38	43	-19	-7	183	62	230	70	8	-73	
4409830	12082	168	226	-61	304	-19	31	-50	-139	55	-136	-104	-272	
4421913	12083	168	183	-237	-143	70	-15	-42	-229	62	-487	117	187	
4433994	12081	-11	-38	-42	-81	-292	133	-3	101	328	66	-69	-15	
4446078	12084	51	-214	105	889	-3	35	-22	-116	-120	172	105	-50	
4458157	12079	-385	-128	12	-381	-186	-54	-38	-182	47	-436	74	-202	
4470239	12082	246	-198	-206	-214	172	-256	-3	-42	47	-171	-253	499	
4482318	12079	-26	8	612	-186	363	86	-15	215	-58	86	51	179	
4494399	12081	218	78	129	86	59	-217	-38	-182	-358	250	215	160	
4506485	12086	-249	160	-272	-280	179	-50	176	-22	-151	-116	355	55	
4518568	12083	-15	-202	-128	-346	105	35	74	-358	-229	-100	-163	-30	
4530652	12084	-73	-233	-338	47	-73	-272	43	16	-124	-30	-7	-77	
4542732	12080	218	-38	43	-19	-7	183	62	230	70	8	-73	-260	
4554813	12081	226	-61	304	-19	31	-50	-139	55	-136	-104	-272	-307	
4566892	12079	183	-237	-143	70	-15	-42	-229	62	-487	117	187	-354	
4578974	12082	-38	-42	-81	-292	133	-3	101	328	66	-69	-15	62	
4591056	12082	-214	105	889	-3	35	-22	-116	-120	172	105	-50	-85	
4603138	12082	-128	12	-381	-186	-54	-38	-182	47	-436	74	-202	-65	
4615220	12082	-198	-206	-214	172	-256	-3	-42	47	-171	-253	499	-210	
4627301	12081	8	612	-186	363	86	-15	215	-58	86	51	179	-120	
4639383	12082	78	129	86	59	-217	-38	-182	-358	250	215	160	-143	
4651466	12083	160	-272	-280	179	-50	176	-22	-151	-116	355	55	105	
4663549	12083	-202	-128	-346	105	35	74	-358	-229	-100	-163	-30	-42	
4675633	12084	-233	-338	47	-73	-272	43	16	-124	-30	-7	-77	43	
4687715	12082	-38	43	-19	-7	183	62	230	70	8	-73	-260	207	
4699799	12084	-61	304	-19	31	-50	-139	55	-136	-104	-272	-307	98	
4711881	12082	-237	-143	70	-15	-42	-229	62	-487	117	187	-354	16	
4723961	12080	-42	-81	-292	133	-3	101	328	66	-69	-15	62	-42	
4736045	12084	105	889	-3	35	-22	-116	-120	172	105	-50	-85	-276	
4748127	12082	12	-381	-186	-54	-38	-182	47	-436	74	-202	-65	-100	
4760206	12079	-206	-214	172	-256	-3	-42	47	-171	-253	499	-210	-151	
4772289	12083	612	-186	363	86	-15	215	-58	86	51	179	-120	82	
4784368	12079	129	86	59	-217	-38	-182	-358	250	215	160	-143	-89	
4796451	12083	-272	-280	179	-50	176	-22	-151	-116	355	55	105	156	
4808532	12081	-128	-346	105	35	74	-358	-229	-100	-163	-30	-42	242	
4820615	12083	-338	47	-73	-272	43	16	-124	-30	-7	-77	43	-7	
4832698	12083	43	-19	-7	183	62	230	70	8	-73	-260	207	222	
4844779	12081	304	-19	31	-50	-139	55	-136	-104	-272	-307	98	-54	
4856861	12082	-143	70	-15	-42	-229	62	-487	117	187	-354	16	-151	
4868945	12084	-81	-292	133	-3	101	328	66	-69	-15	62	-42	-22	
4881027	12082	889	-3	35	-22	-116	-120	172	105	-50	-85	-276	-61	
4893110	12083	-381	-186	-54	-38	-182	47	-436	74	-202	-65	-100	-143	
4905191	12081	-214	172	-256	-3	-42	47	-171	-253	499	-210	-151	82	
4917274	12083	-186	363	86	-15	215	-58	86	51	179	-120	82	250	
4929353	12079	86	59	-217	-38	-182	-358	250	215	160	-143	-89	183	
4941433	12080	-280	179	-50	176	-22	-151	-116	355	55	105	156	-42	
4953516	12083	-346	105	35	74	-358	-229	-100	-163	-30	-42	242	156	
4965598	12082	47	-73	-272	43	16	-124	-30	-7	-77	43	-7	246	
4977676	12078	-19	-7	183	62	230	70	8	-73	-260	207	222	-155	
4989755	12079	-19	31	-50	-139	55	-136	-104	-272	-307	98	-54	-3	
5001838	12083	70	-15	-42	-229	62	-487	117	187	-354	16	-151	-22	
5013921	12083	-292	133	-3	101	328	66	-69	-15	62	-42	-22	74	
5026005	12084	-3	35	-22	-116	-120	172	105	-50	-85	-276	-61	-182	
5038084	12079	-186	-54	-38	-182	47	-436	74	-202	-65	-100	-143	62	
5050165	12081	172	-256	-3	-42	47	-171	-253	499	-210	-151	82	121	
5062247	12082	363	86	-15	215	-58	86	51	179	-120	82	250	78	
5074329	12082	59	-217	-38	-182	-358	250	215	160	-143	-89	183	101	
5086414	12085	179	-50	176	-22	-151	-116	355	55	105	156	-42	-116	
5098496	12082	105	35	74	-358	-229	-100	-163	-30	-42	242	156	-175	
5110579	12083	-73	-272	43	16	-124	-30	-7	-77	43	-7	246	-182	
5122662	12083	-7	183	62	230	70	8	-73	-260	207	222	-155	-100	
5134743	12081	31	-50	-139	55	-136	-104	-272	-307	98	-54	-3	129	
5146828	12085	-15	-42	-229	62	-487	117	187	-354	16	-151	-22	117	
5158911	12083	133	-3	101	328	66	-69	-15	62	-42	-22	74	-11	
5170990	12079	35	-22	-116	-120	172	105	-50	-85	-276	-61	-182	-108	
5183072	12082	-54	-38	-182	47	-436	74	-202	-65	-100	-143	62	-38	
5195150	12078	-256	-3	-42	47	-171	-253	499	-210	-151	82	121	-11	
5207232	12082	86	-15	215	-58	86	51	179	-120	82	250	78	238	
5219316	12084	-217	-38	-182	-358	250	215	160	-143	-89	183	101	-514	
5231397	12081	-50	176	-22	-151	-116	355	55	105	156	-42	-116	0	
5243477	12080	35	74	-358	-229	-100	-163	-30	-42	242	156	-175	129	
5255558	12081	-272	43	16	-124	-30	-7	-77	43	-7	246	-182	20	
5267641	12083	183	62	230	70	8	-73	-260	207	222	-155	-100	-19	
5279723	12082	-50	-139	55	-136	-104	-272	-307	98	-54	-3	129	211	
5291806	12083	-42	-229	62	-487	117	187	-354	16	-151	-22	117	8	
5303889	12083	-3	101	328	66	-69	-15	62	-42	-22	74	-11	-42	
5315971	12082	-22	-116	-120	172	105	-50	-85	-276	-61	-182	-108	-19	
5328050	12079	-38	-182	47	-436	74	-202	-65	-100	-143	62	-38	-3	
5340130	12080	-3	-42	47	-171	-253	499	-210	-151	82	121	-11	-143	
5352211	12081	-15	215	-58	86	51	179	-120	82	250	78	238	4	
5364293	12082	-38	-182	-358	250	215	160	-143	-89	183	101	-514	187	
5376372	12079	176	-22	-151	-116	355	55	105	156	-42	-116	0	316	
5388454	12082	74	-358	-229	-100	-163	-30	-42	242	156	-175	129	-81	
5400535	12081	43	16	-124	-30	-7	-77	43	-7	246	-182	20	339	
5412620	12085	62	230	70	8	-73	-260	207	222	-155	-100	-19	8	
5424700	12080	-139	55	-136	-104	-272	-307	98	-54	-3	129	211	-116	
5436783	12083	-229	62	-487	117	187	-354	16	-151	-22	117	8	59	
5448864	12081	101	328	66	-69	-15	62	-42	-22	74	-11	-42	43	
5460946	12082	-116	-120	172	105	-50	-85	-276	-61	-182	-108	-19	230	
5473029	12083	-182	47	-436	74	-202	-65	-100	-143	62	-38	-3	43	
5485110	12081	-42	47	-171	-253	499	-210	-151	82	121	-11	-143	-15	
5497187	12077	215	-58	86	51	179	-120	82	250	78	238	4	152	
5509268	12081	-182	-358	250	215	160	-143	-89	183	101	-514	187	-112	
5521348	12080	-22	-151	-116	355	55	105	156	-42	-116	0	316	-93	
5533429	12081	-358	-229	-100	-163	-30	-42	242	156	-175	129	-81	55	
5545511	12082	16	-124	-30	-7	-77	43	-7	246	-182	20	339	-116	
5557594	12083	230	70	8	-73	-260	207	222	-155	-100	-19	8	27	
5569677	12083	55	-136	-104	-272	-307	98	-54	-3	129	211	-116	125	
5581759	12082	62	-487	117	187	-354	16	-151	-22	117	8	59	16	
5593841	12082	328	66	-69	-15	62	-42	-22	74	-11	-42	43	39	
5605922	12081	-120	172	105	-50	-85	-276	-61	-182	-108	-19	230	12	
5618005	12083	47	-436	74	-202	-65	-100	-143	62	-38	-3	43	86	
5630086	12081	47	-171	-253	499	-210	-151	82	121	-11	-143	-15	203	
5642169	12083	-58	86	51	179	-120	82	250	78	238	4	152	82	
5654251	12082	-358	250	215	160	-143	-89	183	101	-514	187	-112	156	
5666329	12078	-151	-116	355	55	105	156	-42	-116	0	316	-93	66	
5678409	12080	-229	-100	-163	-30	-42	242	156	-175	129	-81	55	156	
5690491	12082	-124	-30	-7	-77	43	-7	246	-182	20	339	-116	-50	
5702574	12083	70	8	-73	-260	207	222	-155	-100	-19	8	27	-229	
5714656	12082	-136	-104	-272	-307	98	-54	-3	129	211	-116	125	-69	
5726736	12080	-487	117	187	-354	16	-151	-22	117	8	59	16	137	
5738819	12083	66	-69	-15	62	-42	-22	74	-11	-42	43	39	101	
5750900	12081	172	105	-50	-85	-276	-61	-182	-108	-19	230	12	289	
5762981	12081	-436	74	-202	-65	-100	-143	62	-38	-3	43	86	117	
5775064	12083	-171	-253	499	-210	-151	82	121	-11	-143	-15	203	164	
5787143	12079	86	51	179	-120	82	250	78	238	4	152	82	-100	
5799224	12081	250	215	160	-143	-89	183	101	-514	187	-112	156	-299	
5811305	12081	-116	355	55	105	156	-42	-116	0	316	-93	66	-276	
5823386	12081	-100	-163	-30	-42	242	156	-175	129	-81	55	156	-77	
5835468	12082	-30	-7	-77	43	-7	246	-182	20	339	-116	-50	-38	
5847547	12079	8	-73	-260	207	222	-155	-100	-19	8	27	-229	320	
5859631	12084	-104	-272	-307	98	-54	-3	129	211	-116	125	-69	-104	
5871711	12080	117	187	-354	16	-151	-22	117	8	59	16	137	-54	
5883795	12084	-69	-15	62	-42	-22	74	-11	-42	43	39	101	66	
5895877	12082	105	-50	-85	-276	-61	-182	-108	-19	230	12	289	183	
5907960	12083	74	-202	-65	-100	-143	62	-38	-3	43	86	117	246	
5920042	12082	-253	499	-210	-151	82	121	-11	-143	-15	203	164	-38	
5932124	12082	51	179	-120	82	250	78	238	4	152	82	-100	207	
5944206	12082	215	160	-143	-89	183	101	-514	187	-112	156	-299	-206	
5956287	12081	355	55	105	156	-42	-116	0	316	-93	66	-276	-350	
5968367	12080	-163	-30	-42	242	156	-175	129	-81	55	156	-77	-11	
5980449	12082	-7	-77	43	-7	246	-182	20	339	-116	-50	-38	-7	
5992529	12080	-73	-260	207	222	-155	-100	-19	8	27	-229	320	109	
6004611	12082	-272	-307	98	-54	-3	129	211	-116	125	-69	-104	82	
6016692	12081	187	-354	16	-151	-22	117	8	59	16	137	-54	98	
6028772	12080	-15	62	-42	-22	74	-11	-42	43	39	101	66	-38	
6040856	12084	-50	-85	-276	-61	-182	-108	-19	230	12	289	183	-19	
6052937	12081	-202	-65	-100	-143	62	-38	-3	43	86	117	246	-73	
6065020	12083	499	-210	-151	82	121	-11	-143	-15	203	164	-38	82	
6077099	12079	179	-120	82	250	78	238	4	152	82	-100	207	-34	
6089182	12083	160	-143	-89	183	101	-514	187	-112	156	-299	-206	335	
6101262	12080	55	105	156	-42	-116	0	316	-93	66	-276	-350	4	
6113341	12079	-30	-42	242	156	-175	129	-81	55	156	-77	-11	281	
6125424	12083	-77	43	-7	246	-182	20	339	-116	-50	-38	-7	281	
6137504	12080	-260	207	222	-155	-100	-19	8	27	-229	320	109	-30	
6149585	12081	-307	98	-54	-3	129	211	-116	125	-69	-104	82	-366	
6161665	12080	-354	16	-151	-22	117	8	59	16	137	-54	98	-331	
6173745	12080	62	-42	-22	74	-11	-42	43	39	101	66	-38	226	
6185828	12083	-85	-276	-61	-182	-108	-19	230	12	289	183	-19	222	
6197909	12081	-65	-100	-143	62	-38	-3	43	86	117	246	-73	179	
6209990	12081	-210	-151	82	121	-11	-143	-15	203	164	-38	82	51	
6222074	12084	-120	82	250	78	238	4	152	82	-100	207	-34	27	
6234153	12079	-143	-89	183	101	-514	187	-112	156	-299	-206	335	-112	
6246238	12085	105	156	-42	-116	0	316	-93	66	-276	-350	4	-61	
6258315	12077	-42	242	156	-175	129	-81	55	156	-77	-11	281	304	
6270397	12082	43	-7	246	-182	20	339	-116	-50	-38	-7	281	55	
6282483	12086	207	222	-155	-100	-19	8	27	-229	320	109	-30	-81	
6294565	12082	98	-54	-3	129	211	-116	125	-69	-104	82	-366	20	
6306648	12083	16	-151	-22	117	8	59	16	137	-54	98	-331	-46	
6318730	12082	-42	-22	74	-11	-42	43	39	101	66	-38	226	394	
6330813	12083	-276	-61	-182	-108	-19	230	12	289	183	-19	222	39	
6342896	12083	-100	-143	62	-38	-3	43	86	117	246	-73	179	-30	
6354977	12081	-151	82	121	-11	-143	-15	203	164	-38	82	51	82	
6367060	12083	82	250	78	238	4	152	82	-100	207	-34	27	55	
6379143	12083	-89	183	101	-514	187	-112	156	-299	-206	335	-112	269	
6391229	12086	156	-42	-116	0	316	-93	66	-276	-350	4	-61	8	
6403309	12080	242	156	-175	129	-81	55	156	-77	-11	281	304	433	
6415392	12083	-7	246	-182	20	339	-116	-50	-38	-7	281	55	187	
6427476	12084	222	-155	-100	-19	8	27	-229	320	109	-30	-81	113	
6439561	12085	-54	-3	129	211	-116	125	-69	-104	82	-366	20	-132	
6451644	12083	-151	-22	117	8	59	16	137	-54	98	-331	-46	-65	
6463726	12082	-22	74	-11	-42	43	39	101	66	-38	226	394	-85	
6475808	12082	-61	-182	-108	-19	230	12	289	183	-19	222	39	-58	
6487891	12083	-143	62	-38	-3	43	86	117	246	-73	179	-30	-206	
6499975	12084	82	121	-11	-143	-15	203	164	-38	82	51	82	-334	
6512060	12085	250	78	238	4	152	82	-100	207	-34	27	55	-69	
6524143	12083	183	101	-514	187	-112	156	-299	-206	335	-112	269	101	
6536229	12086	-42	-116	0	316	-93	66	-276	-350	4	-61	8	191	
6548311	12082	156	-175	129	-81	55	156	-77	-11	281	304	433	250	
6560392	12081	246	-182	20	339	-116	-50	-38	-7	281	55	187	281	
6572479	12087	-155	-100	-19	8	27	-229	320	109	-30	-81	113	312	
6584559	12080	-3	129	211	-116	125	-69	-104	82	-366	20	-132	-245	
6596641	12082	-22	117	8	59	16	137	-54	98	-331	-46	-65	-93	
6608723	12082	74	-11	-42	43	39	101	66	-38	226	394	-85	-54	
6620803	12080	-182	-108	-19	230	12	289	183	-19	222	39	-58	109	
6632883	12080	62	-38	-3	43	86	117	246	-73	179	-30	-206	-155	
6644964	12081	121	-11	-143	-15	203	164	-38	82	51	82	-334	-163	
6657047	12083	78	238	4	152	82	-100	207	-34	27	55	-69	-171	
6669124	12077	101	-514	187	-112	156	-299	-206	335	-112	269	101	4	
6681206	12082	-116	0	316	-93	66	-276	-350	4	-61	8	191	-81	
6693289	12083	-175	129	-81	55	156	-77	-11	281	304	433	250	-249	
6705371	12082	-182	20	339	-116	-50	-38	-7	281	55	187	281	300	
6717454	12083	-100	-19	8	27	-229	320	109	-30	-81	113	312	-159	
6729535	12081	129	211	-116	125	-69	-104	82	-366	20	-132	-245	-194	
6741618	12083	117	8	59	16	137	-54	98	-331	-46	-65	-93	12	
6753701	12083	-11	-42	43	39	101	66	-38	226	394	-85	-54	152	
6765782	12081	-108	-19	230	12	289	183	-19	222	39	-58	109	-58	
6777865	12083	-38	-3	43	86	117	246	-73	179	-30	-206	-155	156	
6789945	12080	-11	-143	-15	203	164	-38	82	51	82	-334	-163	27	
6802026	12081	238	4	152	82	-100	207	-34	27	55	-69	-171	70	
6814110	12084	-514	187	-112	156	-299	-206	335	-112	269	101	4	-3	
6826191	12081	0	316	-93	66	-276	-350	4	-61	8	191	-81	-15	
6838273	12082	129	-81	55	156	-77	-11	281	304	433	250	-249	-54	
6850354	12081	20	339	-116	-50	-38	-7	281	55	187	281	300	43	
6862432	12078	-19	8	27	-229	320	109	-30	-81	113	312	-159	86	
6874512	12080	211	-116	125	-69	-104	82	-366	20	-132	-245	-194	43	
6886595	12083	8	59	16	137	-54	98	-331	-46	-65	-93	12	74	
6898677	12082	-42	43	39	101	66	-38	226	394	-85	-54	152	-11	
6910758	12081	-19	230	12	289	183	-19	222	39	-58	109	-58	74	
6922840	12082	-3	43	86	117	246	-73	179	-30	-206	-155	156	125	
6934921	12081	-143	-15	203	164	-38	82	51	82	-334	-163	27	-151	
6947005	12084	4	152	82	-100	207	-34	27	55	-69	-171	70	-11	
6959085	12080	187	-112	156	-299	-206	335	-112	269	101	4	-3	-26	
6971168	12083	316	-93	66	-276	-350	4	-61	8	191	-81	-15	222	
6983251	12083	-81	55	156	-77	-11	281	304	433	250	-249	-54	113	
6995329	12078	339	-116	-50	-38	-7	281	55	187	281	300	43	78	
7007411	12082	8	27	-229	320	109	-30	-81	113	312	-159	86	51	
7019494	12083	-116	125	-69	-104	82	-366	20	-132	-245	-194	43	43	
7031576	12082	59	16	137	-54	98	-331	-46	-65	-93	12	74	-58	
7043659	12083	43	39	101	66	-38	226	394	-85	-54	152	-11	82	
7055742	12083	230	12	289	183	-19	222	39	-58	109	-58	74	-97	
7067824	12082	43	86	117	246	-73	179	-30	-206	-155	156	125	-42	
7079906	12082	-15	203	164	-38	82	51	82	-334	-163	27	-151	-143	
7091990	12084	152	82	-100	207	-34	27	55	-69	-171	70	-11	-34	
7104073	12083	-112	156	-299	-206	335	-112	269	101	4	-3	-26	-38	
7116154	12081	-93	66	-276	-350	4	-61	8	191	-81	-15	222	140	
7128234	12080	55	156	-77	-11	281	304	433	250	-249	-54	113	20	
7140318	12084	-116	-50	-38	-7	281	55	187	281	300	43	78	86	
7152400	12082	27	-229	320	109	-30	-81	113	312	-159	86	51	86	
7164482	12082	125	-69	-104	82	-366	20	-132	-245	-194	43	43	12	
7176563	12081	16	137	-54	98	-331	-46	-65	-93	12	74	-58	-54	
7188646	12083	39	101	66	-38	226	394	-85	-54	152	-11	82	-38	
7200727	12081	12	289	183	-19	222	39	-58	109	-58	74	-97	-93	
7212808	12081	86	117	246	-73	179	-30	-206	-155	156	125	-42	187	
7224890	12082	203	164	-38	82	51	82	-334	-163	27	-151	-143	277	
7236971	12081	82	-100	207	-34	27	55	-69	-171	70	-11	-34	-198	
7249050	12079	156	-299	-206	335	-112	269	101	4	-3	-26	-38	858	
7261131	12081	66	-276	-350	4	-61	8	191	-81	-15	222	140	-15	
7273214	12083	156	-77	-11	281	304	433	250	-249	-54	113	20	43	
7285296	12082	-50	-38	-7	281	55	187	281	300	43	78	86	261	
7297376	12080	-229	320	109	-30	-81	113	312	-159	86	51	86	-108	
7309461	12085	-69	-104	82	-366	20	-132	-245	-194	43	43	12	12	
7321540	12079	137	-54	98	-331	-46	-65	-93	12	74	-58	-54	273	
7333621	12081	101	66	-38	226	394	-85	-54	152	-11	82	-38	-50	
7345705	12084	289	183	-19	222	39	-58	109	-58	74	-97	-93	300	
7357786	12081	117	246	-73	179	-30	-206	-155	156	125	-42	187	-7	
7369868	12082	164	-38	82	51	82	-334	-163	27	-151	-143	277	-108	
7381951	12083	-100	207	-34	27	55	-69	-171	70	-11	-34	-198	-132	
7394033	12082	-299	-206	335	-112	269	101	4	-3	-26	-38	858	0	
7406114	12081	-276	-350	4	-61	8	191	-81	-15	222	140	-15	156	
7418199	12085	-77	-11	281	304	433	250	-249	-54	113	20	43	-233	
7430279	12080	-38	-7	281	55	187	281	300	43	78	86	261	-327	
7442359	12080	320	109	-30	-81	113	312	-159	86	51	86	-108	172	
7454438	12079	-104	82	-366	20	-132	-245	-194	43	43	12	12	27	
7466519	12081	-54	98	-331	-46	-65	-93	12	74	-58	-54	273	117	
7478603	12084	66	-38	226	394	-85	-54	152	-11	82	-38	-50	-100	
7490687	12084	183	-19	222	39	-58	109	-58	74	-97	-93	300	129	
7502768	12081	246	-73	179	-30	-206	-155	156	125	-42	187	-7	207	
7514851	12083	-38	82	51	82	-334	-163	27	-151	-143	277	-108	402	
7526931	12080	207	-34	27	55	-69	-171	70	-11	-34	-198	-132	160	
7539012	12081	-206	335	-112	269	101	4	-3	-26	-38	858	0	215	
7551093	12081	-350	4	-61	8	191	-81	-15	222	140	-15	156	39	
7563174	12081	-11	281	304	433	250	-249	-54	113	20	43	-233	-151	
7575258	12084	-7	281	55	187	281	300	43	78	86	261	-327	714	
7587337	12079	109	-30	-81	113	312	-159	86	51	86	-108	172	-362	
7599422	12085	82	-366	20	-132	-245	-194	43	43	12	12	27	-502	
7611505	12083	98	-331	-46	-65	-93	12	74	-58	-54	273	117	113	
7623587	12082	-38	226	394	-85	-54	152	-11	82	-38	-50	-100	359	
7635669	12082	-19	222	39	-58	109	-58	74	-97	-93	300	129	191	
7647749	12080	-73	179	-30	-206	-155	156	125	-42	187	-7	207	62	
7659831	12082	82	51	82	-334	-163	27	-151	-143	277	-108	402	-112	
7671912	12081	-34	27	55	-69	-171	70	-11	-34	-198	-132	160	-202	
7683994	12082	335	-112	269	101	4	-3	-26	-38	858	0	215	-292	
7696079	12085	4	-61	8	191	-81	-15	222	140	-15	156	39	-623	
7708160	12081	281	304	433	250	-249	-54	113	20	43	-233	-151	176	
7720241	12081	281	55	187	281	300	43	78	86	261	-327	714	16	
7732323	12082	-30	-81	113	312	-159	86	51	86	-108	172	-362	16	
7744402	12079	-366	20	-132	-245	-194	43	43	12	12	27	-502	-362	
7756482	12080	-331	-46	-65	-93	12	74	-58	-54	273	117	113	433	
7768562	12080	226	394	-85	-54	152	-11	82	-38	-50	-100	359	144	
7780643	12081	222	39	-58	109	-58	74	-97	-93	300	129	191	226	
7792726	12083	179	-30	-206	-155	156	125	-42	187	-7	207	62	140	
7804809	12083	51	82	-334	-163	27	-151	-143	277	-108	402	-112	-26	
7816891	12082	27	55	-69	-171	70	-11	-34	-198	-132	160	-202	312	
7828975	12084	-112	269	101	4	-3	-26	-38	858	0	215	-292	-635	
7841056	12081	-61	8	191	-81	-15	222	140	-15	156	39	-623	78	
7853137	12081	304	433	250	-249	-54	113	20	43	-233	-151	176	195	
7865219	12082	55	187	281	300	43	78	86	261	-327	714	16	43	
7877301	12082	-81	113	312	-159	86	51	86	-108	172	-362	16	429	
7889383	12082	20	-132	-245	-194	43	43	12	12	27	-502	-362	-171	
7901464	12081	-46	-65	-93	12	74	-58	-54	273	117	113	433	-268	
7913547	12083	394	-85	-54	152	-11	82	-38	-50	-100	359	144	101	
7925631	12084	39	-58	109	-58	74	-97	-93	300	129	191	226	-319	
7937714	12083	-30	-206	-155	156	125	-42	187	-7	207	62	140	-159	
7949796	12082	82	-334	-163	27	-151	-143	277	-108	402	-112	-26	-112	
7961879	12083	55	-69	-171	70	-11	-34	-198	-132	160	-202	312	137	
7973959	12080	269	101	4	-3	-26	-38	858	0	215	-292	-635	234	
7986042	12083	8	191	-81	-15	222	140	-15	156	39	-623	78	8	
7998124	12082	433	250	-249	-54	113	20	43	-233	-151	176	195	612	
8010206	12082	187	281	300	43	78	86	261	-327	714	16	43	406	
8022287	12081	113	312	-159	86	51	86	-108	172	-362	16	429	-112	
8034365	12078	-132	-245	-194	43	43	12	12	27	-502	-362	-171	343	
8046452	12087	-65	-93	12	74	-58	-54	273	117	113	433	-268	-15	
8058532	12080	-85	-54	152	-11	82	-38	-50	-100	359	144	101	31	
8070615	12083	-58	109	-58	74	-97	-93	300	129	191	226	-319	-206	
8082696	12081	-206	-155	156	125	-42	187	-7	207	62	140	-159	-42	
8094778	12082	-334	-163	27	-151	-143	277	-108	402	-112	-26	-112	-327	
8106863	12085	-69	-171	70	-11	-34	-198	-132	160	-202	312	137	-26	
8118943	12080	101	4	-3	-26	-38	858	0	215	-292	-635	234	98	
8131023	12080	191	-81	-15	222	140	-15	156	39	-623	78	8	-104	
8143103	12080	250	-249	-54	113	20	43	-233	-151	176	195	612	-77	
8155184	12081	281	300	43	78	86	261	-327	714	16	43	406	168	
8167265	12081	312	-159	86	51	86	-108	172	-362	16	429	-112	-42	
8179346	12081	-245	-194	43	43	12	12	27	-502	-362	-171	343	-163	
8191428	12082	-93	12	74	-58	-54	273	117	113	433	-268	-15	207	
8203508	12080	-54	152	-11	82	-38	-50	-100	359	144	101	31	445	
8215588	12080	109	-58	74	-97	-93	300	129	191	226	-319	-206	281	
8227672	12084	-155	156	125	-42	187	-7	207	62	140	-159	-42	78	
8239751	12079	-163	27	-151	-143	277	-108	402	-112	-26	-112	-327	-19	
8251833	12082	-171	70	-11	-34	-198	-132	160	-202	312	137	-26	191	
8263915	12082	4	-3	-26	-38	858	0	215	-292	-635	234	98	351	
8275998	12083	-81	-15	222	140	-15	156	39	-623	78	8	-104	-3	
8288080	12082	-249	-54	113	20	43	-233	-151	176	195	612	-77	55	
8300158	12078	300	43	78	86	261	-327	714	16	43	406	168	-65	
8312239	12081	-159	86	51	86	-108	172	-362	16	429	-112	-42	74	
8324321	12082	-194	43	43	12	12	27	-502	-362	-171	343	-163	-136	
8336402	12081	12	74	-58	-54	273	117	113	433	-268	-15	207	300	
8348481	12079	152	-11	82	-38	-50	-100	359	144	101	31	445	-19	
8360561	12080	-58	74	-97	-93	300	129	191	226	-319	-206	281	-30	
8372642	12081	156	125	-42	187	-7	207	62	140	-159	-42	78	86	
8384725	12083	27	-151	-143	277	-108	402	-112	-26	-112	-327	-19	20	
8396808	12083	70	-11	-34	-198	-132	160	-202	312	137	-26	191	4	
8408891	12083	-3	-26	-38	858	0	215	-292	-635	234	98	351	98	
8420975	12084	-15	222	140	-15	156	39	-623	78	8	-104	-3	-163	
8433056	12081	-54	113	20	43	-233	-151	176	195	612	-77	55	8	
8445140	12084	43	78	86	261	-327	714	16	43	406	168	-65	105	
8457221	12081	86	51	86	-108	172	-362	16	429	-112	-42	74	-120	
8469302	12081	43	43	12	12	27	-502	-362	-171	343	-163	-136	-22	
8481384	12082	74	-58	-54	273	117	113	433	-268	-15	207	300	90	
8493468	12084	-11	82	-38	-50	-100	359	144	101	31	445	-19	-65	
8505550	12082	74	-97	-93	300	129	191	226	-319	-206	281	-30	98	
8517633	12083	125	-42	187	-7	207	62	140	-159	-42	78	86	23	
8529715	12082	-151	-143	277	-108	402	-112	-26	-112	-327	-19	20	-147	
8541795	12080	-11	-34	-198	-132	160	-202	312	137	-26	191	4	-97	
8553879	12084	-26	-38	858	0	215	-292	-635	234	98	351	98	-15	
8565960	12081	222	140	-15	156	39	-623	78	8	-104	-3	-163	-151	
8578043	12083	113	20	43	-233	-151	176	195	612	-77	55	8	31	
8590125	12082	78	86	261	-327	714	16	43	406	168	-65	105	281	
8602207	12082	51	86	-108	172	-362	16	429	-112	-42	74	-120	-26	
8614289	12082	43	12	12	27	-502	-362	-171	343	-163	-136	-22	-108	
8626369	12080	-58	-54	273	117	113	433	-268	-15	207	300	90	324	
8638451	12082	82	-38	-50	-100	359	144	101	31	445	-19	-65	-61	
8650532	12081	-97	-93	300	129	191	226	-319	-206	281	-30	98	47	
8662615	12083	-42	187	-7	207	62	140	-159	-42	78	86	23	179	
8674696	12081	-143	277	-108	402	-112	-26	-112	-327	-19	20	-147	31	
8686779	12083	-34	-198	-132	160	-202	312	137	-26	191	4	-97	117	
8698861	12082	-38	858	0	215	-292	-635	234	98	351	98	-15	-151	
8710945	12084	140	-15	156	39	-623	78	8	-104	-3	-163	-151	277	
8723028	12083	20	43	-233	-151	176	195	612	-77	55	8	31	105	
8735112	12084	86	261	-327	714	16	43	406	168	-65	105	281	628	
8747190	12078	86	-108	172	-362	16	429	-112	-42	74	-120	-26	-366	
8759274	12084	12	12	27	-502	-362	-171	343	-163	-136	-22	-108	183	
8771354	12080	-54	273	117	113	433	-268	-15	207	300	90	324	160	
8783435	12081	-38	-50	-100	359	144	101	31	445	-19	-65	-61	667	
8795517	12082	-93	300	129	191	226	-319	-206	281	-30	98	47	35	
8807600	12083	187	-7	207	62	140	-159	-42	78	86	23	179	66	
8819682	12082	277	-108	402	-112	-26	-112	-327	-19	20	-147	31	-440	
8831762	12080	-198	-132	160	-202	312	137	-26	191	4	-97	117	679	
8843844	12082	858	0	215	-292	-635	234	98	351	98	-15	-151	257	
8855926	12082	-15	156	39	-623	78	8	-104	-3	-163	-151	277	183	
8868006	12080	43	-233	-151	176	195	612	-77	55	8	31	105	-225	
8880086	12080	261	-327	714	16	43	406	168	-65	105	281	628	117	
8892169	12083	-108	172	-362	16	429	-112	-42	74	-120	-26	-366	511	
8904250	12081	12	27	-502	-362	-171	343	-163	-136	-22	-108	183	-171	
8916330	12080	273	117	113	433	-268	-15	207	300	90	324	160	254	
8928410	12080	-50	-100	359	144	101	31	445	-19	-65	-61	667	-420	
8940492	12082	300	129	191	226	-319	-206	281	-30	98	47	35	324	
8952574	12082	-7	207	62	140	-159	-42	78	86	23	179	66	-112	
8964656	12082	-108	402	-112	-26	-112	-327	-19	20	-147	31	-440	215	
8976740	12084	-132	160	-202	312	137	-26	191	4	-97	117	679	-253	
8988824	12084	0	215	-292	-635	234	98	351	98	-15	-151	257	-22	
9000904	12080	156	39	-623	78	8	-104	-3	-163	-151	277	183	-190	
9012986	12082	-233	-151	176	195	612	-77	55	8	31	105	-225	121	
9025066	12080	-327	714	16	43	406	168	-65	105	281	628	117	300	
9037148	12082	172	-362	16	429	-112	-42	74	-120	-26	-366	511	164	
9049229	12081	27	-502	-362	-171	343	-163	-136	-22	-108	183	-171	-245	
9061309	12080	117	113	433	-268	-15	207	300	90	324	160	254	-26	
9073392	12083	-100	359	144	101	31	445	-19	-65	-61	667	-420	129	
9085476	12084	129	191	226	-319	-206	281	-30	98	47	35	324	176	
9097561	12085	207	62	140	-159	-42	78	86	23	179	66	-112	757	
9109645	12084	402	-112	-26	-112	-327	-19	20	-147	31	-440	215	347	
9121728	12083	160	-202	312	137	-26	191	4	-97	117	679	-253	-7	
9133814	12086	215	-292	-635	234	98	351	98	-15	-151	257	-22	125	
9145897	12083	39	-623	78	8	-104	-3	-163	-151	277	183	-190	-85	
9157977	12080	-151	176	195	612	-77	55	8	31	105	-225	121	-510	
9170058	12081	714	16	43	406	168	-65	105	281	628	117	300	152	
9182141	12083	-362	16	429	-112	-42	74	-120	-26	-366	511	164	-549	
9194221	12080	-502	-362	-171	343	-163	-136	-22	-108	183	-171	-245	378	
9206305	12084	113	433	-268	-15	207	300	90	324	160	254	-26	538	
9218386	12081	359	144	101	31	445	-19	-65	-61	667	-420	129	530	
9230468	12082	191	226	-319	-206	281	-30	98	47	35	324	176	-409	
9242550	12082	62	140	-159	-42	78	86	23	179	66	-112	757	66	
9254633	12083	-112	-26	-112	-327	-19	20	-147	31	-440	215	347	628	
9266713	12080	-202	312	137	-26	191	4	-97	117	679	-253	-7	152	
9278795	12082	-292	-635	234	98	351	98	-15	-151	257	-22	125	-190	
9290877	12082	-623	78	8	-104	-3	-163	-151	277	183	-190	-85	47	
9302960	12083	176	195	612	-77	55	8	31	105	-225	121	-510	-307	
9315042	12082	16	43	406	168	-65	105	281	628	117	300	152	70	
9327125	12083	16	429	-112	-42	74	-120	-26	-366	511	164	-549	-331	
9339207	12082	-362	-171	343	-163	-136	-22	-108	183	-171	-245	378	94	
9351289	12082	433	-268	-15	207	300	90	324	160	254	-26	538	312	
9363368	12079	144	101	31	445	-19	-65	-61	667	-420	129	530	-214	
9375450	12082	226	-319	-206	281	-30	98	47	35	324	176	-409	82	
9387531	12081	140	-159	-42	78	86	23	179	66	-112	757	66	-42	
9399613	12082	-26	-112	-327	-19	20	-147	31	-440	215	347	628	35	
9411694	12081	312	137	-26	191	4	-97	117	679	-253	-7	152	269	
9423778	12084	-635	234	98	351	98	-15	-151	257	-22	125	-190	70	
9435857	12079	78	8	-104	-3	-163	-151	277	183	-190	-85	47	183	
9447939	12082	195	612	-77	55	8	31	105	-225	121	-510	-307	168	
9460023	12084	43	406	168	-65	105	281	628	117	300	152	70	-22	
9472104	12081	429	-112	-42	74	-120	-26	-366	511	164	-549	-331	714	
9484184	12080	-171	343	-163	-136	-22	-108	183	-171	-245	378	94	-50	
9496266	12082	-268	-15	207	300	90	324	160	254	-26	538	312	59	
9508350	12084	101	31	445	-19	-65	-61	667	-420	129	530	-214	-299	
9520432	12082	-319	-206	281	-30	98	47	35	324	176	-409	82	281	
9532512	12080	-159	-42	78	86	23	179	66	-112	757	66	-42	27	
9544593	12081	-112	-327	-19	20	-147	31	-440	215	347	628	35	12	
9556675	12082	137	-26	191	4	-97	117	679	-253	-7	152	269	-249	
9568755	12080	234	98	351	98	-15	-151	257	-22	125	-190	70	378	
9580838	12083	8	-104	-3	-163	-151	277	183	-190	-85	47	183	156	
9592917	12079	612	-77	55	8	31	105	-225	121	-510	-307	168	-100	
9605001	12084	406	168	-65	105	281	628	117	300	152	70	-22	160	
9617081	12080	-112	-42	74	-120	-26	-366	511	164	-549	-331	714	211	
9629163	12082	343	-163	-136	-22	-108	183	-171	-245	378	94	-50	-7	
9641243	12080	-15	207	300	90	324	160	254	-26	538	312	59	-241	
9653322	12079	31	445	-19	-65	-61	667	-420	129	530	-214	-299	-65	
9665400	12078	-206	281	-30	98	47	35	324	176	-409	82	281	94	
9677486	12086	-42	78	86	23	179	66	-112	757	66	-42	27	55	
9689570	12084	-327	-19	20	-147	31	-440	215	347	628	35	12	-85	
9701652	12082	-26	191	4	-97	117	679	-253	-7	152	269	-249	31	
9713734	12082	98	351	98	-15	-151	257	-22	125	-190	70	378	12	
9725818	12084	-104	-3	-163	-151	277	183	-190	-85	47	183	156	316	
9737899	12081	-77	55	8	31	105	-225	121	-510	-307	168	-100	-249	
9749981	12082	168	-65	105	281	628	117	300	152	70	-22	160	-30	
9762065	12084	-42	74	-120	-26	-366	511	164	-549	-331	714	211	125	
9774145	12080	-163	-136	-22	-108	183	-171	-245	378	94	-50	-7	62	
9786227	12082	207	300	90	324	160	254	-26	538	312	59	-241	4	
9798308	12081	445	-19	-65	-61	667	-420	129	530	-214	-299	-65	-108	
9810391	12083	281	-30	98	47	35	324	176	-409	82	281	94	-315	
9822475	12084	78	86	23	179	66	-112	757	66	-42	27	55	-85	
9834557	12082	-19	20	-147	31	-440	215	347	628	35	12	-85	-237	
9846639	12082	191	4	-97	117	679	-253	-7	152	269	-249	31	367	
9858719	12080	351	98	-15	-151	257	-22	125	-190	70	378	12	203	
9870799	12080	-3	-163	-151	277	183	-190	-85	47	183	156	316	484	
9882881	12082	55	8	31	105	-225	121	-510	-307	168	-100	-249	316	
9894964	12083	-65	105	281	628	117	300	152	70	-22	160	-30	90	
9907048	12084	74	-120	-26	-366	511	164	-549	-331	714	211	125	191	
9919132	12084	-136	-22	-108	183	-171	-245	378	94	-50	-7	62	156	
9931214	12082	300	90	324	160	254	-26	538	312	59	-241	4	51	
9943294	12080	-19	-65	-61	667	-420	129	530	-214	-299	-65	-108	31	
9955373	12079	-30	98	47	35	324	176	-409	82	281	94	-315	-77	
9967453	12080	86	23	179	66	-112	757	66	-42	27	55	-85	-393	
9979532	12079	20	-147	31	-440	215	347	628	35	12	-85	-237	20	
9991617	12085	4	-97	117	679	-253	-7	152	269	-249	31	367	20	
10003702	12085	98	-15	-151	257	-22	125	-190	70	378	12	203	172	
10015785	12083	-163	-151	277	183	-190	-85	47	183	156	316	484	16	
10027867	12082	8	31	105	-225	121	-510	-307	168	-100	-249	316	-229	
10039949	12082	105	281	628	117	300	152	70	-22	160	-30	90	-233	
10052031	12082	-120	-26	-366	511	164	-549	-331	714	211	125	191	-30	
10064113	12082	-22	-108	183	-171	-245	378	94	-50	-7	62	156	82	
10076198	12085	90	324	160	254	-26	538	312	59	-241	4	51	-58	
10088277	12079	-65	-61	667	-420	129	530	-214	-299	-65	-108	31	55	
10100359	12082	98	47	35	324	176	-409	82	281	94	-315	-77	-178	
10112441	12082	23	179	66	-112	757	66	-42	27	55	-85	-393	-108	
10124525	12084	-147	31	-440	215	347	628	35	12	-85	-237	20	452	
10136607	12082	-97	117	679	-253	-7	152	269	-249	31	367	20	94	
10148689	12082	-15	-151	257	-22	125	-190	70	378	12	203	172	113	
10160769	12080	-151	277	183	-190	-85	47	183	156	316	484	16	-26	
10172852	12083	31	105	-225	121	-510	-307	168	-100	-249	316	-229	-104	
10184933	12081	281	628	117	300	152	70	-22	160	-30	90	-233	156	
10197016	12083	-26	-366	511	164	-549	-331	714	211	125	191	-30	117	
10209097	12081	-108	183	-171	-245	378	94	-50	-7	62	156	82	82	
10221181	12084	324	160	254	-26	538	312	59	-241	4	51	-58	222	
10233262	12081	-61	667	-420	129	530	-214	-299	-65	-108	31	55	179	
10245344	12082	47	35	324	176	-409	82	281	94	-315	-77	-178	4	
10257427	12083	179	66	-112	757	66	-42	27	55	-85	-393	-108	129	
10269509	12082	31	-440	215	347	628	35	12	-85	-237	20	452	20	
10281592	12083	117	679	-253	-7	152	269	-249	31	367	20	94	23	
10293676	12084	-151	257	-22	125	-190	70	378	12	203	172	113	0	
10305756	12080	277	183	-190	-85	47	183	156	316	484	16	-26	12	
10317840	12084	105	-225	121	-510	-307	168	-100	-249	316	-229	-104	-26	
10329921	12081	628	117	300	152	70	-22	160	-30	90	-233	156	-22	
10342006	12085	-366	511	164	-549	-331	714	211	125	191	-30	117	59	
10354088	12082	183	-171	-245	378	94	-50	-7	62	156	82	82	74	
10366169	12081	160	254	-26	538	312	59	-241	4	51	-58	222	16	
10378249	12080	667	-420	129	530	-214	-299	-65	-108	31	55	179	23	
10390331	12082	35	324	176	-409	82	281	94	-315	-77	-178	4	20	
10402410	12079	66	-112	757	66	-42	27	55	-85	-393	-108	129	59	
10414491	12081	-440	215	347	628	35	12	-85	-237	20	452	20	39	
10426572	12081	679	-253	-7	152	269	-249	31	367	20	94	23	164	
10438654	12082	257	-22	125	-190	70	378	12	203	172	113	0	195	
10450734	12080	183	-190	-85	47	183	156	316	484	16	-26	12	172	
10462818	12084	-225	121	-510	-307	168	-100	-249	316	-229	-104	-26	179	
10474899	12081	117	300	152	70	-22	160	-30	90	-233	156	-22	-34	
10486982	12083	511	164	-549	-331	714	211	125	191	-30	117	59	-46	
10499064	12082	-171	-245	378	94	-50	-7	62	156	82	82	74	-151	
10511143	12079	254	-26	538	312	59	-241	4	51	-58	222	16	-58	
10523225	12082	-420	129	530	-214	-299	-65	-108	31	55	179	23	-139	
10535307	12082	324	176	-409	82	281	94	-315	-77	-178	4	20	-30	
10547387	12080	-112	757	66	-42	27	55	-85	-393	-108	129	59	133	
10559470	12083	215	347	628	35	12	-85	-237	20	452	20	39	-171	
10571553	12083	-253	-7	152	269	-249	31	367	20	94	23	164	86	
10583635	12082	-22	125	-190	70	378	12	203	172	113	0	195	27	
10595717	12082	-190	-85	47	183	156	316	484	16	-26	12	172	-186	
10607798	12081	121	-510	-307	168	-100	-249	316	-229	-104	-26	179	27	
10619880	12082	300	152	70	-22	160	-30	90	-233	156	-22	-34	-97	
10631960	12080	164	-549	-331	714	211	125	191	-30	117	59	-46	94	
10644048	12088	-245	378	94	-50	-7	62	156	82	82	74	-151	160	
10656127	12079	-26	538	312	59	-241	4	51	-58	222	16	-58	66	
10668211	12084	129	530	-214	-299	-65	-108	31	55	179	23	-139	164	
10680291	12080	176	-409	82	281	94	-315	-77	-178	4	20	-30	121	
10692375	12084	757	66	-42	27	55	-85	-393	-108	129	59	133	-89	
10704459	12084	347	628	35	12	-85	-237	20	452	20	39	-171	-186	
10716543	12084	-7	152	269	-249	31	367	20	94	23	164	86	137	
10728624	12081	125	-190	70	378	12	203	172	113	0	195	27	74	
10740706	12082	-85	47	183	156	316	484	16	-26	12	172	-186	137	
10752788	12082	-510	-307	168	-100	-249	316	-229	-104	-26	179	27	160	
10764871	12083	152	70	-22	160	-30	90	-233	156	-22	-34	-97	113	
10776954	12083	-549	-331	714	211	125	191	-30	117	59	-46	94	74	
10789038	12084	378	94	-50	-7	62	156	82	82	74	-151	160	254	
10801118	12080	538	312	59	-241	4	51	-58	222	16	-58	66	94	
10813203	12085	530	-214	-299	-65	-108	31	55	179	23	-139	164	-69	
10825285	12082	-409	82	281	94	-315	-77	-178	4	20	-30	121	-22	
10837365	12080	66	-42	27	55	-85	-393	-108	129	59	133	-89	-678	
10849449	12084	628	35	12	-85	-237	20	452	20	39	-171	-186	-366	
10861529	12080	152	269	-249	31	367	20	94	23	164	86	137	78	
10873613	12084	-190	70	378	12	203	172	113	0	195	27	74	183	
10885694	12081	47	183	156	316	484	16	-26	12	172	-186	137	59	
10897778	12084	-307	168	-100	-249	316	-229	-104	-26	179	27	160	273	
10909857	12079	70	-22	160	-30	90	-233	156	-22	-34	-97	113	121	
10921939	12082	-331	714	211	125	191	-30	117	59	-46	94	74	1268	
10934023	12084	94	-50	-7	62	156	82	82	74	-151	160	254	515	
10946105	12082	312	59	-241	4	51	-58	222	16	-58	66	94	768	
10958185	12080	-214	-299	-65	-108	31	55	179	23	-139	164	-69	1119	
10970266	12081	82	281	94	-315	-77	-178	4	20	-30	121	-22	569	
10982350	12084	-42	27	55	-85	-393	-108	129	59	133	-89	-678	776	
10994432	12082	35	12	-85	-237	20	452	20	39	-171	-186	-366	788	
11006512	12080	269	-249	31	367	20	94	23	164	86	137	78	893	
11018596	12084	70	378	12	203	172	113	0	195	27	74	183	776	
11030677	12081	183	156	316	484	16	-26	12	172	-186	137	59	1037	
11042760	12083	168	-100	-249	316	-229	-104	-26	179	27	160	273	983	
11054843	12083	-22	160	-30	90	-233	156	-22	-34	-97	113	121	831	
11066924	12081	714	211	125	191	-30	117	59	-46	94	74	1268	10	
11079006	12082	-50	-7	62	156	82	82	74	-151	160	254	515	65	
11091088	12082	59	-241	4	51	-58	222	16	-58	66	94	768	110	
11103169	12081	-299	-65	-108	31	55	179	23	-139	164	-69	1119	127	
11115251	12082	281	94	-315	-77	-178	4	20	-30	121	-22	569	-8	
11127333	12082	27	55	-85	-393	-108	129	59	133	-89	-678	776	-108	
11139416	12083	12	-85	-237	20	452	20	39	-171	-186	-366	788	-186	
11151501	12085	-249	31	367	20	94	23	164	86	137	78	893	-80	
11163581	12080	378	12	203	172	113	0	195	27	74	183	776	43	
11175664	12083	156	316	484	16	-26	12	172	-186	137	59	1037	40	
11187744	12080	-100	-249	316	-229	-104	-26	179	27	160	273	983	54	
11199828	12084	160	-30	90	-233	156	-22	-34	-97	113	121	831	64	
11211909	12081	211	125	191	-30	117	59	-46	94	74	1268	10	-206	
11223993	12084	-7	62	156	82	82	74	-151	160	254	515	65	-287	
11236077	12084	-241	4	51	-58	222	16	-58	66	94	768	110	-329	
11248158	12081	-65	-108	31	55	179	23	-139	164	-69	1119	127	-255	
11260244	12086	94	-315	-77	-178	4	20	-30	121	-22	569	-8	247	
11272324	12080	55	-85	-393	-108	129	59	133	-89	-678	776	-108	350	
11284405	12081	-85	-237	20	452	20	39	-171	-186	-366	788	-186	291	
11296486	12081	31	367	20	94	23	164	86	137	78	893	-80	138	
11308564	12078	12	203	172	113	0	195	27	74	183	776	43	-228	
11320644	12080	316	484	16	-26	12	172	-186	137	59	1037	40	-194	
11332724	12080	-249	316	-229	-104	-26	179	27	160	273	983	54	-227	
11344809	12085	-30	90	-233	156	-22	-34	-97	113	121	831	64	-202	
11356891	12082	125	191	-30	117	59	-46	94	74	1268	10	-206	1026	
11368975	12084	62	156	82	82	74	-151	160	254	515	65	-287	1153	
11381058	12083	4	51	-58	222	16	-58	66	94	768	110	-329	955	
11393140	12082	-108	31	55	179	23	-139	164	-69	1119	127	-255	980	
11405223	12083	-315	-77	-178	4	20	-30	121	-22	569	-8	247	1091	
11417305	12082	-85	-393	-108	129	59	133	-89	-678	776	-108	350	947	
11429384	12079	-237	20	452	20	39	-171	-186	-366	788	-186	291	1029	
11441467	12083	367	20	94	23	164	86	137	78	893	-80	138	1067	
11453550	12083	203	172	113	0	195	27	74	183	776	43	-228	954	
11465633	12083	484	16	-26	12	172	-186	137	59	1037	40	-194	1076	
11477718	12085	316	-229	-104	-26	179	27	160	273	983	54	-227	1052	
11489799	12081	90	-233	156	-22	-34	-97	113	121	831	64	-202	1026	
11501881	12082	191	-30	117	59	-46	94	74	1268	10	-206	1026	585	
11513964	12083	156	82	82	74	-151	160	254	515	65	-287	1153	580	
11526047	12083	51	-58	222	16	-58	66	94	768	110	-329	955	582	
11538124	12077	31	55	179	23	-139	164	-69	1119	127	-255	980	577	
11550205	12081	-77	-178	4	20	-30	121	-22	569	-8	247	1091	574	
11562288	12083	-393	-108	129	59	133	-89	-678	776	-108	350	947	574	
11574369	12081	20	452	20	39	-171	-186	-366	788	-186	291	1029	579	
11586450	12081	20	94	23	164	86	137	78	893	-80	138	1067	570	
11598532	12082	172	113	0	195	27	74	183	776	43	-228	954	567	
11610615	12083	16	-26	12	172	-186	137	59	1037	40	-194	1076	577	
11622697	12082	-229	-104	-26	179	27	160	273	983	54	-227	1052	561	
11634777	12080	-233	156	-22	-34	-97	113	121	831	64	-202	1026	568	
11646861	12084	-30	117	59	-46	94	74	1268	10	-206	1026	585	-117	
11658945	12084	82	82	74	-151	160	254	515	65	-287	1153	580	-127	
11671027	12082	-58	222	16	-58	66	94	768	110	-329	955	582	-135	
11683110	12083	55	179	23	-139	164	-69	1119	127	-255	980	577	-138	
11695191	12081	-178	4	20	-30	121	-22	569	-8	247	1091	574	-154	
11707275	12084	-108	129	59	133	-89	-678	776	-108	350	947	574	-156	
11719353	12078	452	20	39	-171	-186	-366	788	-186	291	1029	579	-163	
11731435	12082	94	23	164	86	137	78	893	-80	138	1067	570	-166	
11743517	12082	113	0	195	27	74	183	776	43	-228	954	567	-172	
11755601	12084	-26	12	172	-186	137	59	1037	40	-194	1076	577	-175	
11767684	12083	-104	-26	179	27	160	273	983	54	-227	1052	561	-186	
11779764	12080	156	-22	-34	-97	113	121	831	64	-202	1026	568	-184	
11791846	12082	117	59	-46	94	74	1268	10	-206	1026	585	-117	-568	
11803926	12080	82	74	-151	160	254	515	65	-287	1153	580	-127	-574	
11816009	12083	222	16	-58	66	94	768	110	-329	955	582	-135	-573	
11828089	12080	179	23	-139	164	-69	1119	127	-255	980	577	-138	-580	
11840169	12080	4	20	-30	121	-22	569	-8	247	1091	574	-154	-586	
11852253	12084	129	59	133	-89	-678	776	-108	350	947	574	-156	-592	
11864330	12077	20	39	-171	-186	-366	788	-186	291	1029	579	-163	-603	
11876411	12081	23	164	86	137	78	893	-80	138	1067	570	-166	-597	
11888494	12083	0	195	27	74	183	776	43	-228	954	567	-172	-603	
11900577	12083	12	172	-186	137	59	1037	40	-194	1076	577	-175	-597	
11912661	12084	-26	179	27	160	273	983	54	-227	1052	561	-186	-610	
11924740	12079	-22	-34	-97	113	121	831	64	-202	1026	568	-184	-613	
11936822	12082	59	-46	94	74	1268	10	-206	1026	585	-117	-568	-840	
11948906	12084	74	-151	160	254	515	65	-287	1153	580	-127	-574	-1120	
11960986	12080	16	-58	66	94	768	110	-329	955	582	-135	-573	-1820	
11973067	12081	23	-139	164	-69	1119	127	-255	980	577	-138	-580	-1890	
11985146	12079	20	-30	121	-22	569	-8	247	1091	574	-154	-586	-2870	
11997230	12084	59	133	-89	-678	776	-108	350	947	574	-156	-592	-1890	
12009311	12081	39	-171	-186	-366	788	-186	291	1029	579	-163	-603	-420	
12021390	12079	164	86	137	78	893	-80	138	1067	570	-166	-597	-1540	
12033474	12084	195	27	74	183	776	43	-228	954	567	-172	-603	-1680	
12045558	12084	172	-186	137	59	1037	40	-194	1076	577	-175	-597	-1120	
12057641	12083	179	27	160	273	983	54	-227	1052	561	-186	-610	-1120	
12069723	12082	-34	-97	113	121	831	64	-202	1026	568	-184	-613	-1540	
12081804	12081	-46	94	74	1268	10	-206	1026	585	-117	-568	-840	-1890	
12093883	12079	-151	160	254	515	65	-287	1153	580	-127	-574	-1120	-770	
12105964	12081	-58	66	94	768	110	-329	955	582	-135	-573	-1820	-1400	
12118048	12084	-139	164	-69	1119	127	-255	980	577	-138	-580	-1890	-1120	
12130127	12079	-30	121	-22	569	-8	247	1091	574	-154	-586	-2870	-2170	
12142212	12085	133	-89	-678	776	-108	350	947	574	-156	-592	-1890	-2660	
12154293	12081	-171	-186	-366	788	-186	291	1029	579	-163	-603	-420	-980	
12166376	12083	86	137	78	893	-80	138	1067	570	-166	-597	-1540	-3150	
12178457	12081	27	74	183	776	43	-228	954	567	-172	-603	-1680	-3920	
12190538	12081	-186	137	59	1037	40	-194	1076	577	-175	-597	-1120	-1120	
12202621	12083	27	160	273	983	54	-227	1052	561	-186	-610	-1120	-560	
12214705	12084	-97	113	121	831	64	-202	1026	568	-184	-613	-1540	-2940	
12226785	12080	94	74	1268	10	-206	1026	585	-117	-568	-840	-1890	-62370	
12238871	12086	160	254	515	65	-287	1153	580	-127	-574	-1120	-770	-72730	
12250951	12080	66	94	768	110	-329	955	582	-135	-573	-1820	-1400	-104510	
12263033	12082	164	-69	1119	127	-255	980	577	-138	-580	-1890	-1120	-120680	
12275114	12081	121	-22	569	-8	247	1091	574	-154	-586	-2870	-2170	-129990	
12287194	12080	-89	-678	776	-108	350	947	574	-156	-592	-1890	-2660	-120260	
12299276	12082	-186	-366	788	-186	291	1029	579	-163	-603	-420	-980	-70350	
12311357	12081	137	78	893	-80	138	1067	570	-166	-597	-1540	-3150	-53970	
12323440	12083	74	183	776	43	-228	954	567	-172	-603	-1680	-3920	-53130	
12335522	12082	137	59	1037	40	-194	1076	577	-175	-597	-1120	-1120	-62020	
12347608	12086	160	273	983	54	-227	1052	561	-186	-610	-1120	-560	-79170	
12359690	12082	113	121	831	64	-202	1026	568	-184	-613	-1540	-2940	-85960	
