3	0	113	164	261	374	523	644	819	585	683	788	796	846	
12082	12079	129	172	289	378	519	772	971	675	683	698	749	917	
24162	12080	183	203	261	339	562	858	803	741	644	686	679	975	
36245	12083	179	238	215	390	523	671	710	839	655	671	737	928	
48324	12079	113	168	242	394	511	534	605	737	776	706	803	854	
60405	12081	164	234	261	445	550	445	616	667	702	718	780	784	
72486	12081	133	218	312	429	554	433	612	671	823	725	792	757	
84564	12078	168	211	312	421	554	421	620	683	831	647	792	831	
96645	12081	152	179	324	394	460	495	628	683	698	686	807	893	
108729	12084	179	137	308	433	542	772	628	706	761	753	768	924	
120814	12085	176	148	332	456	577	854	597	741	807	761	764	979	
132897	12083	148	250	343	499	644	655	640	722	792	725	784	948	
144979	12082	164	261	374	523	644	819	585	683	788	796	846	905	
157061	12082	172	289	378	519	772	971	675	683	698	749	917	881	
169143	12082	203	261	339	562	858	803	741	644	686	679	975	846	
181229	12086	238	215	390	523	671	710	839	655	671	737	928	874	
193309	12080	168	242	394	511	534	605	737	776	706	803	854	975	
205392	12083	234	261	445	550	445	616	667	702	718	780	784	995	
217479	12087	218	312	429	554	433	612	671	823	725	792	757	975	
229559	12080	211	312	421	554	421	620	683	831	647	792	831	959	
241644	12085	179	324	394	460	495	628	683	698	686	807	893	944	
253724	12080	137	308	433	542	772	628	706	761	753	768	924	811	
265808	12084	148	332	456	577	854	597	741	807	761	764	979	815	
277891	12083	250	343	499	644	655	640	722	792	725	784	948	819	
289974	12083	261	374	523	644	819	585	683	788	796	846	905	874	
302055	12081	289	378	519	772	971	675	683	698	749	917	881	936	
314137	12082	261	339	562	858	803	741	644	686	679	975	846	967	
326219	12082	215	390	523	671	710	839	655	671	737	928	874	932	
338302	12083	242	394	511	534	605	737	776	706	803	854	975	846	
350381	12079	261	445	550	445	616	667	702	718	780	784	995	768	
362468	12087	312	429	554	433	612	671	823	725	792	757	975	780	
374549	12081	312	421	554	421	620	683	831	647	792	831	959	835	
386631	12082	324	394	460	495	628	683	698	686	807	893	944	885	
398711	12080	308	433	542	772	628	706	761	753	768	924	811	905	
410792	12081	332	456	577	854	597	741	807	761	764	979	815	905	
422875	12083	343	499	644	655	640	722	792	725	784	948	819	858	
434958	12083	374	523	644	819	585	683	788	796	846	905	874	815	
447039	12081	378	519	772	971	675	683	698	749	917	881	936	784	
459120	12081	339	562	858	803	741	644	686	679	975	846	967	862	
471202	12082	390	523	671	710	839	655	671	737	928	874	932	831	
483283	12081	394	511	534	605	737	776	706	803	854	975	846	854	
495360	12077	445	550	445	616	667	702	718	780	784	995	768	870	
507442	12082	429	554	433	612	671	823	725	792	757	975	780	850	
519522	12080	421	554	421	620	683	831	647	792	831	959	835	936	
531606	12084	394	460	495	628	683	698	686	807	893	944	885	878	
543689	12083	433	542	772	628	706	761	753	768	924	811	905	881	
555770	12081	456	577	854	597	741	807	761	764	979	815	905	924	
567853	12083	499	644	655	640	722	792	725	784	948	819	858	936	
579935	12082	523	644	819	585	683	788	796	846	905	874	815	983	
592018	12083	519	772	971	675	683	698	749	917	881	936	784	967	
604099	12081	562	858	803	741	644	686	679	975	846	967	862	897	
616182	12083	523	671	710	839	655	671	737	928	874	932	831	827	
628262	12080	511	534	605	737	776	706	803	854	975	846	854	842	
640343	12081	550	445	616	667	702	718	780	784	995	768	870	885	
652422	12079	554	433	612	671	823	725	792	757	975	780	850	862	
664504	12082	554	421	620	683	831	647	792	831	959	835	936	889	
676585	12081	460	495	628	683	698	686	807	893	944	885	878	936	
688671	12086	542	772	628	706	761	753	768	924	811	905	881	881	
700753	12082	577	854	597	741	807	761	764	979	815	905	924	870	
712836	12083	644	655	640	722	792	725	784	948	819	858	936	846	
724916	12080	644	819	585	683	788	796	846	905	874	815	983	862	
736998	12082	772	971	675	683	698	749	917	881	936	784	967	881	
749080	12082	858	803	741	644	686	679	975	846	967	862	897	878	
761160	12080	671	710	839	655	671	737	928	874	932	831	827	866	
773241	12081	534	605	737	776	706	803	854	975	846	854	842	862	
785323	12082	445	616	667	702	718	780	784	995	768	870	885	792	
797402	12079	433	612	671	823	725	792	757	975	780	850	862	784	
809481	12079	421	620	683	831	647	792	831	959	835	936	889	764	
821561	12080	495	628	683	698	686	807	893	944	885	878	936	718	
833644	12083	772	628	706	761	753	768	924	811	905	881	881	702	
845725	12081	854	597	741	807	761	764	979	815	905	924	870	733	
857809	12084	655	640	722	792	725	784	948	819	858	936	846	741	
869890	12081	819	585	683	788	796	846	905	874	815	983	862	737	
881971	12081	971	675	683	698	749	917	881	936	784	967	881	761	
894051	12080	803	741	644	686	679	975	846	967	862	897	878	784	
906130	12079	710	839	655	671	737	928	874	932	831	827	866	772	
918211	12081	605	737	776	706	803	854	975	846	854	842	862	967	
930292	12081	616	667	702	718	780	784	995	768	870	885	792	702	
942375	12083	612	671	823	725	792	757	975	780	850	862	784	558	
954456	12081	620	683	831	647	792	831	959	835	936	889	764	679	
966536	12080	628	683	698	686	807	893	944	885	878	936	718	714	
978618	12082	628	706	761	753	768	924	811	905	881	881	702	616	
990702	12084	597	741	807	761	764	979	815	905	924	870	733	644	
1002783	12081	640	722	792	725	784	948	819	858	936	846	741	616	
1014864	12081	585	683	788	796	846	905	874	815	983	862	737	593	
1026946	12082	675	683	698	749	917	881	936	784	967	881	761	585	
1039031	12085	741	644	686	679	975	846	967	862	897	878	784	597	
1051114	12083	839	655	671	737	928	874	932	831	827	866	772	589	
1063194	12080	737	776	706	803	854	975	846	854	842	862	967	628	
1075275	12081	667	702	718	780	784	995	768	870	885	792	702	620	
1087354	12079	671	823	725	792	757	975	780	850	862	784	558	530	
1099435	12081	683	831	647	792	831	959	835	936	889	764	679	460	
1111517	12082	683	698	686	807	893	944	885	878	936	718	714	425	
1123600	12083	706	761	753	768	924	811	905	881	881	702	616	534	
1135682	12082	741	807	761	764	979	815	905	924	870	733	644	616	
1147764	12082	722	792	725	784	948	819	858	936	846	741	616	546	
1159846	12082	683	788	796	846	905	874	815	983	862	737	593	484	
1171931	12085	683	698	749	917	881	936	784	967	881	761	585	495	
1184018	12087	644	686	679	975	846	967	862	897	878	784	597	608	
1196098	12080	655	671	737	928	874	932	831	827	866	772	589	573	
1208183	12085	776	706	803	854	975	846	854	842	862	967	628	550	
1220265	12082	702	718	780	784	995	768	870	885	792	702	620	484	
1232348	12083	823	725	792	757	975	780	850	862	784	558	530	464	
1244429	12081	831	647	792	831	959	835	936	889	764	679	460	437	
1256511	12082	698	686	807	893	944	885	878	936	718	714	425	472	
1268595	12084	761	753	768	924	811	905	881	881	702	616	534	480	
1280678	12083	807	761	764	979	815	905	924	870	733	644	616	515	
1292761	12083	792	725	784	948	819	858	936	846	741	616	546	523	
1304843	12082	788	796	846	905	874	815	983	862	737	593	484	491	
1316924	12081	698	749	917	881	936	784	967	881	761	585	495	515	
1329006	12082	686	679	975	846	967	862	897	878	784	597	608	491	
1341088	12082	671	737	928	874	932	831	827	866	772	589	573	484	
1353169	12081	706	803	854	975	846	854	842	862	967	628	550	472	
1365249	12080	718	780	784	995	768	870	885	792	702	620	484	421	
1377328	12079	725	792	757	975	780	850	862	784	558	530	464	413	
1389410	12082	647	792	831	959	835	936	889	764	679	460	437	421	
1401492	12082	686	807	893	944	885	878	936	718	714	425	472	402	
1413572	12080	753	768	924	811	905	881	881	702	616	534	480	421	
1425656	12084	761	764	979	815	905	924	870	733	644	616	515	410	
1437740	12084	725	784	948	819	858	936	846	741	616	546	523	386	
1449823	12083	796	846	905	874	815	983	862	737	593	484	491	402	
1461906	12083	749	917	881	936	784	967	881	761	585	495	515	413	
1473990	12084	679	975	846	967	862	897	878	784	597	608	491	410	
1486073	12083	737	928	874	932	831	827	866	772	589	573	484	413	
1498154	12081	803	854	975	846	854	842	862	967	628	550	472	406	
1510236	12082	780	784	995	768	870	885	792	702	620	484	421	289	
1522319	12083	792	757	975	780	850	862	784	558	530	464	413	293	
1534401	12082	792	831	959	835	936	889	764	679	460	437	421	269	
1546485	12084	807	893	944	885	878	936	718	714	425	472	402	296	
1558568	12083	768	924	811	905	881	881	702	616	534	480	421	293	
1570652	12084	764	979	815	905	924	870	733	644	616	515	410	293	
1582734	12082	784	948	819	858	936	846	741	616	546	523	386	332	
1594816	12082	846	905	874	815	983	862	737	593	484	491	402	355	
1606896	12080	917	881	936	784	967	881	761	585	495	515	413	296	
1618977	12081	975	846	967	862	897	878	784	597	608	491	410	265	
1631061	12084	928	874	932	831	827	866	772	589	573	484	413	265	
1643141	12080	854	975	846	854	842	862	967	628	550	472	406	242	
1655225	12084	784	995	768	870	885	792	702	620	484	421	289	203	
1667306	12081	757	975	780	850	862	784	558	530	464	413	293	195	
1679386	12080	831	959	835	936	889	764	679	460	437	421	269	183	
1691471	12085	893	944	885	878	936	718	714	425	472	402	296	230	
1703555	12084	924	811	905	881	881	702	616	534	480	421	293	269	
1715637	12082	979	815	905	924	870	733	644	616	515	410	293	378	
1727718	12081	948	819	858	936	846	741	616	546	523	386	332	378	
1739801	12083	905	874	815	983	862	737	593	484	491	402	355	332	
1751882	12081	881	936	784	967	881	761	585	495	515	413	296	328	
1763962	12080	846	967	862	897	878	784	597	608	491	410	265	293	
1776046	12084	874	932	831	827	866	772	589	573	484	413	265	254	
1788125	12079	975	846	854	842	862	967	628	550	472	406	242	296	
1800208	12083	995	768	870	885	792	702	620	484	421	289	203	382	
1812288	12080	975	780	850	862	784	558	530	464	413	293	195	433	
1824365	12077	959	835	936	889	764	679	460	437	421	269	183	437	
1836452	12087	944	885	878	936	718	714	425	472	402	296	230	374	
1848532	12080	811	905	881	881	702	616	534	480	421	293	269	456	
1860615	12083	815	905	924	870	733	644	616	515	410	293	378	437	
1872698	12083	819	858	936	846	741	616	546	523	386	332	378	421	
1884782	12084	874	815	983	862	737	593	484	491	402	355	332	406	
1896866	12084	936	784	967	881	761	585	495	515	413	296	328	378	
1908946	12080	967	862	897	878	784	597	608	491	410	265	293	562	
1921026	12080	932	831	827	866	772	589	573	484	413	265	254	647	
1933107	12081	846	854	842	862	967	628	550	472	406	242	296	597	
1945189	12082	768	870	885	792	702	620	484	421	289	203	382	488	
1957272	12083	780	850	862	784	558	530	464	413	293	195	433	429	
1969353	12081	835	936	889	764	679	460	437	421	269	183	437	445	
1981437	12084	885	878	936	718	714	425	472	402	296	230	374	542	
1993520	12083	905	881	881	702	616	534	480	421	293	269	456	605	
2005601	12081	905	924	870	733	644	616	515	410	293	378	437	608	
2017686	12085	858	936	846	741	616	546	523	386	332	378	421	569	
2029767	12081	815	983	862	737	593	484	491	402	355	332	406	620	
2041851	12084	784	967	881	761	585	495	515	413	296	328	378	507	
2053931	12080	862	897	878	784	597	608	491	410	265	293	562	519	
2066013	12082	831	827	866	772	589	573	484	413	265	254	647	562	
2078096	12083	854	842	862	967	628	550	472	406	242	296	597	585	
2090178	12082	870	885	792	702	620	484	421	289	203	382	488	527	
2102259	12081	850	862	784	558	530	464	413	293	195	433	429	488	
2114337	12078	936	889	764	679	460	437	421	269	183	437	445	538	
2126418	12081	878	936	718	714	425	472	402	296	230	374	542	597	
2138497	12079	881	881	702	616	534	480	421	293	269	456	605	534	
2150580	12083	924	870	733	644	616	515	410	293	378	437	608	593	
2162660	12080	936	846	741	616	546	523	386	332	378	421	569	538	
2174743	12083	983	862	737	593	484	491	402	355	332	406	620	472	
2186828	12085	967	881	761	585	495	515	413	296	328	378	507	476	
2198909	12081	897	878	784	597	608	491	410	265	293	562	519	616	
2210992	12083	827	866	772	589	573	484	413	265	254	647	562	644	
2223074	12082	842	862	967	628	550	472	406	242	296	597	585	640	
2235157	12083	885	792	702	620	484	421	289	203	382	488	527	628	
2247240	12083	862	784	558	530	464	413	293	195	433	429	488	554	
2259321	12081	889	764	679	460	437	421	269	183	437	445	538	589	
2271402	12081	936	718	714	425	472	402	296	230	374	542	597	683	
2283485	12083	881	702	616	534	480	421	293	269	456	605	534	702	
2295565	12080	870	733	644	616	515	410	293	378	437	608	593	683	
2307649	12084	846	741	616	546	523	386	332	378	421	569	538	686	
2319731	12082	862	737	593	484	491	402	355	332	406	620	472	741	
2331812	12081	881	761	585	495	515	413	296	328	378	507	476	675	
2343896	12084	878	784	597	608	491	410	265	293	562	519	616	651	
2355979	12083	866	772	589	573	484	413	265	254	647	562	644	640	
2368061	12082	862	967	628	550	472	406	242	296	597	585	640	671	
2380143	12082	792	702	620	484	421	289	203	382	488	527	628	675	
2392229	12086	784	558	530	464	413	293	195	433	429	488	554	772	
2404309	12080	764	679	460	437	421	269	183	437	445	538	589	710	
2416392	12083	718	714	425	472	402	296	230	374	542	597	683	667	
2428479	12087	702	616	534	480	421	293	269	456	605	534	702	640	
2440561	12082	733	644	616	515	410	293	378	437	608	593	683	686	
2452639	12078	741	616	546	523	386	332	378	421	569	538	686	706	
2464720	12081	737	593	484	491	402	355	332	406	620	472	741	686	
2476803	12083	761	585	495	515	413	296	328	378	507	476	675	690	
2488886	12083	784	597	608	491	410	265	293	562	519	616	651	686	
2500967	12081	772	589	573	484	413	265	254	647	562	644	640	686	
2513050	12083	967	628	550	472	406	242	296	597	585	640	671	698	
2525130	12080	702	620	484	421	289	203	382	488	527	628	675	725	
2537212	12082	558	530	464	413	293	195	433	429	488	554	772	710	
2549293	12081	679	460	437	421	269	183	437	445	538	589	710	675	
2561376	12083	714	425	472	402	296	230	374	542	597	683	667	679	
2573460	12084	616	534	480	421	293	269	456	605	534	702	640	722	
2585541	12081	644	616	515	410	293	378	437	608	593	683	686	636	
2597623	12082	616	546	523	386	332	378	421	569	538	686	706	663	
2609706	12083	593	484	491	402	355	332	406	620	472	741	686	714	
2621787	12081	585	495	515	413	296	328	378	507	476	675	690	757	
2633871	12084	597	608	491	410	265	293	562	519	616	651	686	780	
2645951	12080	589	573	484	413	265	254	647	562	644	640	686	706	
2658033	12082	628	550	472	406	242	296	597	585	640	671	698	698	
2670114	12081	620	484	421	289	203	382	488	527	628	675	725	683	
2682195	12081	530	464	413	293	195	433	429	488	554	772	710	675	
2694278	12083	460	437	421	269	183	437	445	538	589	710	675	714	
2706357	12079	425	472	402	296	230	374	542	597	683	667	679	858	
2718440	12083	534	480	421	293	269	456	605	534	702	640	722	889	
2730522	12082	616	515	410	293	378	437	608	593	683	686	636	850	
2742606	12084	546	523	386	332	378	421	569	538	686	706	663	761	
2754687	12081	484	491	402	355	332	406	620	472	741	686	714	710	
2766766	12079	495	515	413	296	328	378	507	476	675	690	757	679	
2778849	12083	608	491	410	265	293	562	519	616	651	686	780	761	
2790930	12081	573	484	413	265	254	647	562	644	640	686	706	788	
2803014	12084	550	472	406	242	296	597	585	640	671	698	698	819	
2815095	12081	484	421	289	203	382	488	527	628	675	725	683	839	
2827179	12084	464	413	293	195	433	429	488	554	772	710	675	827	
2839261	12082	437	421	269	183	437	445	538	589	710	675	714	800	
2851342	12081	472	402	296	230	374	542	597	683	667	679	858	803	
2863425	12083	480	421	293	269	456	605	534	702	640	722	889	850	
2875509	12084	515	410	293	378	437	608	593	683	686	636	850	839	
2887592	12083	523	386	332	378	421	569	538	686	706	663	761	846	
2899675	12083	491	402	355	332	406	620	472	741	686	714	710	858	
2911755	12080	515	413	296	328	378	507	476	675	690	757	679	803	
2923838	12083	491	410	265	293	562	519	616	651	686	780	761	761	
2935920	12082	484	413	265	254	647	562	644	640	686	706	788	733	
2948004	12084	472	406	242	296	597	585	640	671	698	698	819	815	
2960086	12082	421	289	203	382	488	527	628	675	725	683	839	811	
2972169	12083	413	293	195	433	429	488	554	772	710	675	827	788	
2984249	12080	421	269	183	437	445	538	589	710	675	714	800	823	
2996331	12082	402	296	230	374	542	597	683	667	679	858	803	866	
3008410	12079	421	293	269	456	605	534	702	640	722	889	850	764	
3020494	12084	410	293	378	437	608	593	683	686	636	850	839	796	
3032577	12083	386	332	378	421	569	538	686	706	663	761	846	745	
3044659	12082	402	355	332	406	620	472	741	686	714	710	858	663	
3056738	12079	413	296	328	378	507	476	675	690	757	679	803	624	
3068823	12085	410	265	293	562	519	616	651	686	780	761	761	679	
3080904	12081	413	265	254	647	562	644	640	686	706	788	733	749	
3092988	12084	406	242	296	597	585	640	671	698	698	819	815	776	
3105069	12081	289	203	382	488	527	628	675	725	683	839	811	632	
3117150	12081	293	195	433	429	488	554	772	710	675	827	788	601	
3129232	12082	269	183	437	445	538	589	710	675	714	800	823	616	
3141313	12081	296	230	374	542	597	683	667	679	858	803	866	628	
3153396	12083	293	269	456	605	534	702	640	722	889	850	764	667	
3165483	12087	293	378	437	608	593	683	686	636	850	839	796	581	
3177565	12082	332	378	421	569	538	686	706	663	761	846	745	558	
3189649	12084	355	332	406	620	472	741	686	714	710	858	663	573	
3201731	12082	296	328	378	507	476	675	690	757	679	803	624	589	
3213812	12081	265	293	562	519	616	651	686	780	761	761	679	620	
3225896	12084	265	254	647	562	644	640	686	706	788	733	749	569	
3237979	12083	242	296	597	585	640	671	698	698	819	815	776	612	
3250061	12082	203	382	488	527	628	675	725	683	839	811	632	616	
3262143	12082	195	433	429	488	554	772	710	675	827	788	601	546	
3274229	12086	183	437	445	538	589	710	675	714	800	823	616	480	
3286309	12080	230	374	542	597	683	667	679	858	803	866	628	495	
3298392	12083	269	456	605	534	702	640	722	889	850	764	667	585	
3310479	12087	378	437	608	593	683	686	636	850	839	796	581	608	
3322559	12080	378	421	569	538	686	706	663	761	846	745	558	562	
3334644	12085	332	406	620	472	741	686	714	710	858	663	573	491	
3346724	12080	328	378	507	476	675	690	757	679	803	624	589	511	
3358808	12084	293	562	519	616	651	686	780	761	761	679	620	468	
3370891	12083	254	647	562	644	640	686	706	788	733	749	569	519	
3382974	12083	296	597	585	640	671	698	698	819	815	776	612	534	
3395055	12081	382	488	527	628	675	725	683	839	811	632	616	550	
3407137	12082	433	429	488	554	772	710	675	827	788	601	546	523	
3419219	12082	437	445	538	589	710	675	714	800	823	616	480	511	
3431302	12083	374	542	597	683	667	679	858	803	866	628	495	495	
3443381	12079	456	605	534	702	640	722	889	850	764	667	585	558	
3455468	12087	437	608	593	683	686	636	850	839	796	581	608	503	
3467549	12081	421	569	538	686	706	663	761	846	745	558	562	519	
3479631	12082	406	620	472	741	686	714	710	858	663	573	491	620	
3491711	12080	378	507	476	675	690	757	679	803	624	589	511	449	
3503792	12081	562	519	616	651	686	780	761	761	679	620	468	612	
3515875	12083	647	562	644	640	686	706	788	733	749	569	519	601	
3527958	12083	597	585	640	671	698	698	819	815	776	612	534	534	
3540039	12081	488	527	628	675	725	683	839	811	632	616	550	515	
3552120	12081	429	488	554	772	710	675	827	788	601	546	523	542	
3564202	12082	445	538	589	710	675	714	800	823	616	480	511	468	
3576283	12081	542	597	683	667	679	858	803	866	628	495	495	472	
3588360	12077	605	534	702	640	722	889	850	764	667	585	558	445	
3600442	12082	608	593	683	686	636	850	839	796	581	608	503	456	
3612522	12080	569	538	686	706	663	761	846	745	558	562	519	538	
3624606	12084	620	472	741	686	714	710	858	663	573	491	620	647	
3636689	12083	507	476	675	690	757	679	803	624	589	511	449	573	
3648770	12081	519	616	651	686	780	761	761	679	620	468	612	488	
3660853	12083	562	644	640	686	706	788	733	749	569	519	601	449	
3672935	12082	585	640	671	698	698	819	815	776	612	534	534	421	
3685018	12083	527	628	675	725	683	839	811	632	616	550	515	456	
3697099	12081	488	554	772	710	675	827	788	601	546	523	542	612	
3709182	12083	538	589	710	675	714	800	823	616	480	511	468	647	
3721262	12080	597	683	667	679	858	803	866	628	495	495	472	628	
3733343	12081	534	702	640	722	889	850	764	667	585	558	445	601	
3745422	12079	593	683	686	636	850	839	796	581	608	503	456	577	
3757504	12082	538	686	706	663	761	846	745	558	562	519	538	558	
3769585	12081	472	741	686	714	710	858	663	573	491	620	647	503	
3781671	12086	476	675	690	757	679	803	624	589	511	449	573	515	
3793753	12082	616	651	686	780	761	761	679	620	468	612	488	491	
3805836	12083	644	640	686	706	788	733	749	569	519	601	449	550	
3817916	12080	640	671	698	698	819	815	776	612	534	534	421	616	
3829998	12082	628	675	725	683	839	811	632	616	550	515	456	616	
3842081	12083	554	772	710	675	827	788	601	546	523	542	612	667	
3854162	12081	589	710	675	714	800	823	616	480	511	468	647	573	
3866245	12083	683	667	679	858	803	866	628	495	495	472	628	581	
3878324	12079	702	640	722	889	850	764	667	585	558	445	601	573	
3890405	12081	683	686	636	850	839	796	581	608	503	456	577	628	
3902486	12081	686	706	663	761	846	745	558	562	519	538	558	546	
3914564	12078	741	686	714	710	858	663	573	491	620	647	503	569	
3926645	12081	675	690	757	679	803	624	589	511	449	573	515	577	
3938729	12084	651	686	780	761	761	679	620	468	612	488	491	593	
3950814	12085	640	686	706	788	733	749	569	519	601	449	550	605	
3962897	12083	671	698	698	819	815	776	612	534	534	421	616	616	
3974979	12082	675	725	683	839	811	632	616	550	515	456	616	628	
3987061	12082	772	710	675	827	788	601	546	523	542	612	667	663	
3999143	12082	710	675	714	800	823	616	480	511	468	647	573	671	
4011227	12084	667	679	858	803	866	628	495	495	472	628	581	624	
4023307	12080	640	722	889	850	764	667	585	558	445	601	573	597	
4035387	12080	686	636	850	839	796	581	608	503	456	577	628	640	
4047468	12081	706	663	761	846	745	558	562	519	538	558	546	683	
4059549	12081	686	714	710	858	663	573	491	620	647	503	569	718	
4071634	12085	690	757	679	803	624	589	511	449	573	515	577	710	
4083716	12082	686	780	761	761	679	620	468	612	488	491	593	694	
4095799	12083	686	706	788	733	749	569	519	601	449	550	605	729	
4107883	12084	698	698	819	815	776	612	534	534	421	616	616	745	
4119966	12083	725	683	839	811	632	616	550	515	456	616	628	718	
4132047	12081	710	675	827	788	601	546	523	542	612	667	663	722	
4144129	12082	675	714	800	823	616	480	511	468	647	573	671	753	
4156206	12077	679	858	803	866	628	495	495	472	628	581	624	749	
4168289	12083	722	889	850	764	667	585	558	445	601	573	597	803	
4180368	12079	636	850	839	796	581	608	503	456	577	628	640	846	
4192455	12087	663	761	846	745	558	562	519	538	558	546	683	831	
4204538	12083	714	710	858	663	573	491	620	647	503	569	718	815	
4216621	12083	757	679	803	624	589	511	449	573	515	577	710	800	
4228706	12085	780	761	761	679	620	468	612	488	491	593	694	722	
4240787	12081	706	788	733	749	569	519	601	449	550	605	729	706	
4252868	12081	698	819	815	776	612	534	534	421	616	616	745	722	
4264949	12081	683	839	811	632	616	550	515	456	616	628	718	772	
4277031	12082	675	827	788	601	546	523	542	612	667	663	722	901	
4289112	12081	714	800	823	616	480	511	468	647	573	671	753	920	
4301189	12077	858	803	866	628	495	495	472	628	581	624	749	1022	
4313270	12081	889	850	764	667	585	558	445	601	573	597	803	987	
4325352	12082	850	839	796	581	608	503	456	577	628	640	846	952	
4337434	12082	761	846	745	558	562	519	538	558	546	683	831	885	
4349517	12083	710	858	663	573	491	620	647	503	569	718	815	827	
4361600	12083	679	803	624	589	511	449	573	515	577	710	800	850	
4373682	12082	761	761	679	620	468	612	488	491	593	694	722	917	
4385764	12082	788	733	749	569	519	601	449	550	605	729	706	952	
4397846	12082	819	815	776	612	534	534	421	616	616	745	722	987	
4409931	12085	839	811	632	616	550	515	456	616	628	718	772	1049	
4422018	12087	827	788	601	546	523	542	612	667	663	722	901	1065	
4434098	12080	800	823	616	480	511	468	647	573	671	753	920	1065	
4446183	12085	803	866	628	495	495	472	628	581	624	749	1022	1041	
4458265	12082	850	764	667	585	558	445	601	573	597	803	987	1002	
4470348	12083	839	796	581	608	503	456	577	628	640	846	952	1006	
4482429	12081	846	745	558	562	519	538	558	546	683	831	885	987	
4494511	12082	858	663	573	491	620	647	503	569	718	815	827	924	
4506595	12084	803	624	589	511	449	573	515	577	710	800	850	944	
4518678	12083	761	679	620	468	612	488	491	593	694	722	917	959	
4530761	12083	733	749	569	519	601	449	550	605	729	706	952	944	
4542843	12082	815	776	612	534	534	421	616	616	745	722	987	948	
4554924	12081	811	632	616	550	515	456	616	628	718	772	1049	959	
4567006	12082	788	601	546	523	542	612	667	663	722	901	1065	1057	
4579088	12082	823	616	480	511	468	647	573	671	753	920	1065	1057	
4591169	12081	866	628	495	495	472	628	581	624	749	1022	1041	998	
4603249	12080	764	667	585	558	445	601	573	597	803	987	1002	963	
4615328	12079	796	581	608	503	456	577	628	640	846	952	1006	901	
4627410	12082	745	558	562	519	538	558	546	683	831	885	987	854	
4639492	12082	663	573	491	620	647	503	569	718	815	827	924	881	
4651572	12080	624	589	511	449	573	515	577	710	800	850	944	909	
4663656	12084	679	620	468	612	488	491	593	694	722	917	959	917	
4675740	12084	749	569	519	601	449	550	605	729	706	952	944	948	
4687823	12083	776	612	534	534	421	616	616	745	722	987	948	1006	
4699906	12083	632	616	550	515	456	616	628	718	772	1049	959	1096	
4711990	12084	601	546	523	542	612	667	663	722	901	1065	1057	1112	
4724073	12083	616	480	511	468	647	573	671	753	920	1065	1057	1018	
4736154	12081	628	495	495	472	628	581	624	749	1022	1041	998	1014	
4748236	12082	667	585	558	445	601	573	597	803	987	1002	963	1010	
4760318	12082	581	608	503	456	577	628	640	846	952	1006	901	952	
4772399	12081	558	562	519	538	558	546	683	831	885	987	854	983	
4784481	12082	573	491	620	647	503	569	718	815	827	924	881	987	
4796563	12082	589	511	449	573	515	577	710	800	850	944	909	936	
4808645	12082	620	468	612	488	491	593	694	722	917	959	917	979	
4820725	12080	569	519	601	449	550	605	729	706	952	944	948	991	
4832808	12083	612	534	534	421	616	616	745	722	987	948	1006	963	
4844891	12083	616	550	515	456	616	628	718	772	1049	959	1096	952	
4856974	12083	546	523	542	612	667	663	722	901	1065	1057	1112	956	
4869055	12081	480	511	468	647	573	671	753	920	1065	1057	1018	924	
4881137	12082	495	495	472	628	581	624	749	1022	1041	998	1014	913	
4893219	12082	585	558	445	601	573	597	803	987	1002	963	1010	917	
4905302	12083	608	503	456	577	628	640	846	952	1006	901	952	909	
4917381	12079	562	519	538	558	546	683	831	885	987	854	983	901	
4929468	12087	491	620	647	503	569	718	815	827	924	881	987	874	
4941549	12081	511	449	573	515	577	710	800	850	944	909	936	819	
4953631	12082	468	612	488	491	593	694	722	917	959	917	979	1057	
4965711	12080	519	601	449	550	605	729	706	952	944	948	991	1092	
4977792	12081	534	534	421	616	616	745	722	987	948	1006	963	1108	
4989875	12083	550	515	456	616	628	718	772	1049	959	1096	952	905	
5001958	12083	523	542	612	667	663	722	901	1065	1057	1112	956	784	
5014039	12081	511	468	647	573	671	753	920	1065	1057	1018	924	800	
5026120	12081	495	472	628	581	624	749	1022	1041	998	1014	913	823	
5038202	12082	558	445	601	573	597	803	987	1002	963	1010	917	831	
5050283	12081	503	456	577	628	640	846	952	1006	901	952	909	866	
5062360	12077	519	538	558	546	683	831	885	987	854	983	901	971	
5074442	12082	620	647	503	569	718	815	827	924	881	987	874	1076	
5086522	12080	449	573	515	577	710	800	850	944	909	936	819	1088	
5098606	12084	612	488	491	593	694	722	917	959	917	979	1057	1034	
5110689	12083	601	449	550	605	729	706	952	944	948	991	1092	1002	
5122770	12081	534	421	616	616	745	722	987	948	1006	963	1108	924	
5134853	12083	515	456	616	628	718	772	1049	959	1096	952	905	905	
5146935	12082	542	612	667	663	722	901	1065	1057	1112	956	784	967	
5159018	12083	468	647	573	671	753	920	1065	1057	1018	924	800	1022	
5171099	12081	472	628	581	624	749	1022	1041	998	1014	913	823	1065	
5183182	12083	445	601	573	597	803	987	1002	963	1010	917	831	1123	
5195262	12080	456	577	628	640	846	952	1006	901	952	909	866	1057	
5207343	12081	538	558	546	683	831	885	987	854	983	901	971	1010	
5219422	12079	647	503	569	718	815	827	924	881	987	874	1076	917	
5231504	12082	573	515	577	710	800	850	944	909	936	819	1088	885	
5243585	12081	488	491	593	694	722	917	959	917	979	1057	1034	878	
5255671	12086	449	550	605	729	706	952	944	948	991	1092	1002	905	
5267753	12082	421	616	616	745	722	987	948	1006	963	1108	924	897	
5279836	12083	456	616	628	718	772	1049	959	1096	952	905	905	881	
5291916	12080	612	667	663	722	901	1065	1057	1112	956	784	967	878	
5303998	12082	647	573	671	753	920	1065	1057	1018	924	800	1022	913	
5316081	12083	628	581	624	749	1022	1041	998	1014	913	823	1065	924	
5328162	12081	601	573	597	803	987	1002	963	1010	917	831	1123	920	
5340245	12083	577	628	640	846	952	1006	901	952	909	866	1057	862	
5352324	12079	558	546	683	831	885	987	854	983	901	971	1010	862	
5364405	12081	503	569	718	815	827	924	881	987	874	1076	917	823	
5376486	12081	515	577	710	800	850	944	909	936	819	1088	885	796	
5388564	12078	491	593	694	722	917	959	917	979	1057	1034	878	796	
5400645	12081	550	605	729	706	952	944	948	991	1092	1002	905	839	
5412729	12084	616	616	745	722	987	948	1006	963	1108	924	897	718	
5424814	12085	616	628	718	772	1049	959	1096	952	905	905	881	690	
5436897	12083	667	663	722	901	1065	1057	1112	956	784	967	878	924	
5448979	12082	573	671	753	920	1065	1057	1018	924	800	1022	913	889	
5461061	12082	581	624	749	1022	1041	998	1014	913	823	1065	924	928	
5473143	12082	573	597	803	987	1002	963	1010	917	831	1123	920	776	
5485229	12086	628	640	846	952	1006	901	952	909	866	1057	862	694	
5497309	12080	546	683	831	885	987	854	983	901	971	1010	862	679	
5509392	12083	569	718	815	827	924	881	987	874	1076	917	823	655	
5521479	12087	577	710	800	850	944	909	936	819	1088	885	796	651	
5533559	12080	593	694	722	917	959	917	979	1057	1034	878	796	608	
5545644	12085	605	729	706	952	944	948	991	1092	1002	905	839	624	
5557724	12080	616	745	722	987	948	1006	963	1108	924	897	718	577	
5569808	12084	628	718	772	1049	959	1096	952	905	905	881	690	519	
5581890	12082	663	722	901	1065	1057	1112	956	784	967	878	924	495	
5593971	12081	671	753	920	1065	1057	1018	924	800	1022	913	889	488	
5606050	12079	624	749	1022	1041	998	1014	913	823	1065	924	928	480	
5618130	12080	597	803	987	1002	963	1010	917	831	1123	920	776	429	
5630211	12081	640	846	952	1006	901	952	909	866	1057	862	694	433	
5642295	12084	683	831	885	987	854	983	901	971	1010	862	679	363	
5654375	12080	718	815	827	924	881	987	874	1076	917	823	655	304	
5666458	12083	710	800	850	944	909	936	819	1088	885	796	651	320	
5678540	12082	694	722	917	959	917	979	1057	1034	878	796	608	335	
5690624	12084	729	706	952	944	948	991	1092	1002	905	839	624	351	
5702706	12082	745	722	987	948	1006	963	1108	924	897	718	577	332	
5714788	12082	718	772	1049	959	1096	952	905	905	881	690	519	343	
5726871	12083	722	901	1065	1057	1112	956	784	967	878	924	495	320	
5738951	12080	753	920	1065	1057	1018	924	800	1022	913	889	488	265	
5751033	12082	749	1022	1041	998	1014	913	823	1065	924	928	480	203	
5763115	12082	803	987	1002	963	1010	917	831	1123	920	776	429	191	
5775198	12083	846	952	1006	901	952	909	866	1057	862	694	433	172	
5787277	12079	831	885	987	854	983	901	971	1010	862	679	363	144	
5799358	12081	815	827	924	881	987	874	1076	917	823	655	304	172	
5811439	12081	800	850	944	909	936	819	1088	885	796	651	320	176	
5823521	12082	722	917	959	917	979	1057	1034	878	796	608	335	207	
5835604	12083	706	952	944	948	991	1092	1002	905	839	624	351	172	
5847687	12083	722	987	948	1006	963	1108	924	897	718	577	332	168	
5859769	12082	772	1049	959	1096	952	905	905	881	690	519	343	199	
5871851	12082	901	1065	1057	1112	956	784	967	878	924	495	320	203	
5883933	12082	920	1065	1057	1018	924	800	1022	913	889	488	265	187	
5896014	12081	1022	1041	998	1014	913	823	1065	924	928	480	203	152	
5908093	12079	987	1002	963	1010	917	831	1123	920	776	429	191	148	
5920174	12081	952	1006	901	952	909	866	1057	862	694	433	172	156	
5932253	12079	885	987	854	983	901	971	1010	862	679	363	144	140	
5944330	12077	827	924	881	987	874	1076	917	823	655	304	172	137	
5956411	12081	850	944	909	936	819	1088	885	796	651	320	176	156	
5968494	12083	917	959	917	979	1057	1034	878	796	608	335	207	113	
5980577	12083	952	944	948	991	1092	1002	905	839	624	351	172	117	
5992661	12084	987	948	1006	963	1108	924	897	718	577	332	168	109	
6004742	12081	1049	959	1096	952	905	905	881	690	519	343	199	109	
6016826	12084	1065	1057	1112	956	784	967	878	924	495	320	203	109	
6028907	12081	1065	1057	1018	924	800	1022	913	889	488	265	187	101	
6040989	12082	1041	998	1014	913	823	1065	924	928	480	203	152	121	
6053071	12082	1002	963	1010	917	831	1123	920	776	429	191	148	121	
6065154	12083	1006	901	952	909	866	1057	862	694	433	172	156	109	
6077235	12081	987	854	983	901	971	1010	862	679	363	144	140	140	
6089317	12082	924	881	987	874	1076	917	823	655	304	172	137	117	
6101397	12080	944	909	936	819	1088	885	796	651	320	176	156	121	
6113476	12079	959	917	979	1057	1034	878	796	608	335	207	113	117	
6125559	12083	944	948	991	1092	1002	905	839	624	351	172	117	109	
6137645	12086	948	1006	963	1108	924	897	718	577	332	168	109	113	
6149726	12081	959	1096	952	905	905	881	690	519	343	199	109	137	
6161811	12085	1057	1112	956	784	967	878	924	495	320	203	109	101	
6173892	12081	1057	1018	924	800	1022	913	889	488	265	187	101	78	
6185975	12083	998	1014	913	823	1065	924	928	480	203	152	121	78	
6198060	12085	963	1010	917	831	1123	920	776	429	191	148	121	82	
6210141	12081	901	952	909	866	1057	862	694	433	172	156	109	109	
6222222	12081	854	983	901	971	1010	862	679	363	144	140	140	94	
6234304	12082	881	987	874	1076	917	823	655	304	172	137	117	113	
6246384	12080	909	936	819	1088	885	796	651	320	176	156	121	109	
6258466	12082	917	979	1057	1034	878	796	608	335	207	113	117	109	
6270544	12078	948	991	1092	1002	905	839	624	351	172	117	109	101	
6282628	12084	1006	963	1108	924	897	718	577	332	168	109	113	66	
6294708	12080	1096	952	905	905	881	690	519	343	199	109	137	98	
6306789	12081	1112	956	784	967	878	924	495	320	203	109	101	125	
6318870	12081	1018	924	800	1022	913	889	488	265	187	101	78	121	
6330951	12081	1014	913	823	1065	924	928	480	203	152	121	78	121	
6343033	12082	1010	917	831	1123	920	776	429	191	148	121	82	101	
6355115	12082	952	909	866	1057	862	694	433	172	156	109	109	82	
6367195	12080	983	901	971	1010	862	679	363	144	140	140	94	74	
6379278	12083	987	874	1076	917	823	655	304	172	137	117	113	74	
6391358	12080	936	819	1088	885	796	651	320	176	156	121	109	94	
6403440	12082	979	1057	1034	878	796	608	335	207	113	117	109	94	
6415521	12081	991	1092	1002	905	839	624	351	172	117	109	101	101	
6427604	12083	963	1108	924	897	718	577	332	168	109	113	66	98	
6439686	12082	952	905	905	881	690	519	343	199	109	137	98	113	
6451770	12084	956	784	967	878	924	495	320	203	109	101	125	133	
6463851	12081	924	800	1022	913	889	488	265	187	101	78	121	144	
6475931	12080	913	823	1065	924	928	480	203	152	121	78	121	121	
6488018	12087	917	831	1123	920	776	429	191	148	121	82	101	121	
6500098	12080	909	866	1057	862	694	433	172	156	109	109	82	109	
6512180	12082	901	971	1010	862	679	363	144	140	140	94	74	66	
6524261	12081	874	1076	917	823	655	304	172	137	117	113	74	70	
6536342	12081	819	1088	885	796	651	320	176	156	121	109	94	12	
6548425	12083	1057	1034	878	796	608	335	207	113	117	109	94	4	
6560509	12084	1092	1002	905	839	624	351	172	117	109	101	101	51	
6572592	12083	1108	924	897	718	577	332	168	109	113	66	98	39	
6584675	12083	905	905	881	690	519	343	199	109	137	98	113	35	
6596755	12080	784	967	878	924	495	320	203	109	101	125	133	39	
6608840	12085	800	1022	913	889	488	265	187	101	78	121	144	82	
6620919	12079	823	1065	924	928	480	203	152	121	78	121	121	62	
6633005	12086	831	1123	920	776	429	191	148	121	82	101	121	121	
6645084	12079	866	1057	862	694	433	172	156	109	109	82	109	133	
6657165	12081	971	1010	862	679	363	144	140	140	94	74	66	98	
6669246	12081	1076	917	823	655	304	172	137	117	113	74	70	78	
6681327	12081	1088	885	796	651	320	176	156	121	109	94	12	55	
6693409	12082	1034	878	796	608	335	207	113	117	109	94	4	59	
6705491	12082	1002	905	839	624	351	172	117	109	101	101	51	78	
6717569	12078	924	897	718	577	332	168	109	113	66	98	39	133	
6729652	12083	905	881	690	519	343	199	109	137	98	113	35	113	
6741734	12082	967	878	924	495	320	203	109	101	125	133	39	125	
6753816	12082	1022	913	889	488	265	187	101	78	121	144	82	109	
6765900	12084	1065	924	928	480	203	152	121	78	121	121	62	109	
6777979	12079	1123	920	776	429	191	148	121	82	101	121	121	129	
6790063	12084	1057	862	694	433	172	156	109	109	82	109	133	140	
6802145	12082	1010	862	679	363	144	140	140	94	74	66	98	129	
6814227	12082	917	823	655	304	172	137	117	113	74	70	78	129	
6826306	12079	885	796	651	320	176	156	121	109	94	12	55	125	
6838386	12080	878	796	608	335	207	113	117	109	94	4	59	98	
6850468	12082	905	839	624	351	172	117	109	101	101	51	78	125	
6862549	12081	897	718	577	332	168	109	113	66	98	39	133	140	
6874631	12082	881	690	519	343	199	109	137	98	113	35	113	109	
6886711	12080	878	924	495	320	203	109	101	125	133	39	125	109	
6898792	12081	913	889	488	265	187	101	78	121	144	82	109	62	
6910875	12083	924	928	480	203	152	121	78	121	121	62	109	43	
6922958	12083	920	776	429	191	148	121	82	101	121	121	129	35	
6935039	12081	862	694	433	172	156	109	109	82	109	133	140	74	
6947120	12081	862	679	363	144	140	140	94	74	66	98	129	62	
6959202	12082	823	655	304	172	137	117	113	74	70	78	129	62	
6971283	12081	796	651	320	176	156	121	109	94	12	55	125	47	
6983360	12077	796	608	335	207	113	117	109	94	4	59	98	47	
6995442	12082	839	624	351	172	117	109	101	101	51	78	125	27	
7007522	12080	718	577	332	168	109	113	66	98	39	133	140	20	
7019606	12084	690	519	343	199	109	137	98	113	35	113	109	16	
7031689	12083	924	495	320	203	109	101	125	133	39	125	109	16	
7043770	12081	889	488	265	187	101	78	121	144	82	109	62	27	
7055853	12083	928	480	203	152	121	78	121	121	62	109	43	20	
7067935	12082	776	429	191	148	121	82	101	121	121	129	35	16	
7080018	12083	694	433	172	156	109	109	82	109	133	140	74	8	
7092099	12081	679	363	144	140	140	94	74	66	98	129	62	20	
7104182	12083	655	304	172	137	117	113	74	70	78	129	62	12	
7116262	12080	651	320	176	156	121	109	94	12	55	125	47	23	
7128343	12081	608	335	207	113	117	109	94	4	59	98	47	23	
7140422	12079	624	351	172	117	109	101	101	51	78	125	27	35	
7152504	12082	577	332	168	109	113	66	98	39	133	140	20	43	
7164585	12081	519	343	199	109	137	98	113	35	113	109	16	43	
7176671	12086	495	320	203	109	101	125	133	39	125	109	16	47	
7188753	12082	488	265	187	101	78	121	144	82	109	62	27	62	
7200836	12083	480	203	152	121	78	121	121	62	109	43	20	70	
7212916	12080	429	191	148	121	82	101	121	121	129	35	16	121	
7224998	12082	433	172	156	109	109	82	109	133	140	74	8	199	
7237081	12083	363	144	140	140	94	74	66	98	129	62	20	222	
7249162	12081	304	172	137	117	113	74	70	78	129	62	12	242	
7261245	12083	320	176	156	121	109	94	12	55	125	47	23	257	
7273324	12079	335	207	113	117	109	94	4	59	98	47	23	246	
7285405	12081	351	172	117	109	101	101	51	78	125	27	35	261	
7297486	12081	332	168	109	113	66	98	39	133	140	20	43	285	
7309564	12078	343	199	109	137	98	113	35	113	109	16	43	289	
7321645	12081	320	203	109	101	125	133	39	125	109	16	47	293	
7333729	12084	265	187	101	78	121	144	82	109	62	27	62	304	
7345814	12085	203	152	121	78	121	121	62	109	43	20	70	355	
7357897	12083	191	148	121	82	101	121	121	129	35	16	121	367	
7369979	12082	172	156	109	109	82	109	133	140	74	8	199	347	
7382061	12082	144	140	140	94	74	66	98	129	62	20	222	343	
7394143	12082	172	137	117	113	74	70	78	129	62	12	242	343	
7406229	12086	176	156	121	109	94	12	55	125	47	23	257	320	
7418309	12080	207	113	117	109	94	4	59	98	47	23	246	332	
7430392	12083	172	117	109	101	101	51	78	125	27	35	261	304	
7442479	12087	168	109	113	66	98	39	133	140	20	43	285	293	
7454559	12080	199	109	137	98	113	35	113	109	16	43	289	277	
7466644	12085	203	109	101	125	133	39	125	109	16	47	293	257	
7478724	12080	187	101	78	121	144	82	109	62	27	62	304	234	
7490808	12084	152	121	78	121	121	62	109	43	20	70	355	246	
7502891	12083	148	121	82	101	121	121	129	35	16	121	367	238	
7514974	12083	156	109	109	82	109	133	140	74	8	199	347	230	
7527055	12081	140	140	94	74	66	98	129	62	20	222	343	250	
7539137	12082	137	117	113	74	70	78	129	62	12	242	343	254	
7551219	12082	156	121	109	94	12	55	125	47	23	257	320	222	
7563302	12083	113	117	109	94	4	59	98	47	23	246	332	195	
7575381	12079	117	109	101	101	51	78	125	27	35	261	304	179	
7587468	12087	109	113	66	98	39	133	140	20	43	285	293	183	
7599549	12081	109	137	98	113	35	113	109	16	43	289	277	176	
7611631	12082	109	101	125	133	39	125	109	16	47	293	257	187	
7623711	12080	101	78	121	144	82	109	62	27	62	304	234	183	
7635792	12081	121	78	121	121	62	109	43	20	70	355	246	109	
7647875	12083	121	82	101	121	121	129	35	16	121	367	238	109	
7659958	12083	109	109	82	109	133	140	74	8	199	347	230	152	
7672039	12081	140	94	74	66	98	129	62	20	222	343	250	156	
7684120	12081	117	113	74	70	78	129	62	12	242	343	254	160	
7696202	12082	121	109	94	12	55	125	47	23	257	320	222	156	
7708283	12081	117	109	94	4	59	98	47	23	246	332	195	148	
7720360	12077	109	101	101	51	78	125	27	35	261	304	179	117	
7732442	12082	113	66	98	39	133	140	20	43	285	293	183	101	
7744522	12080	137	98	113	35	113	109	16	43	289	277	176	109	
7756606	12084	101	125	133	39	125	109	16	47	293	257	187	125	
7768689	12083	78	121	144	82	109	62	27	62	304	234	183	121	
7780770	12081	78	121	121	62	109	43	20	70	355	246	109	125	
7792853	12083	82	101	121	121	129	35	16	121	367	238	109	129	
7804935	12082	109	82	109	133	140	74	8	199	347	230	152	125	
7817018	12083	94	74	66	98	129	62	20	222	343	250	156	125	
7829099	12081	113	74	70	78	129	62	12	242	343	254	160	133	
7841182	12083	109	94	12	55	125	47	23	257	320	222	156	121	
7853262	12080	109	94	4	59	98	47	23	246	332	195	148	109	
7865343	12081	101	101	51	78	125	27	35	261	304	179	117	117	
7877422	12079	66	98	39	133	140	20	43	285	293	183	101	98	
7889504	12082	98	113	35	113	109	16	43	289	277	176	109	86	
7901585	12081	125	133	39	125	109	16	47	293	257	187	125	86	
7913671	12086	121	144	82	109	62	27	62	304	234	183	121	82	
7925753	12082	121	121	62	109	43	20	70	355	246	109	125	94	
7937836	12083	101	121	121	129	35	16	121	367	238	109	129	101	
7949916	12080	82	109	133	140	74	8	199	347	230	152	125	101	
7961998	12082	74	66	98	129	62	20	222	343	250	156	125	98	
7974081	12083	74	70	78	129	62	12	242	343	254	160	133	101	
7986162	12081	94	12	55	125	47	23	257	320	222	156	121	98	
7998245	12083	94	4	59	98	47	23	246	332	195	148	109	125	
8010324	12079	101	51	78	125	27	35	261	304	179	117	117	164	
8022405	12081	98	39	133	140	20	43	285	293	183	101	98	172	
8034486	12081	113	35	113	109	16	43	289	277	176	109	86	179	
8046564	12078	133	39	125	109	16	47	293	257	187	125	86	199	
8058645	12081	144	82	109	62	27	62	304	234	183	121	82	179	
8070729	12084	121	62	109	43	20	70	355	246	109	125	94	137	
8082814	12085	121	121	129	35	16	121	367	238	109	129	101	129	
8094897	12083	109	133	140	74	8	199	347	230	152	125	101	137	
8106979	12082	66	98	129	62	20	222	343	250	156	125	98	125	
8119061	12082	70	78	129	62	12	242	343	254	160	133	101	125	
8131143	12082	12	55	125	47	23	257	320	222	156	121	98	101	
8143229	12086	4	59	98	47	23	246	332	195	148	109	125	101	
8155309	12080	51	78	125	27	35	261	304	179	117	117	164	117	
8167392	12083	39	133	140	20	43	285	293	183	101	98	172	137	
8179479	12087	35	113	109	16	43	289	277	176	109	86	179	164	
8191559	12080	39	125	109	16	47	293	257	187	125	86	199	156	
8203644	12085	82	109	62	27	62	304	234	183	121	82	179	129	
8215724	12080	62	109	43	20	70	355	246	109	125	94	137	148	
8227808	12084	121	129	35	16	121	367	238	109	129	101	129	117	
8239890	12082	133	140	74	8	199	347	230	152	125	101	137	105	
8251974	12084	98	129	62	20	222	343	250	156	125	98	125	109	
8264055	12081	78	129	62	12	242	343	254	160	133	101	125	117	
8276137	12082	55	125	47	23	257	320	222	156	121	98	101	78	
8288219	12082	59	98	47	23	246	332	195	148	109	125	101	62	
8300302	12083	78	125	27	35	261	304	179	117	117	164	117	82	
8312381	12079	133	140	20	43	285	293	183	101	98	172	137	109	
8324468	12087	113	109	16	43	289	277	176	109	86	179	164	101	
8336549	12081	125	109	16	47	293	257	187	125	86	199	156	105	
8348631	12082	109	62	27	62	304	234	183	121	82	179	129	125	
8360711	12080	109	43	20	70	355	246	109	125	94	137	148	129	
8372792	12081	129	35	16	121	367	238	109	129	101	129	117	144	
8384875	12083	140	74	8	199	347	230	152	125	101	137	105	152	
8396958	12083	129	62	20	222	343	250	156	125	98	125	109	121	
8409039	12081	129	62	12	242	343	254	160	133	101	125	117	90	
8421120	12081	125	47	23	257	320	222	156	121	98	101	78	133	
8433202	12082	98	47	23	246	332	195	148	109	125	101	62	152	
8445283	12081	125	27	35	261	304	179	117	117	164	117	82	195	
8457360	12077	140	20	43	285	293	183	101	98	172	137	109	207	
8469442	12082	109	16	43	289	277	176	109	86	179	164	101	207	
8481522	12080	109	16	47	293	257	187	125	86	199	156	105	207	
8493606	12084	62	27	62	304	234	183	121	82	179	129	125	246	
8505689	12083	43	20	70	355	246	109	125	94	137	148	129	269	
8517770	12081	35	16	121	367	238	109	129	101	129	117	144	254	
8529853	12083	74	8	199	347	230	152	125	101	137	105	152	226	
8541935	12082	62	20	222	343	250	156	125	98	125	109	121	179	
8554018	12083	62	12	242	343	254	160	133	101	125	117	90	172	
8566099	12081	47	23	257	320	222	156	121	98	101	78	133	179	
8578182	12083	47	23	246	332	195	148	109	125	101	62	152	218	
8590262	12080	27	35	261	304	179	117	117	164	117	82	195	238	
8602343	12081	20	43	285	293	183	101	98	172	137	109	207	242	
8614422	12079	16	43	289	277	176	109	86	179	164	101	207	230	
8626504	12082	16	47	293	257	187	125	86	199	156	105	207	234	
8638585	12081	27	62	304	234	183	121	82	179	129	125	246	215	
8650671	12086	20	70	355	246	109	125	94	137	148	129	269	199	
8662753	12082	16	121	367	238	109	129	101	129	117	144	254	215	
8674836	12083	8	199	347	230	152	125	101	137	105	152	226	176	
8686916	12080	20	222	343	250	156	125	98	125	109	121	179	156	
8698998	12082	12	242	343	254	160	133	101	125	117	90	172	179	
8711081	12083	23	257	320	222	156	121	98	101	78	133	179	179	
8723162	12081	23	246	332	195	148	109	125	101	62	152	218	203	
8735245	12083	35	261	304	179	117	117	164	117	82	195	238	207	
8747324	12079	43	285	293	183	101	98	172	137	109	207	242	207	
8759405	12081	43	289	277	176	109	86	179	164	101	207	230	203	
8771486	12081	47	293	257	187	125	86	199	156	105	207	234	191	
8783564	12078	62	304	234	183	121	82	179	129	125	246	215	176	
8795645	12081	70	355	246	109	125	94	137	148	129	269	199	183	
8807729	12084	121	367	238	109	129	101	129	117	144	254	215	257	
8819814	12085	199	347	230	152	125	101	137	105	152	226	176	168	
8831897	12083	222	343	250	156	125	98	125	109	121	179	156	172	
8843979	12082	242	343	254	160	133	101	125	117	90	172	179	222	
8856061	12082	257	320	222	156	121	98	101	78	133	179	179	183	
8868143	12082	246	332	195	148	109	125	101	62	152	218	203	191	
8880229	12086	261	304	179	117	117	164	117	82	195	238	207	160	
8892309	12080	285	293	183	101	98	172	137	109	207	242	207	156	
8904392	12083	289	277	176	109	86	179	164	101	207	230	203	179	
8916479	12087	293	257	187	125	86	199	156	105	207	234	191	172	
8928559	12080	304	234	183	121	82	179	129	125	246	215	176	207	
8940644	12085	355	246	109	125	94	137	148	129	269	199	183	183	
8952724	12080	367	238	109	129	101	129	117	144	254	215	257	183	
8964808	12084	347	230	152	125	101	137	105	152	226	176	168	172	
8976891	12083	343	250	156	125	98	125	109	121	179	156	172	144	
8988974	12083	343	254	160	133	101	125	117	90	172	179	222	133	
9001055	12081	320	222	156	121	98	101	78	133	179	179	183	172	
9013137	12082	332	195	148	109	125	101	62	152	218	203	191	195	
9025219	12082	304	179	117	117	164	117	82	195	238	207	160	195	
9037302	12083	293	183	101	98	172	137	109	207	242	207	156	199	
9049381	12079	277	176	109	86	179	164	101	207	230	203	179	187	
9061468	12087	257	187	125	86	199	156	105	207	234	191	172	164	
9073549	12081	234	183	121	82	179	129	125	246	215	176	207	187	
9085631	12082	246	109	125	94	137	148	129	269	199	183	183	164	
9097711	12080	238	109	129	101	129	117	144	254	215	257	183	179	
9109792	12081	230	152	125	101	137	105	152	226	176	168	172	152	
9121875	12083	250	156	125	98	125	109	121	179	156	172	144	109	
9133958	12083	254	160	133	101	125	117	90	172	179	222	133	129	
9146039	12081	222	156	121	98	101	78	133	179	179	183	172	191	
9158120	12081	195	148	109	125	101	62	152	218	203	191	195	195	
9170202	12082	179	117	117	164	117	82	195	238	207	160	195	129	
9182283	12081	183	101	98	172	137	109	207	242	207	156	199	121	
9194360	12077	176	109	86	179	164	101	207	230	203	179	187	82	
9206442	12082	187	125	86	199	156	105	207	234	191	172	164	27	
9218522	12080	183	121	82	179	129	125	246	215	176	207	187	16	
9230606	12084	109	125	94	137	148	129	269	199	183	183	164	23	
9242689	12083	109	129	101	129	117	144	254	215	257	183	179	47	
9254770	12081	152	125	101	137	105	152	226	176	168	172	152	70	
9266853	12083	156	125	98	125	109	121	179	156	172	144	109	55	
9278935	12082	160	133	101	125	117	90	172	179	222	133	129	55	
9291018	12083	156	121	98	101	78	133	179	179	183	172	191	62	
9303099	12081	148	109	125	101	62	152	218	203	191	195	195	74	
9315182	12083	117	117	164	117	82	195	238	207	160	195	129	82	
9327262	12080	101	98	172	137	109	207	242	207	156	199	121	62	
9339343	12081	109	86	179	164	101	207	230	203	179	187	82	47	
9351422	12079	125	86	199	156	105	207	234	191	172	164	27	27	
9363504	12082	121	82	179	129	125	246	215	176	207	187	16	31	
9375585	12081	125	94	137	148	129	269	199	183	183	164	23	47	
9387671	12086	129	101	129	117	144	254	215	257	183	179	47	35	
9399753	12082	125	101	137	105	152	226	176	168	172	152	70	62	
9411836	12083	125	98	125	109	121	179	156	172	144	109	55	43	
9423916	12080	133	101	125	117	90	172	179	222	133	129	55	86	
9435998	12082	121	98	101	78	133	179	179	183	172	191	62	90	
9448081	12083	109	125	101	62	152	218	203	191	195	195	74	101	
9460162	12081	117	164	117	82	195	238	207	160	195	129	82	140	
9472245	12083	98	172	137	109	207	242	207	156	199	121	62	121	
9484324	12079	86	179	164	101	207	230	203	179	187	82	47	117	
9496405	12081	86	199	156	105	207	234	191	172	164	27	27	133	
9508486	12081	82	179	129	125	246	215	176	207	187	16	31	129	
9520564	12078	94	137	148	129	269	199	183	183	164	23	47	148	
9532645	12081	101	129	117	144	254	215	257	183	179	47	35	129	
9544729	12084	101	137	105	152	226	176	168	172	152	70	62	113	
9556814	12085	98	125	109	121	179	156	172	144	109	55	43	98	
9568897	12083	101	125	117	90	172	179	222	133	129	55	86	121	
9580979	12082	98	101	78	133	179	179	183	172	191	62	90	140	
9593061	12082	125	101	62	152	218	203	191	195	195	74	101	152	
9605143	12082	164	117	82	195	238	207	160	195	129	82	140	156	
9617229	12086	172	137	109	207	242	207	156	199	121	62	121	168	
9629309	12080	179	164	101	207	230	203	179	187	82	47	117	179	
9641392	12083	199	156	105	207	234	191	172	164	27	27	133	144	
9653479	12087	179	129	125	246	215	176	207	187	16	31	129	172	
9665559	12080	137	148	129	269	199	183	183	164	23	47	148	140	
9677644	12085	129	117	144	254	215	257	183	179	47	35	129	144	
9689724	12080	137	105	152	226	176	168	172	152	70	62	113	152	
9701808	12084	125	109	121	179	156	172	144	109	55	43	98	156	
9713891	12083	125	117	90	172	179	222	133	129	55	86	121	179	
9725974	12083	101	78	133	179	179	183	172	191	62	90	140	168	
9738055	12081	101	62	152	218	203	191	195	195	74	101	152	144	
9750137	12082	117	82	195	238	207	160	195	129	82	140	156	164	
9762219	12082	137	109	207	242	207	156	199	121	62	121	168	230	
9774302	12083	164	101	207	230	203	179	187	82	47	117	179	265	
9786381	12079	156	105	207	234	191	172	164	27	27	133	144	242	
9798468	12087	129	125	246	215	176	207	187	16	31	129	172	254	
9810549	12081	148	129	269	199	183	183	164	23	47	148	140	230	
9822631	12082	117	144	254	215	257	183	179	47	35	129	144	226	
9834711	12080	105	152	226	176	168	172	152	70	62	113	152	257	
9846792	12081	109	121	179	156	172	144	109	55	43	98	156	250	
9858875	12083	117	90	172	179	222	133	129	55	86	121	179	273	
9870958	12083	78	133	179	179	183	172	191	62	90	140	168	328	
9883039	12081	62	152	218	203	191	195	195	74	101	152	144	367	
9895120	12081	82	195	238	207	160	195	129	82	140	156	164	359	
9907202	12082	109	207	242	207	156	199	121	62	121	168	230	339	
9919283	12081	101	207	230	203	179	187	82	47	117	179	265	351	
9931360	12077	105	207	234	191	172	164	27	27	133	144	242	382	
9943442	12082	125	246	215	176	207	187	16	31	129	172	254	355	
9955522	12080	129	269	199	183	183	164	23	47	148	140	230	410	
9967606	12084	144	254	215	257	183	179	47	35	129	144	226	441	
9979689	12083	152	226	176	168	172	152	70	62	113	152	257	406	
9991770	12081	121	179	156	172	144	109	55	43	98	156	250	429	
10003853	12083	90	172	179	222	133	129	55	86	121	179	273	406	
10015935	12082	133	179	179	183	172	191	62	90	140	168	328	402	
10028018	12083	152	218	203	191	195	195	74	101	152	144	367	425	
10040099	12081	195	238	207	160	195	129	82	140	156	164	359	406	
10052182	12083	207	242	207	156	199	121	62	121	168	230	339	390	
10064262	12080	207	230	203	179	187	82	47	117	179	265	351	433	
10076343	12081	207	234	191	172	164	27	27	133	144	242	382	429	
10088422	12079	246	215	176	207	187	16	31	129	172	254	355	464	
10100504	12082	269	199	183	183	164	23	47	148	140	230	410	445	
10112585	12081	254	215	257	183	179	47	35	129	144	226	441	464	
10124671	12086	226	176	168	172	152	70	62	113	152	257	406	472	
10136753	12082	179	156	172	144	109	55	43	98	156	250	429	503	
10148836	12083	172	179	222	133	129	55	86	121	179	273	406	550	
10160916	12080	179	179	183	172	191	62	90	140	168	328	402	581	
10172998	12082	218	203	191	195	195	74	101	152	144	367	425	585	
10185081	12083	238	207	160	195	129	82	140	156	164	359	406	577	
10197162	12081	242	207	156	199	121	62	121	168	230	339	390	499	
10209245	12083	230	203	179	187	82	47	117	179	265	351	433	468	
10221324	12079	234	191	172	164	27	27	133	144	242	382	429	460	
10233405	12081	215	176	207	187	16	31	129	172	254	355	464	460	
10245486	12081	199	183	183	164	23	47	148	140	230	410	445	480	
10257564	12078	215	257	183	179	47	35	129	144	226	441	464	484	
10269645	12081	176	168	172	152	70	62	113	152	257	406	472	546	
10281729	12084	156	172	144	109	55	43	98	156	250	429	503	616	
10293814	12085	179	222	133	129	55	86	121	179	273	406	550	636	
10305897	12083	179	183	172	191	62	90	140	168	328	402	581	679	
10317979	12082	203	191	195	195	74	101	152	144	367	425	585	749	
10330061	12082	207	160	195	129	82	140	156	164	359	406	577	839	
10342143	12082	207	156	199	121	62	121	168	230	339	390	499	764	
10354229	12086	203	179	187	82	47	117	179	265	351	433	468	640	
10366309	12080	191	172	164	27	27	133	144	242	382	429	460	569	
10378392	12083	176	207	187	16	31	129	172	254	355	464	460	527	
10390479	12087	183	183	164	23	47	148	140	230	410	445	480	538	
10402559	12080	257	183	179	47	35	129	144	226	441	464	484	503	
10414644	12085	168	172	152	70	62	113	152	257	406	472	546	640	
10426724	12080	172	144	109	55	43	98	156	250	429	503	616	768	
10438808	12084	222	133	129	55	86	121	179	273	406	550	636	800	
10450891	12083	183	172	191	62	90	140	168	328	402	581	679	745	
10462974	12083	191	195	195	74	101	152	144	367	425	585	749	831	
10475055	12081	160	195	129	82	140	156	164	359	406	577	839	952	
10487137	12082	156	199	121	62	121	168	230	339	390	499	764	885	
10499219	12082	179	187	82	47	117	179	265	351	433	468	640	932	
10511302	12083	172	164	27	27	133	144	242	382	429	460	569	870	
10523381	12079	207	187	16	31	129	172	254	355	464	460	527	842	
10535468	12087	183	164	23	47	148	140	230	410	445	480	538	881	
10547549	12081	183	179	47	35	129	144	226	441	464	484	503	897	
10559631	12082	172	152	70	62	113	152	257	406	472	546	640	917	
10571711	12080	144	109	55	43	98	156	250	429	503	616	768	885	
10583792	12081	133	129	55	86	121	179	273	406	550	636	800	889	
10595875	12083	172	191	62	90	140	168	328	402	581	679	745	948	
10607958	12083	195	195	74	101	152	144	367	425	585	749	831	983	
10620039	12081	195	129	82	140	156	164	359	406	577	839	952	975	
10632120	12081	199	121	62	121	168	230	339	390	499	764	885	928	
10644202	12082	187	82	47	117	179	265	351	433	468	640	932	885	
10656283	12081	164	27	27	133	144	242	382	429	460	569	870	780	
10668360	12077	187	16	31	129	172	254	355	464	460	527	842	889	
10680442	12082	164	23	47	148	140	230	410	445	480	538	881	924	
10692522	12080	179	47	35	129	144	226	441	464	484	503	897	905	
10704606	12084	152	70	62	113	152	257	406	472	546	640	917	850	
10716689	12083	109	55	43	98	156	250	429	503	616	768	885	881	
10728770	12081	129	55	86	121	179	273	406	550	636	800	889	807	
10740853	12083	191	62	90	140	168	328	402	581	679	745	948	745	
10752935	12082	195	74	101	152	144	367	425	585	749	831	983	827	
10765018	12083	129	82	140	156	164	359	406	577	839	952	975	850	
10777099	12081	121	62	121	168	230	339	390	499	764	885	928	-424	
10789182	12083	82	47	117	179	265	351	433	468	640	932	885	-506	
10801262	12080	27	27	133	144	242	382	429	460	569	870	780	-463	
10813343	12081	16	31	129	172	254	355	464	460	527	842	889	-385	
10825422	12079	23	47	148	140	230	410	445	480	538	881	924	-416	
10837504	12082	47	35	129	144	226	441	464	484	503	897	905	-405	
10849585	12081	70	62	113	152	257	406	472	546	640	917	850	-385	
10861671	12086	55	43	98	156	250	429	503	616	768	885	881	-584	
10873753	12082	55	86	121	179	273	406	550	636	800	889	807	-565	
10885836	12083	62	90	140	168	328	402	581	679	745	948	745	-303	
10897916	12080	74	101	152	144	367	425	585	749	831	983	827	-253	
10909998	12082	82	140	156	164	359	406	577	839	952	975	850	-327	
10922081	12083	62	121	168	230	339	390	499	764	885	928	-424	-451	
10934162	12081	47	117	179	265	351	433	468	640	932	885	-506	-455	
10946245	12083	27	133	144	242	382	429	460	569	870	780	-463	-475	
10958324	12079	31	129	172	254	355	464	460	527	842	889	-385	-432	
10970405	12081	47	148	140	230	410	445	480	538	881	924	-416	-467	
10982486	12081	35	129	144	226	441	464	484	503	897	905	-405	-448	
10994564	12078	62	113	152	257	406	472	546	640	917	850	-385	-409	
11006645	12081	43	98	156	250	429	503	616	768	885	881	-584	-459	
11018729	12084	86	121	179	273	406	550	636	800	889	807	-565	-420	
11030814	12085	90	140	168	328	402	581	679	745	948	745	-303	-323	
11042897	12083	101	152	144	367	425	585	749	831	983	827	-253	-334	
11054979	12082	140	156	164	359	406	577	839	952	975	850	-327	-393	
11067061	12082	121	168	230	339	390	499	764	885	928	-424	-451	861	
11079143	12082	117	179	265	351	433	468	640	932	885	-506	-455	803	
11091229	12086	133	144	242	382	429	460	569	870	780	-463	-475	735	
11103309	12080	129	172	254	355	464	460	527	842	889	-385	-432	733	
11115392	12083	148	140	230	410	445	480	538	881	924	-416	-467	843	
11127479	12087	129	144	226	441	464	484	503	897	905	-405	-448	833	
11139559	12080	113	152	257	406	472	546	640	917	850	-385	-409	803	
11151644	12085	98	156	250	429	503	616	768	885	881	-584	-459	823	
11163724	12080	121	179	273	406	550	636	800	889	807	-565	-420	769	
11175808	12084	140	168	328	402	581	679	745	948	745	-303	-323	707	
11187891	12083	152	144	367	425	585	749	831	983	827	-253	-334	723	
11199974	12083	156	164	359	406	577	839	952	975	850	-327	-393	758	
11212055	12081	168	230	339	390	499	764	885	928	-424	-451	861	447	
11224137	12082	179	265	351	433	468	640	932	885	-506	-455	803	526	
11236219	12082	144	242	382	429	460	569	870	780	-463	-475	735	523	
11248302	12083	172	254	355	464	460	527	842	889	-385	-432	733	416	
11260381	12079	140	230	410	445	480	538	881	924	-416	-467	843	403	
11272468	12087	144	226	441	464	484	503	897	905	-405	-448	833	388	
11284549	12081	152	257	406	472	546	640	917	850	-385	-409	803	372	
11296631	12082	156	250	429	503	616	768	885	881	-584	-459	823	433	
11308711	12080	179	273	406	550	636	800	889	807	-565	-420	769	559	
11320792	12081	168	328	402	581	679	745	948	745	-303	-323	707	361	
11332875	12083	144	367	425	585	749	831	983	827	-253	-334	723	226	
11344958	12083	164	359	406	577	839	952	975	850	-327	-393	758	317	
11357039	12081	230	339	390	499	764	885	928	-424	-451	861	447	-359	
11369120	12081	265	351	433	468	640	932	885	-506	-455	803	526	-350	
11381202	12082	242	382	429	460	569	870	780	-463	-475	735	523	-370	
11393283	12081	254	355	464	460	527	842	889	-385	-432	733	416	-390	
11405360	12077	230	410	445	480	538	881	924	-416	-467	843	403	-407	
11417442	12082	226	441	464	484	503	897	905	-405	-448	833	388	-400	
11429522	12080	257	406	472	546	640	917	850	-385	-409	803	372	-377	
11441606	12084	250	429	503	616	768	885	881	-584	-459	823	433	-357	
11453689	12083	273	406	550	636	800	889	807	-565	-420	769	559	-314	
11465770	12081	328	402	581	679	745	948	745	-303	-323	707	361	-283	
11477853	12083	367	425	585	749	831	983	827	-253	-334	723	226	-298	
11489935	12082	359	406	577	839	952	975	850	-327	-393	758	317	-328	
11502018	12083	339	390	499	764	885	928	-424	-451	861	447	-359	-277	
11514099	12081	351	433	468	640	932	885	-506	-455	803	526	-350	-276	
11526182	12083	382	429	460	569	870	780	-463	-475	735	523	-370	-267	
11538262	12080	355	464	460	527	842	889	-385	-432	733	416	-390	-270	
11550343	12081	410	445	480	538	881	924	-416	-467	843	403	-407	-265	
11562422	12079	441	464	484	503	897	905	-405	-448	833	388	-400	-264	
11574504	12082	406	472	546	640	917	850	-385	-409	803	372	-377	-256	
11586585	12081	429	503	616	768	885	881	-584	-459	823	433	-357	-255	
11598671	12086	406	550	636	800	889	807	-565	-420	769	559	-314	-255	
11610753	12082	402	581	679	745	948	745	-303	-323	707	361	-283	-246	
11622836	12083	425	585	749	831	983	827	-253	-334	723	226	-298	-250	
11634916	12080	406	577	839	952	975	850	-327	-393	758	317	-328	-237	
11646998	12082	390	499	764	885	928	-424	-451	861	447	-359	-277	-78	
11659081	12083	433	468	640	932	885	-506	-455	803	526	-350	-276	-76	
11671162	12081	429	460	569	870	780	-463	-475	735	523	-370	-267	-81	
11683245	12083	464	460	527	842	889	-385	-432	733	416	-390	-270	-81	
11695324	12079	445	480	538	881	924	-416	-467	843	403	-407	-265	-87	
11707405	12081	464	484	503	897	905	-405	-448	833	388	-400	-264	-84	
11719486	12081	472	546	640	917	850	-385	-409	803	372	-377	-256	-91	
11731564	12078	503	616	768	885	881	-584	-459	823	433	-357	-255	-90	
11743645	12081	550	636	800	889	807	-565	-420	769	559	-314	-255	-84	
11755729	12084	581	679	745	948	745	-303	-323	707	361	-283	-246	-93	
11767814	12085	585	749	831	983	827	-253	-334	723	226	-298	-250	-93	
11779897	12083	577	839	952	975	850	-327	-393	758	317	-328	-237	-94	
11791979	12082	499	764	885	928	-424	-451	861	447	-359	-277	-78	241	
11804061	12082	468	640	932	885	-506	-455	803	526	-350	-276	-76	253	
11816143	12082	460	569	870	780	-463	-475	735	523	-370	-267	-81	256	
11828229	12086	460	527	842	889	-385	-432	733	416	-390	-270	-81	262	
11840309	12080	480	538	881	924	-416	-467	843	403	-407	-265	-87	288	
11852392	12083	484	503	897	905	-405	-448	833	388	-400	-264	-84	294	
11864479	12087	546	640	917	850	-385	-409	803	372	-377	-256	-91	300	
11876559	12080	616	768	885	881	-584	-459	823	433	-357	-255	-90	309	
11888644	12085	636	800	889	807	-565	-420	769	559	-314	-255	-84	324	
11900724	12080	679	745	948	745	-303	-323	707	361	-283	-246	-93	321	
11912808	12084	749	831	983	827	-253	-334	723	226	-298	-250	-93	327	
11924891	12083	839	952	975	850	-327	-393	758	317	-328	-237	-94	340	
11936974	12083	764	885	928	-424	-451	861	447	-359	-277	-78	241	-132230	
11949055	12081	640	932	885	-506	-455	803	526	-350	-276	-76	253	-145600	
11961137	12082	569	870	780	-463	-475	735	523	-370	-267	-81	256	-169890	
11973219	12082	527	842	889	-385	-432	733	416	-390	-270	-81	262	-173250	
11985302	12083	538	881	924	-416	-467	843	403	-407	-265	-87	288	-172480	
11997381	12079	503	897	905	-405	-448	833	388	-400	-264	-84	294	-167790	
12009468	12087	640	917	850	-385	-409	803	372	-377	-256	-91	300	-158970	
12021549	12081	768	885	881	-584	-459	823	433	-357	-255	-90	309	-169470	
12033631	12082	800	889	807	-565	-420	769	559	-314	-255	-84	324	-189210	
12045713	12082	745	948	745	-303	-323	707	361	-283	-246	-93	321	-202580	
12057795	12082	831	983	827	-253	-334	723	226	-298	-250	-93	327	-189280	
12069878	12083	952	975	850	-327	-393	758	317	-328	-237	-94	340	-184590	
12081960	12082	885	928	-424	-451	861	447	-359	-277	-78	241	-132230	-110250	
12094045	12085	932	885	-506	-455	803	526	-350	-276	-76	253	-145600	-108640	
12106126	12081	870	780	-463	-475	735	523	-370	-267	-81	256	-169890	-111860	
12118206	12080	842	889	-385	-432	733	416	-390	-270	-81	262	-173250	-111510	
12130288	12082	881	924	-416	-467	843	403	-407	-265	-87	288	-172480	-105700	
12142367	12079	897	905	-405	-448	833	388	-400	-264	-84	294	-167790	-95830	
12154447	12080	917	850	-385	-409	803	372	-377	-256	-91	300	-158970	-80780	
12166529	12082	885	881	-584	-459	823	433	-357	-255	-90	309	-169470	-77490	
12178612	12083	889	807	-565	-420	769	559	-314	-255	-84	324	-189210	-75950	
12190694	12082	948	745	-303	-323	707	361	-283	-246	-93	321	-202580	-78960	
12202777	12083	983	827	-253	-334	723	226	-298	-250	-93	327	-189280	-96250	
12214858	12081	975	850	-327	-393	758	317	-328	-237	-94	340	-184590	-99750	
12226939	12081	928	-424	-451	861	447	-359	-277	-78	241	-132230	-110250	63210	
12239022	12083	885	-506	-455	803	526	-350	-276	-76	253	-145600	-108640	67970	
12251101	12079	780	-463	-475	735	523	-370	-267	-81	256	-169890	-111860	83370	
12263183	12082	889	-385	-432	733	416	-390	-270	-81	262	-173250	-111510	83020	
12275265	12082	924	-416	-467	843	403	-407	-265	-87	288	-172480	-105700	77000	
12287348	12083	905	-405	-448	833	388	-400	-264	-84	294	-167790	-95830	75250	
12299429	12081	850	-385	-409	803	372	-377	-256	-91	300	-158970	-80780	77910	
12311511	12082	881	-584	-459	823	433	-357	-255	-90	309	-169470	-77490	81340	
12323595	12084	807	-565	-420	769	559	-314	-255	-84	324	-189210	-75950	89040	
12335678	12083	745	-303	-323	707	361	-283	-246	-93	321	-202580	-78960	96880	
12347761	12083	827	-253	-334	723	226	-298	-250	-93	327	-189280	-96250	83090	
12359843	12082	850	-327	-393	758	317	-328	-237	-94	340	-184590	-99750	78400	
