3	0	133	31	917	-16	-25	996	462	-346	-624	280	-54320	-45220	
12082	12079	-159	-120	1283	-11	38	1135	465	-349	-631	-62160	-102970	-84350	
24163	12081	43	-30	932	-66	28	1020	465	-340	-633	3430	-73010	-11690	
36242	12079	109	-97	870	70	-46	985	472	-343	-630	-12110	26390	26390	
48324	12082	101	-11	979	46	-45	1021	472	-346	-627	-10850	26880	11270	
60402	12078	31	-19	995	11	-63	1069	462	-337	-624	-980	770	1050	
72482	12080	35	-22	971	-18	-26	1046	474	-337	-624	-910	-7070	-1540	
84565	12083	117	51	874	45	-78	990	469	-337	-630	-840	-8330	-2450	
96645	12080	39	0	995	23	-49	1049	471	-343	-639	-490	-2800	-6650	
108727	12082	8	-26	1002	-5	-2	1016	463	-336	-633	-280	-2030	-4340	
120808	12081	-3	-54	967	-26	8	1031	472	-342	-637	-210	-3360	-1610	
132891	12083	27	-46	971	-5	2	1025	468	-342	-634	-140	-2660	-70	
144975	12084	23	-26	963	-14	-8	1032	466	-346	-633	-210	-1960	70	
157057	12082	31	-26	959	-8	-15	1034	472	-342	-633	-210	-1680	0	
169139	12082	35	-11	948	-4	-31	1036	475	-348	-631	-210	-1330	70	
181220	12081	35	0	952	-7	-38	1032	465	-345	-633	-210	-1330	-140	
193299	12079	12	12	983	-16	-57	1033	472	-348	-631	-140	-840	-2450	
205382	12083	8	-19	991	-20	-48	1034	472	-343	-630	-210	-1120	-2240	
217465	12083	23	-3	971	-27	-14	1035	469	-343	-634	-490	-2940	140	
229546	12081	55	-34	952	1	-10	1051	468	-343	-634	-910	-4200	2240	
241629	12083	117	-26	866	32	-29	977	477	-343	-630	210	1680	770	
253708	12079	0	-34	991	-8	1	1063	469	-340	-627	-280	-1750	840	
265787	12079	66	-34	932	26	18	1007	469	-342	-627	-280	-3220	1190	
277872	12085	43	-65	948	22	21	1035	469	-346	-639	210	-70	1890	
289952	12080	16	-34	971	-6	2	1047	462	-345	-637	-210	-1610	1400	
302035	12083	23	-30	952	-2	-9	1036	468	-342	-633	-280	-2170	2100	
314114	12079	12	-26	1053	-29	-5	1054	468	-331	-630	-350	-2590	2590	
326193	12079	335	183	702	-66	-18	1288	472	-337	-634	-2240	-17150	7910	
338275	12082	183	16	566	122	-80	785	462	-345	-627	-770	-6720	6720	
350356	12081	-19	-65	1080	23	-8	984	457	-346	-627	-700	-1330	3010	
362437	12081	8	-30	1037	3	-18	1054	462	-345	-625	-910	-9240	4410	
374521	12084	168	-3	651	42	-24	940	462	-340	-630	-490	-8050	4690	
386604	12083	27	-42	944	-10	-5	1047	463	-343	-628	-280	-2660	3430	
398686	12082	43	-19	952	2	-1	1034	463	-342	-627	-490	-2940	4340	
410767	12081	35	-26	987	-15	-6	1072	466	-342	-628	-2170	-5110	3990	
422849	12082	-3	-65	971	-14	14	1052	459	-348	-631	-4060	-7980	11620	
434930	12081	62	-19	963	-6	8	1046	459	-342	-628	-5180	-9170	17430	
447011	12081	23	8	995	20	-30	908	469	-337	-628	210	-2730	20230	
459093	12082	66	0	905	31	-46	1027	465	-331	-628	-350	-2450	15820	
471174	12081	74	-11	874	19	-42	1044	454	-336	-627	-700	-2170	9730	
483255	12081	20	12	956	-6	-47	1046	465	-339	-630	-1610	-3010	11550	
495337	12082	27	55	1002	-12	-111	1021	466	-342	-627	-1260	-2450	4830	
507423	12086	66	-58	983	19	1	1039	465	-339	-633	-1190	-2520	-4760	
519505	12082	51	8	944	15	-50	1024	469	-343	-627	-1190	-2520	-9240	
531588	12083	98	20	979	10	-57	1032	469	-340	-631	-630	-1820	-13930	
543671	12083	23	-46	1018	35	-39	1041	472	-342	-631	-1190	-2030	-16380	
555753	12082	39	-81	917	25	28	1031	459	-342	-628	-1190	-2380	-13230	
567837	12084	78	-54	944	25	16	1033	466	-346	-634	-490	-2310	-5250	
579919	12082	35	-46	971	20	11	1046	462	-348	-624	-910	-3010	-840	
592005	12086	51	-104	975	28	39	1059	462	-342	-624	-3780	-2660	4480	
604084	12079	43	-42	956	15	5	1063	463	-343	-631	-10080	-1890	8680	
616167	12083	31	-19	987	-7	-16	1082	466	-343	-628	-15120	-2310	7210	
628251	12084	12	0	1010	-24	-39	1089	457	-355	-619	-37660	-1680	1190	
640331	12080	43	20	983	-9	-66	1046	462	-352	-628	-47880	-1890	-4410	
652412	12081	31	35	967	20	-77	1024	468	-360	-619	-50750	-1960	-7840	
664495	12083	74	70	924	28	-90	1006	468	-375	-615	-49700	-1540	-8050	
676578	12083	51	31	928	8	-101	987	465	-379	-610	-34860	-1610	-6580	
688660	12082	47	20	940	30	-67	1013	465	-375	-615	-26250	-1610	-3780	
700742	12082	55	43	971	14	-90	1025	469	-388	-606	-21700	-1680	-2170	
712826	12084	23	43	967	13	-86	1026	456	-387	-612	-19740	-1820	-3360	
724909	12083	70	12	959	4	-74	1040	466	-397	-607	-22050	-1540	-3150	
736989	12080	39	12	971	19	-47	1059	468	-400	-606	-26670	-1540	-1960	
749073	12084	35	16	952	14	-74	1050	472	-394	-601	-31430	-2030	-490	
761155	12082	39	62	967	7	-105	1040	465	-406	-598	-35210	-2660	1680	
773237	12082	39	43	948	7	-103	1026	468	-414	-600	-36260	-2730	3080	
785318	12081	39	160	956	10	-115	1031	465	-412	-600	-35490	-2800	4130	
797400	12082	27	101	952	-1	-151	1033	465	-421	-586	-37170	-2660	3710	
809482	12082	43	113	959	3	-150	1028	463	-423	-594	-39620	-1260	-490	
821565	12083	35	113	944	0	-153	1042	465	-438	-574	-46550	-1120	-2800	
833645	12080	43	121	967	5	-146	1039	465	-442	-571	-49420	-1120	-4270	
845728	12083	47	113	952	9	-154	1038	474	-448	-576	-52570	-1400	-4970	
857812	12084	39	133	944	20	-177	1017	469	-450	-568	-55020	-2240	-3990	
869893	12081	47	144	952	19	-191	1000	465	-468	-559	-51310	-2030	-3290	
881975	12082	47	152	956	16	-194	1021	469	-475	-552	-49490	-2450	-1820	
894056	12081	43	160	952	14	-201	1018	459	-483	-562	-49350	-3150	-490	
906138	12082	47	176	948	14	-210	1011	457	-481	-552	-50260	-3080	770	
918221	12083	39	195	924	12	-223	1011	465	-487	-546	-50610	-3220	1260	
930301	12080	55	195	924	14	-236	993	468	-502	-535	-47950	-3360	2450	
942384	12083	78	250	928	14	-261	997	460	-498	-541	-44800	-3360	3920	
954467	12083	51	234	909	14	-264	979	466	-511	-541	-41440	-2730	3990	
966550	12083	27	242	952	-2	-305	998	462	-510	-531	-40320	-2310	1540	
978633	12083	31	293	920	9	-323	970	465	-520	-522	-37730	-1960	-280	
990719	12086	47	300	901	2	-326	972	460	-526	-522	-33460	-1330	-2520	
1002799	12080	31	269	889	-1	-333	973	468	-526	-522	-26180	280	-8120	
1014883	12084	43	296	948	7	-346	964	457	-519	-519	-21070	630	-9730	
1026963	12080	55	293	940	10	-316	983	468	-538	-517	-16240	280	-9870	
1039047	12084	55	261	932	18	-287	986	457	-528	-513	-12950	-350	-9240	
1051130	12083	47	230	936	24	-271	1006	466	-532	-511	-13230	-1260	-4900	
1063216	12086	51	230	913	28	-263	1016	463	-538	-514	-15960	-1960	-1610	
1075297	12081	43	246	940	21	-293	1003	466	-541	-510	-18480	-2170	420	
1087377	12080	47	261	948	11	-310	995	471	-547	-510	-21070	-2030	840	
1099462	12085	39	277	909	10	-318	997	463	-537	-508	-25480	-1890	-350	
1111543	12081	47	277	920	10	-314	1000	469	-543	-498	-28210	-2030	-770	
1123626	12083	43	293	905	12	-335	986	462	-556	-507	-29820	-2030	-980	
1135707	12081	43	300	905	11	-342	984	454	-546	-496	-30800	-2030	-1610	
1147791	12084	47	320	905	8	-355	979	466	-562	-495	-32760	-1190	-4340	
1159872	12081	35	328	881	10	-362	966	463	-553	-484	-31640	-630	-5880	
1171953	12081	51	359	897	15	-381	956	463	-570	-483	-29470	-70	-7840	
1184035	12082	55	289	909	4	-363	963	460	-571	-481	-26460	280	-8750	
1196114	12079	55	320	901	15	-357	974	463	-573	-480	-25480	70	-7910	
1208198	12084	39	289	917	17	-345	979	462	-574	-477	-27160	-140	-7000	
1220277	12079	20	293	897	21	-351	973	463	-574	-471	-30100	-280	-6580	
1232356	12079	55	332	897	20	-363	973	462	-583	-468	-31360	-420	-5250	
1244440	12084	43	343	885	17	-387	959	463	-586	-474	-30520	-1120	-3290	
1256520	12080	35	367	885	19	-399	943	471	-591	-475	-27510	-1330	-2590	
1268603	12083	51	394	881	17	-422	930	453	-592	-465	-22890	-1750	-1400	
1280686	12083	39	343	913	30	-402	924	465	-594	-459	-15680	-2380	2100	
1292764	12078	51	476	878	19	-433	928	462	-595	-457	3640	-3710	2800	
1304846	12082	51	491	979	9	-445	922	460	-588	-460	10220	-2660	980	
1316928	12082	129	449	905	6	-420	930	459	-597	-456	17640	-1680	-210	
1329012	12084	20	382	1018	22	-372	974	462	-591	-466	26810	-2030	1330	
1341093	12081	105	421	995	24	-313	1023	465	-586	-465	15260	-4480	4900	
1353171	12078	101	246	920	37	-250	1043	465	-583	-463	5250	-6510	10500	
1365257	12086	66	320	811	-2	-397	1002	465	-585	-477	-8260	-7000	10920	
1377339	12082	20	382	924	9	-412	966	468	-582	-466	-19670	-6160	5530	
1389419	12080	4	374	858	19	-387	953	469	-589	-459	-30660	-3780	3710	
1401501	12082	39	382	885	-11	-439	940	472	-595	-460	-34860	-2310	-420	
1413582	12081	51	398	885	9	-434	934	462	-592	-451	-34160	-1470	-2730	
1425665	12083	39	398	854	10	-439	933	468	-600	-448	-31850	-910	-5810	
1437745	12080	35	398	874	10	-447	929	463	-603	-436	-27160	630	-7490	
1449828	12083	51	398	862	8	-442	933	459	-610	-447	-25760	840	-8330	
1461910	12082	86	406	901	15	-420	946	466	-613	-445	-25060	1050	-8750	
1473994	12084	8	324	839	16	-421	940	462	-607	-436	-25620	910	-7840	
1486078	12084	39	355	874	11	-414	957	457	-607	-433	-30800	1680	-7280	
1498157	12079	51	378	881	7	-413	964	459	-616	-426	-37170	1610	-7070	
1510240	12083	43	394	866	11	-426	952	468	-621	-420	-43050	1260	-6860	
1522320	12080	55	429	854	12	-458	939	465	-630	-418	-47880	1260	-8750	
1534400	12080	47	441	854	18	-465	925	460	-633	-411	-52360	1820	-8680	
1546482	12082	55	456	878	20	-472	916	462	-637	-403	-52430	1260	-7910	
1558565	12083	23	468	846	17	-489	912	457	-648	-396	-52500	910	-7000	
1570645	12080	39	468	839	12	-505	907	465	-649	-394	-52150	70	-5530	
1582728	12083	51	495	819	16	-513	886	460	-655	-382	-47040	-140	-4900	
1594812	12084	47	511	815	14	-540	876	460	-657	-385	-44100	700	-5880	
1606893	12081	43	530	807	8	-550	876	456	-660	-363	-41930	1890	-7770	
1618975	12082	86	542	819	17	-533	882	459	-667	-361	-40740	3430	-10010	
1631056	12081	20	456	835	20	-513	904	460	-670	-360	-43190	2660	-8540	
1643138	12082	43	484	803	18	-523	884	457	-684	-349	-44450	1540	-6860	
1655221	12083	51	530	792	15	-568	864	454	-681	-355	-43470	70	-5600	
1667301	12080	43	530	796	16	-569	856	457	-685	-352	-39970	-1680	-3010	
1679384	12083	43	530	796	13	-579	856	456	-688	-340	-33880	-1960	-2660	
1691467	12083	43	530	803	17	-573	857	463	-691	-331	-32410	-2030	-2380	
1703550	12083	59	534	784	16	-586	849	459	-694	-327	-32200	-1820	-2100	
1715633	12083	55	558	753	15	-603	840	457	-691	-324	-32480	840	-4620	
1727719	12086	47	546	749	14	-615	828	454	-699	-318	-31850	2450	-6860	
1739799	12080	39	542	772	18	-597	850	466	-699	-312	-30940	2380	-7210	
1751883	12084	47	562	803	19	-595	846	457	-700	-316	-30520	1750	-6580	
1763963	12080	55	569	792	13	-592	859	454	-702	-313	-30520	560	-5110	
1776047	12084	43	554	764	17	-584	854	451	-697	-307	-37310	770	-4830	
1788130	12083	82	608	772	17	-620	835	460	-711	-289	-41440	1050	-4760	
1800216	12086	62	620	741	19	-635	810	459	-703	-289	-42980	1190	-5250	
1812297	12081	39	593	725	19	-655	798	459	-712	-289	-41160	1750	-6090	
1824377	12080	47	601	753	19	-662	793	453	-718	-283	-33950	1960	-6370	
1836462	12085	47	612	729	19	-652	803	450	-717	-279	-33040	2660	-6440	
1848543	12081	59	624	764	16	-652	802	456	-724	-280	-34230	3570	-7630	
1860626	12083	39	624	718	15	-658	801	445	-727	-268	-35770	4690	-8960	
1872707	12081	51	608	749	25	-652	801	460	-729	-268	-34510	3710	-7910	
1884791	12084	20	636	733	15	-662	793	457	-724	-262	-33040	3220	-7210	
1896872	12081	39	640	722	12	-668	791	456	-727	-261	-33460	3220	-6930	
1908953	12081	39	636	741	12	-679	783	454	-733	-256	-31220	1260	-4550	
1921035	12082	43	616	718	11	-674	788	459	-744	-240	-32620	910	-4270	
1933114	12079	31	655	706	15	-686	778	454	-735	-243	-35700	1260	-4480	
1945198	12084	47	675	729	15	-689	770	460	-745	-229	-38780	2240	-5460	
1957277	12079	51	636	690	17	-695	768	450	-742	-231	-38360	700	-4410	
1969356	12079	55	686	686	19	-714	743	454	-744	-219	-34580	0	-3850	
1981440	12084	47	702	686	14	-738	725	457	-748	-219	-30170	560	-4480	
1993520	12080	43	686	686	14	-728	732	457	-745	-214	-25970	980	-4900	
2005603	12083	55	690	655	18	-724	738	448	-741	-210	-19320	-280	-3500	
2017686	12083	43	698	690	15	-731	732	451	-750	-214	-16730	-350	-3220	
2029764	12078	47	702	679	17	-728	728	454	-756	-216	-15540	630	-4130	
2041846	12082	55	679	644	15	-730	738	454	-759	-204	-15610	2030	-5040	
2053928	12082	43	690	683	22	-723	733	450	-756	-195	-17430	3290	-5950	
2066012	12084	70	671	651	20	-726	744	456	-759	-189	-17640	2520	-5390	
2078093	12081	31	671	663	15	-729	736	453	-751	-198	-17640	1540	-4410	
2090171	12078	47	690	671	16	-730	732	451	-760	-190	-17640	840	-3710	
2102257	12086	35	690	655	15	-739	725	453	-763	-196	-15960	-840	-2100	
2114339	12082	39	714	655	15	-742	721	448	-765	-193	-15190	-1120	-1960	
2126419	12080	47	718	647	17	-755	708	450	-748	-190	-14560	-770	-2380	
2138501	12082	47	725	640	17	-758	702	450	-757	-198	-13790	0	-4410	
2150582	12081	43	725	659	13	-757	715	450	-765	-184	-12040	1190	-4620	
2162665	12083	20	706	659	22	-749	711	453	-765	-187	-11410	1120	-4340	
2174745	12080	39	690	644	17	-739	723	451	-765	-180	-10430	420	-3360	
2186828	12083	43	710	651	20	-741	716	459	-769	-181	-9240	-1190	-420	
2198910	12082	47	718	644	16	-755	710	451	-765	-177	-8610	-2030	-560	
2210994	12084	39	706	644	15	-747	716	453	-768	-175	-10430	-1820	-840	
2223078	12084	47	698	636	18	-742	718	453	-765	-178	-12670	-1960	-630	
2235157	12079	47	694	644	18	-736	722	447	-766	-172	-15050	-2030	-70	
2247240	12083	43	714	632	18	-739	721	457	-762	-168	-21910	-2240	210	
2259320	12080	31	725	620	17	-752	699	448	-766	-166	-23730	-2380	210	
2271400	12080	43	733	605	14	-774	689	453	-766	-162	-24150	-2380	-70	
2283482	12082	47	749	636	15	-782	681	453	-766	-156	-23730	-2240	-840	
2295565	12083	31	749	608	16	-790	671	448	-766	-157	-19040	-2170	-1120	
2307645	12080	43	745	612	17	-790	675	450	-768	-154	-16940	-1890	-1470	
2319728	12083	55	741	601	18	-780	677	453	-774	-156	-16100	-1470	-1750	
2331812	12084	43	737	624	17	-777	680	451	-769	-151	-16310	-1190	-2170	
2343893	12081	55	753	628	21	-783	673	456	-774	-153	-16590	-420	-2450	
2355975	12082	43	761	612	18	-796	662	448	-768	-148	-15820	420	-3150	
2368056	12081	62	753	597	19	-794	663	447	-771	-151	-14980	1190	-3710	
2380138	12082	27	729	605	17	-796	668	453	-784	-147	-14140	1680	-4200	
2392221	12083	51	741	589	19	-781	676	454	-777	-141	-12460	420	-3360	
2404301	12080	47	745	597	14	-791	670	453	-774	-136	-11760	-560	-2730	
2416384	12083	27	741	605	11	-782	671	448	-780	-138	-11550	-1470	-1680	
2428467	12083	51	757	597	18	-794	660	456	-783	-135	-11970	-2100	-700	
2440550	12083	51	761	577	19	-799	653	453	-774	-133	-10990	-1820	-840	
2452633	12083	51	757	593	15	-800	656	451	-786	-136	-10850	-1610	-1120	
2464719	12086	31	757	593	17	-801	656	447	-778	-126	-10850	-1540	-1190	
2476799	12080	43	753	585	23	-800	650	451	-778	-124	-10640	-1750	-1190	
2488883	12084	47	745	589	14	-800	655	456	-777	-124	-11200	-1610	-1470	
2500963	12080	43	753	585	16	-798	663	451	-783	-121	-12390	-1750	-1540	
2513047	12084	59	757	589	15	-795	652	454	-778	-129	-14280	-2030	-1190	
2525130	12083	55	761	585	17	-797	648	456	-783	-129	-16100	-1820	-560	
2537216	12086	27	776	577	8	-800	647	454	-777	-117	-17570	-1750	-350	
2549297	12081	51	764	562	15	-807	646	453	-780	-115	-17850	-1890	-490	
2561377	12080	51	768	577	13	-806	644	457	-786	-112	-18270	-2240	-350	
2573462	12085	43	780	554	15	-811	641	465	-792	-111	-20090	-1680	-1120	
2585543	12081	39	768	566	22	-812	634	457	-789	-117	-24290	-1050	-1610	
2597626	12083	51	776	558	17	-818	624	453	-790	-108	-26110	-700	-1750	
2609707	12081	43	807	538	19	-843	611	453	-790	-106	-26320	-700	-1820	
2621791	12084	39	815	546	12	-851	599	454	-784	-100	-24010	-560	-2590	
2633872	12081	47	811	530	20	-851	591	454	-792	-96	-16520	-140	-3080	
2645953	12081	66	784	534	13	-832	606	453	-787	-99	-14560	140	-3570	
2658035	12082	59	803	534	12	-826	612	454	-786	-93	-14840	840	-3570	
2670114	12079	51	792	542	15	-830	613	448	-796	-88	-15610	1120	-3360	
2682198	12084	43	792	511	23	-837	597	450	-795	-88	-16520	1470	-3360	
2694277	12079	66	788	530	17	-828	610	451	-795	-84	-17080	1190	-3150	
2706356	12079	55	796	527	12	-844	603	448	-786	-88	-18270	910	-2800	
2718440	12084	35	803	523	23	-840	596	456	-796	-79	-19040	490	-3010	
2730520	12080	59	788	530	10	-837	608	447	-790	-81	-20090	-630	-2450	
2742603	12083	43	807	519	21	-849	589	460	-798	-73	-20440	-1260	-1750	
2754686	12083	39	811	507	15	-857	577	451	-796	-69	-19670	-1890	-1400	
2766764	12078	43	815	507	16	-859	572	447	-795	-76	-18410	-1050	-1890	
2778846	12082	55	823	488	19	-862	569	451	-795	-63	-17570	-420	-2170	
2790928	12082	31	839	511	21	-871	564	453	-802	-69	-16170	280	-2660	
2803012	12084	59	823	499	20	-860	568	456	-796	-57	-14700	560	-3080	
2815093	12081	39	803	511	15	-853	579	448	-802	-58	-14280	-350	-2240	
2827171	12078	47	803	523	19	-848	581	450	-805	-67	-15960	-910	-1820	
2839257	12086	27	811	503	19	-846	578	454	-793	-63	-17570	-1610	-1470	
2851339	12082	47	811	511	19	-845	577	451	-804	-54	-19670	-2240	-770	
2863419	12080	47	823	491	17	-857	571	447	-804	-43	-24500	-2800	-350	
2875501	12082	51	831	480	19	-869	553	444	-807	-42	-24990	-2730	-280	
2887582	12081	47	831	488	19	-873	551	451	-807	-49	-25970	-2730	70	
2899665	12083	51	842	484	23	-886	536	448	-801	-34	-26040	-3150	70	
2911745	12080	55	854	468	33	-896	532	450	-807	-42	-20580	-3780	-140	
2923828	12083	43	850	433	17	-891	523	453	-795	-36	-19250	-3080	-560	
2935910	12082	47	858	445	19	-902	505	456	-804	-31	-18760	-1680	-1260	
2947994	12084	51	862	452	18	-902	511	441	-804	-25	-16030	-840	-1820	
2960078	12084	35	846	460	24	-899	514	454	-807	-25	-11830	-70	-2590	
2972157	12079	27	854	476	16	-893	520	454	-802	-25	-10850	0	-2940	
2984240	12083	51	842	445	2	-873	531	454	-802	-34	-11620	-70	-2940	
2996320	12080	23	839	484	22	-874	528	451	-805	-27	-13860	-70	-1680	
3008400	12080	47	831	460	15	-880	532	453	-814	-15	-15470	-1890	-980	
3020482	12082	39	858	460	15	-893	522	453	-808	-19	-15680	-2520	-770	
3032565	12083	51	839	449	22	-872	531	445	-807	-18	-17500	-2870	-350	
3044645	12080	55	850	445	22	-885	524	456	-804	-15	-20160	-3430	630	
3056728	12083	74	854	452	27	-896	516	445	-808	-16	-22120	-4830	700	
3068812	12084	47	866	449	37	-892	517	456	-805	-6	-21910	-5530	1050	
3080893	12081	62	885	437	27	-919	489	457	-807	0	-22190	-5180	560	
3092975	12082	31	858	374	22	-911	476	451	-799	-4	-20160	-5110	70	
3105056	12081	35	889	456	22	-900	478	450	-802	1	-18760	-3710	560	
3117138	12082	31	870	433	26	-909	483	453	-805	6	-17920	-4200	700	
3129221	12083	78	928	421	21	-905	479	454	-808	9	-17430	-4270	1190	
3141301	12080	70	897	413	30	-901	498	445	-802	9	-18760	-3710	1400	
3153384	12083	78	858	406	30	-897	488	454	-807	13	-21980	-4760	1960	
3165467	12083	27	870	300	24	-885	310	454	-802	19	-28770	-1610	2240	
3177550	12083	-61	733	823	-12	-865	597	459	-808	25	-46830	8890	-1260	
3189635	12085	70	924	328	1	-937	502	465	-802	28	-52360	1400	420	
3201721	12086	27	944	410	27	-948	406	460	-804	33	-44380	-1050	-70	
3213803	12082	12	928	417	17	-922	429	459	-805	49	-44730	-840	0	
3225884	12081	23	944	359	19	-952	412	459	-808	51	-42350	-1400	630	
3237966	12082	59	948	320	23	-957	402	460	-802	57	-39130	-2100	630	
3250047	12081	70	901	277	7	-965	392	456	-808	51	-32690	-1750	70	
3262130	12083	35	889	363	17	-951	405	459	-811	61	-31290	-1260	-70	
3274216	12086	27	920	402	16	-941	408	456	-801	70	-32270	-1260	140	
3286297	12081	51	924	324	18	-958	384	459	-796	70	-32970	-1120	70	
3298377	12080	43	924	300	7	-955	379	463	-807	73	-32060	-1120	0	
3310462	12085	39	944	246	19	-959	376	463	-814	85	-30380	-1120	0	
3322543	12081	90	920	269	25	-961	356	468	-805	84	-28280	-1260	-140	
3334626	12083	-61	776	339	-17	-1044	359	456	-807	85	-27160	-2520	-2590	
3346707	12081	20	956	285	15	-983	331	463	-799	91	-9870	-1610	-2380	
3358790	12083	27	913	300	0	-952	375	460	-805	90	-13440	-980	-3010	
3370874	12084	43	932	296	6	-965	366	456	-799	93	-17150	-630	-3360	
3382955	12081	43	932	293	18	-973	340	466	-810	93	-17010	-420	-3850	
3395036	12081	43	920	281	15	-968	350	454	-805	88	-13860	-560	-3640	
3407118	12082	39	905	285	17	-961	345	459	-808	88	-12670	-840	-2940	
3419199	12081	23	932	308	15	-973	342	459	-802	96	-10220	-1260	-1890	
3431281	12082	43	944	269	12	-969	344	456	-804	94	-7280	-1540	-1610	
3443362	12081	39	952	296	9	-971	342	459	-802	97	-6720	-980	-1960	
3455444	12082	43	920	277	10	-964	346	456	-807	99	-7000	-910	-2660	
3467525	12081	47	924	296	19	-961	353	460	-802	97	-7070	-1050	-2590	
3479607	12082	55	924	316	26	-959	356	460	-799	97	-5880	-3570	-700	
3491689	12082	51	920	332	29	-960	372	460	-804	100	-770	-5810	420	
3503770	12081	47	932	293	16	-951	370	457	-805	102	-840	-7420	910	
3515853	12083	51	959	246	15	-967	341	454	-801	102	-2450	-8260	1400	
3527935	12082	31	936	293	17	-963	340	459	-811	105	-4830	-7000	1190	
3540018	12083	47	928	242	9	-973	335	463	-805	108	-7210	-6580	840	
3552103	12085	47	932	254	15	-969	331	463	-807	106	-10990	-4900	350	
3564185	12082	43	936	269	12	-968	340	466	-804	106	-12950	-3850	70	
3576266	12081	55	940	277	20	-965	332	459	-805	109	-13580	-4060	630	
3588348	12082	39	940	265	18	-973	325	463	-801	108	-12880	-3850	700	
3600430	12082	47	948	254	17	-979	319	459	-801	106	-12600	-2940	140	
3612511	12081	43	936	254	15	-970	320	456	-807	117	-13650	-1750	-490	
3624594	12083	35	940	265	14	-967	329	462	-802	123	-19950	700	-1330	
3636677	12083	51	952	296	18	-963	326	457	-807	118	-21980	910	-980	
3648758	12081	51	948	254	12	-977	312	462	-796	121	-22190	-210	-910	
3660840	12082	43	948	265	28	-980	312	454	-799	129	-21420	-980	-1050	
3672921	12081	35	959	234	21	-983	304	465	-801	124	-18690	-2100	-490	
3685005	12084	47	952	211	21	-984	279	460	-805	135	-18340	-1050	-910	
3697084	12079	43	956	226	19	-989	283	462	-798	136	-16870	-420	-1400	
3709165	12081	39	944	257	19	-978	299	462	-808	142	-15470	-490	-1260	
3721245	12080	47	932	234	20	-976	306	454	-796	144	-15610	-1820	-280	
3733326	12081	35	959	218	14	-978	301	460	-795	142	-16590	-2100	-280	
3745408	12082	35	956	254	21	-981	300	454	-796	141	-18690	-1540	-560	
3757492	12084	47	940	234	24	-978	310	459	-799	150	-20580	-2240	-560	
3769575	12083	51	936	222	24	-976	303	460	-799	147	-24780	-5810	140	
3781654	12079	20	948	215	15	-977	291	457	-793	157	-26810	-6440	280	
3793734	12080	31	971	215	8	-991	255	460	-793	154	-27020	-6020	70	
3805814	12080	31	952	179	13	-997	257	457	-801	157	-25970	-5320	-140	
3817896	12082	43	967	195	16	-988	256	460	-795	163	-25410	-4480	-140	
3829977	12081	31	975	199	11	-993	258	457	-796	172	-26460	-4200	-350	
3842060	12083	39	952	179	22	-988	246	466	-798	172	-27230	-3850	-420	
3854143	12083	51	944	211	18	-986	265	462	-793	174	-28000	-3920	-140	
3866228	12085	31	956	207	15	-986	279	463	-795	184	-31290	-8610	350	
3878308	12080	55	967	179	15	-985	271	463	-787	192	-32900	-11060	840	
3890390	12082	12	940	137	-3	-1002	179	462	-792	190	-34440	-10570	980	
3902473	12083	39	979	121	7	-1008	171	472	-790	199	-36260	-7000	-350	
3914552	12079	43	979	137	14	-1010	183	465	-789	196	-33950	-3220	-490	
3926634	12082	43	979	133	17	-1008	191	463	-784	198	-31990	-3290	-420	
3938714	12080	47	979	113	16	-1012	176	468	-780	207	-30100	-3430	-420	
3950796	12082	51	975	101	16	-1011	174	466	-780	219	-28140	-3220	-560	
3962879	12083	59	983	101	28	-1008	180	466	-786	208	-25550	-3290	-420	
3974961	12082	23	967	98	14	-1009	165	459	-790	223	-24780	-3150	-490	
3987043	12082	59	979	109	27	-1009	171	468	-784	228	-23660	-3150	-630	
3999127	12084	55	959	105	24	-1004	192	466	-780	231	-22680	-4340	0	
4011205	12078	31	971	74	21	-1003	188	472	-774	232	-24220	-8610	140	
4023290	12085	35	956	113	27	-1007	154	463	-778	232	-24360	-9380	0	
4035369	12079	47	956	70	15	-1006	146	475	-777	237	-23940	-9730	-70	
4047452	12083	23	1010	31	-2	-1024	102	469	-774	241	-23380	-9520	-140	
4059532	12080	35	1002	59	7	-1031	92	472	-769	243	-16100	-4550	-560	
4071619	12087	43	991	66	-11	-1029	118	475	-777	241	-11900	-2240	-770	
4083699	12080	43	983	59	15	-1014	133	471	-781	246	-9100	-1680	-770	
4095779	12080	35	983	66	16	-1012	135	468	-772	241	-8470	-1750	-840	
4107861	12082	43	983	74	13	-1014	133	474	-780	250	-8050	-2030	-840	
4119943	12082	43	979	78	14	-1014	134	469	-778	252	-7560	-2170	-840	
4132025	12082	51	979	55	16	-1008	137	463	-772	249	-8190	-2240	-840	
4144108	12083	43	971	43	15	-1010	133	465	-777	256	-9380	-2240	-840	
4156189	12081	43	983	74	14	-1011	130	471	-768	249	-11480	-2240	-840	
4168272	12083	39	983	62	15	-1008	122	472	-774	250	-12810	-2310	-840	
4180354	12082	39	991	55	14	-1027	102	469	-772	252	-12180	-2380	-910	
4192437	12083	39	979	43	18	-1017	106	469	-768	256	-9310	-1750	-1120	
4204517	12080	27	971	55	14	-1008	121	460	-774	253	-10010	-1330	-1120	
4216600	12083	47	987	66	13	-1018	107	471	-772	255	-10430	-1050	-1540	
4228680	12080	39	983	59	13	-1016	118	471	-765	264	-10010	-700	-1820	
4240760	12080	35	983	51	12	-1019	115	472	-769	276	-11270	-210	-3360	
4252841	12081	59	991	51	11	-1020	120	472	-769	270	-15330	-210	-4340	
4264924	12083	39	995	78	9	-945	128	465	-768	267	-16730	-1540	-4410	
4277006	12082	0	1022	74	9	-1042	116	465	-765	270	-16100	-3290	-980	
4289088	12082	27	991	86	15	-1032	97	469	-766	274	-11970	-6580	-350	
4301169	12081	70	991	66	34	-1029	122	465	-762	270	-2590	-8610	0	
4313251	12082	113	1092	35	27	-1026	142	465	-765	271	-1190	-11060	560	
4325332	12081	125	1045	-15	14	-1010	173	466	-771	271	0	-12670	70	
4337416	12084	27	991	51	6	-1032	172	472	-768	273	3640	-21700	420	
4349500	12084	43	975	78	18	-973	131	469	-766	268	-3990	-22680	1680	
4361583	12083	27	956	8	10	-997	36	474	-759	265	-11620	-21560	1610	
4373665	12082	59	987	-85	22	-1037	-70	472	-757	280	-19320	-16800	700	
4385745	12080	51	1037	-89	23	-1076	-100	481	-762	271	-17570	-840	-910	
4397826	12081	39	971	31	22	-1034	37	469	-760	277	-1960	1470	-1120	
4409909	12083	39	975	51	15	-1000	134	474	-765	273	-4550	770	-980	
4421991	12082	31	967	66	14	-1002	117	478	-754	268	-8260	-1330	-700	
4434073	12082	59	920	74	33	-983	66	472	-760	277	-17290	420	980	
4446154	12081	55	913	98	35	-950	125	472	-754	277	-21000	-1400	4480	
4458236	12082	-22	920	140	-30	-1023	84	471	-754	288	-27370	-3920	420	
4470319	12083	8	1002	98	-1	-1020	128	474	-757	289	-29260	-5460	-840	
4482400	12081	51	952	-15	23	-1007	46	472	-753	292	-31500	-7700	-980	
4494485	12085	47	995	129	14	-1019	58	478	-754	306	-31920	-7420	-1120	
4506564	12079	55	1026	-3	-1	-1000	34	475	-747	300	-30380	-10780	-980	
4518648	12084	62	991	-58	26	-1075	79	478	-748	304	-32410	-10850	-560	
4530730	12082	148	768	-877	61	-1044	-235	480	-745	312	700	-5390	-700	
4542814	12084	59	940	-194	14	-1041	-92	484	-747	312	1050	4340	-1120	
4554896	12082	59	1014	-97	12	-1017	87	474	-747	306	0	4830	-910	
4566976	12080	43	1002	-15	5	-1020	68	469	-748	303	-560	1890	-770	
4579058	12082	12	983	-3	8	-1019	48	481	-745	315	-350	-1120	-770	
4591139	12081	55	987	-30	2	-1017	46	475	-750	295	-350	-1610	-770	
4603220	12081	27	991	-26	2	-1018	46	478	-757	307	-140	-1400	-770	
4615299	12079	39	987	-26	15	-1018	39	472	-756	304	-210	-1890	-770	
4627380	12081	47	987	-22	15	-1018	40	477	-745	298	-210	-2100	-840	
4639463	12083	31	983	-15	15	-1018	38	480	-744	303	-210	-2100	-840	
4651544	12081	39	983	-15	14	-1018	39	478	-748	310	-280	-2100	-770	
4663629	12085	47	987	-19	14	-1019	39	481	-753	307	-210	-2240	-840	
4675708	12079	51	987	4	19	-1018	50	475	-751	298	-70	-4550	-700	
4687791	12083	51	979	-11	26	-1018	44	469	-750	303	210	-6370	-700	
4699872	12081	55	998	-30	28	-1016	33	475	-750	303	-210	-6370	-630	
4711954	12082	39	963	-54	-8	-1018	32	477	-750	300	-350	-5040	-770	
4724039	12085	51	983	-69	18	-1018	32	481	-750	301	-490	-2310	-700	
4736120	12081	27	991	-34	5	-1018	34	478	-751	301	-140	-2100	-840	
4748202	12082	43	979	-15	15	-1019	36	478	-747	304	-280	-2100	-770	
4760283	12081	35	975	-7	16	-1016	43	475	-756	301	-210	-2030	-840	
4772364	12081	35	983	-26	15	-1019	37	469	-747	298	-140	-2100	-770	
4784444	12080	35	987	-19	16	-1017	42	477	-748	295	-350	-2030	-770	
4796525	12081	43	991	-22	15	-1016	40	477	-748	298	-210	-2030	-770	
4808606	12081	39	983	-19	14	-1019	39	472	-745	304	-210	-2100	-770	
4820688	12082	35	983	8	15	-1018	40	483	-753	309	-280	-2100	-770	
4832769	12081	47	983	-42	15	-1018	39	471	-757	306	-210	-2030	-770	
4844851	12082	43	983	-22	15	-1018	38	474	-754	306	-210	-2100	-770	
4856932	12081	39	991	-30	14	-1018	37	469	-747	303	-280	-2030	-770	
4869012	12080	35	983	-34	15	-1018	39	481	-748	315	-280	-2030	-770	
4881092	12080	47	983	-19	15	-1019	39	478	-748	303	-210	-2100	-770	
4893169	12077	47	987	-30	14	-1018	38	475	-753	306	-280	-2030	-770	
4905254	12085	31	983	-15	15	-1018	39	484	-744	303	-210	-2170	-770	
4917335	12081	43	983	-11	14	-1018	39	480	-745	294	-210	-2100	-770	
4929413	12078	43	983	-15	15	-1018	39	483	-745	312	-210	-2100	-770	
4941493	12080	39	983	-19	15	-1017	39	472	-750	312	-210	-2100	-770	
4953576	12083	47	991	-19	16	-1018	39	481	-754	310	-280	-2170	-770	
4965660	12084	43	991	-19	15	-1017	39	477	-754	298	-280	-2100	-770	
4977742	12082	35	987	-19	15	-1017	37	480	-747	306	-280	-2100	-770	
4989823	12081	47	991	-15	15	-1018	39	487	-742	309	-210	-2170	-770	
5001906	12083	39	983	-19	14	-1019	38	478	-736	304	-280	-2100	-770	
5013990	12084	39	991	-11	15	-1017	38	474	-753	307	-210	-2030	-770	
5026072	12082	43	987	-22	14	-1018	38	475	-747	303	-210	-2100	-770	
5038152	12080	43	983	-22	14	-1018	38	472	-745	298	-280	-2100	-770	
5050234	12082	43	991	-15	15	-1018	40	481	-753	303	-210	-2100	-770	
5062315	12081	31	983	-30	14	-1017	39	472	-745	300	-210	-2100	-770	
5074397	12082	35	987	-7	14	-1018	39	481	-750	306	-280	-2100	-770	
5086481	12084	47	991	-11	14	-1018	39	480	-754	309	-280	-2030	-770	
5098561	12080	47	987	-15	15	-1017	39	477	-744	303	-210	-2100	-770	
5110644	12083	47	979	-7	15	-1018	38	483	-750	309	-280	-2030	-770	
5122725	12081	43	983	-15	16	-1017	38	477	-744	298	-210	-2100	-700	
5134808	12083	47	987	-11	16	-1017	39	475	-750	304	-210	-2170	-770	
5146891	12083	39	987	-19	15	-1018	39	484	-747	303	-210	-2100	-770	
5158973	12082	43	983	-22	15	-1017	38	475	-745	303	-210	-2100	-840	
5171056	12083	35	991	-15	15	-1018	38	478	-744	304	-210	-2100	-840	
5183138	12082	51	987	-15	14	-1018	39	478	-748	303	-210	-2170	-840	
5195220	12082	51	987	-19	13	-1018	39	481	-751	309	-210	-2100	-770	
5207300	12080	43	987	-30	14	-1018	39	483	-750	300	-210	-2100	-840	
5219381	12081	43	987	-34	14	-1017	38	478	-754	304	-280	-2100	-770	
5231462	12081	43	983	-7	15	-1019	38	472	-748	307	-350	-2030	-770	
5243546	12084	39	987	-11	14	-1018	38	471	-748	304	-210	-2030	-770	
5255631	12085	43	983	-15	14	-1018	38	480	-744	307	-280	-2100	-770	
5267717	12086	43	991	16	15	-1018	39	477	-750	301	-210	-2030	-770	
5279797	12080	31	987	-19	15	-1018	40	481	-748	306	-280	-2100	-770	
5291879	12082	47	987	-11	15	-1018	39	478	-750	301	-210	-2030	-770	
5303960	12081	35	983	-19	15	-1018	39	478	-747	298	-280	-2030	-770	
5316043	12083	43	979	-26	16	-1018	38	474	-744	312	-280	-2030	-770	
5328125	12082	43	991	-34	14	-1017	41	475	-750	307	-210	-2100	-770	
5340206	12081	31	983	-22	15	-1017	39	480	-759	304	-280	-2030	-770	
5352289	12083	35	987	-7	15	-1018	40	474	-754	306	-280	-2100	-770	
5364368	12079	47	987	-15	15	-1017	39	477	-744	303	-210	-2170	-770	
5376450	12082	47	991	-11	15	-1018	40	475	-750	303	-280	-2030	-770	
5388535	12085	43	991	-30	15	-1017	37	469	-751	310	-210	-2100	-770	
5400614	12079	39	983	-46	14	-1017	38	481	-745	307	-280	-2170	-770	
5412694	12080	51	991	-11	14	-1018	38	474	-748	300	-280	-2030	-770	
5424774	12080	39	983	-34	15	-1018	39	486	-750	310	-280	-2100	-770	
5436855	12081	43	983	-11	15	-1017	39	480	-751	304	-280	-2100	-770	
5448936	12081	35	987	-22	15	-1019	40	475	-750	301	-210	-2100	-770	
5461020	12084	43	987	-11	15	-1018	39	478	-747	307	-210	-2100	-770	
5473100	12080	39	983	-11	16	-1018	38	475	-748	298	-210	-2170	-770	
5485180	12080	35	991	-42	16	-1019	38	478	-754	307	-210	-2100	-770	
5497260	12080	31	983	-19	15	-1018	38	477	-747	303	-210	-2100	-770	
5509339	12079	31	991	-30	15	-1018	38	478	-748	310	-210	-2100	-840	
5521417	12078	39	987	-19	15	-1018	37	474	-750	306	-280	-2030	-770	
5533499	12082	39	991	-19	14	-1017	38	472	-750	300	-210	-2170	-840	
5545583	12084	39	983	-15	14	-1018	39	483	-748	306	-210	-2100	-770	
5557663	12080	39	987	-22	15	-1017	38	472	-748	307	-280	-2030	-770	
5569745	12082	35	983	-7	15	-1018	39	477	-756	309	-210	-2100	-770	
5581826	12081	43	983	-26	15	-1018	39	471	-739	301	-210	-2100	-770	
5593909	12083	27	983	-15	14	-1018	39	474	-751	303	-280	-2030	-770	
5605990	12081	39	991	-7	15	-1017	40	471	-751	303	-280	-2100	-770	
5618075	12085	43	991	-11	15	-1018	39	478	-739	301	-210	-2170	-770	
5630154	12079	31	995	-22	14	-1018	40	489	-750	306	-280	-2030	-770	
5642238	12084	39	983	-22	16	-1018	40	477	-753	301	-210	-2100	-770	
5654319	12081	35	987	-22	16	-1018	38	477	-741	304	-210	-2100	-840	
5666401	12082	39	987	-7	15	-1018	38	477	-745	312	-280	-2030	-770	
5678482	12081	51	987	-19	15	-1017	38	478	-747	309	-210	-2100	-840	
5690561	12079	35	987	-30	14	-1017	38	483	-750	307	-210	-2100	-840	
5702640	12079	43	983	-26	15	-1018	38	478	-747	301	-280	-2030	-770	
5714721	12081	27	987	-19	14	-1019	38	472	-759	306	-210	-2100	-770	
5726805	12084	35	983	-7	14	-1018	39	480	-750	306	-210	-2100	-770	
5738887	12082	51	979	-3	14	-1018	39	478	-754	295	-210	-2100	-770	
5750969	12082	47	983	-3	15	-1019	39	483	-748	306	-280	-2100	-770	
5763052	12083	51	987	-26	15	-1018	40	477	-745	307	-210	-2170	-770	
5775131	12079	39	983	-19	15	-1018	40	483	-748	316	-280	-2030	-770	
5787210	12079	43	987	-11	16	-1018	40	480	-747	312	-210	-2100	-840	
5799291	12081	43	975	-15	15	-1018	40	475	-744	298	-210	-2100	-770	
5811373	12082	47	987	-19	16	-1018	40	474	-750	303	-280	-2030	-770	
5823457	12084	43	983	-19	16	-1018	38	474	-745	303	-210	-2100	-770	
5835538	12081	35	991	-30	16	-1017	39	484	-753	300	-210	-2100	-840	
5847621	12083	35	987	-7	15	-1017	38	481	-750	300	-280	-2030	-770	
5859704	12083	39	979	-46	15	-1018	38	480	-745	301	-280	-2100	-840	
5871785	12081	43	987	-19	14	-1017	40	483	-745	309	-210	-2100	-770	
5883868	12083	47	983	-11	14	-1018	39	480	-747	301	-280	-2030	-770	
5895950	12082	39	983	-11	14	-1018	40	474	-750	312	-280	-2100	-770	
5908033	12083	43	991	-19	14	-1018	38	475	-750	304	-210	-2100	-770	
5920113	12080	51	983	-22	15	-1018	39	484	-754	307	-210	-2100	-770	
5932193	12080	39	991	-30	15	-1017	38	478	-756	307	-210	-2100	-770	
5944274	12081	31	983	-26	15	-1018	40	480	-744	301	-210	-2170	-770	
5956354	12080	43	983	-15	16	-1018	39	481	-757	298	-280	-2100	-770	
5968435	12081	47	987	-15	15	-1018	40	478	-751	307	-280	-2100	-770	
5980518	12083	47	983	-19	16	-1018	41	480	-757	306	-210	-2170	-840	
5992603	12085	55	983	-26	15	-1017	39	477	-750	300	-280	-2030	-770	
6004685	12082	39	971	-3	15	-1018	39	475	-747	301	-210	-2100	-770	
6016769	12084	35	983	-19	14	-1017	40	484	-751	310	-210	-2170	-770	
6028853	12084	47	987	-15	15	-1017	38	477	-748	307	-210	-2100	-840	
6040935	12082	47	987	-30	15	-1018	38	472	-747	307	-280	-2030	-770	
6053020	12085	43	987	12	14	-1017	38	478	-744	304	-210	-2170	-840	
6065104	12084	31	983	-30	15	-1017	39	481	-748	306	-210	-2100	-770	
6077184	12080	35	983	-7	15	-1018	38	483	-750	310	-210	-2030	-770	
6089265	12081	47	991	-26	15	-1018	38	477	-754	300	-210	-2100	-770	
6101344	12079	47	987	-30	15	-1018	39	472	-750	300	-210	-2100	-770	
6113427	12083	47	995	-19	15	-1018	38	481	-750	298	-280	-2100	-770	
6125508	12081	51	987	-30	17	-1016	39	474	-748	301	-280	-2100	-840	
6137591	12083	35	987	-30	15	-1018	39	483	-747	303	-210	-2100	-840	
6149674	12083	39	983	-15	15	-1017	41	477	-753	304	-210	-2100	-770	
6161754	12080	43	987	-19	14	-1018	39	480	-750	312	-210	-2100	-770	
6173838	12084	47	995	-11	14	-1017	39	487	-750	300	-280	-2100	-770	
6185917	12079	43	991	-22	14	-1018	39	475	-747	303	-280	-2030	-700	
6197998	12081	43	995	-26	15	-1018	38	474	-747	309	-210	-2170	-770	
6210078	12080	51	983	-11	15	-1017	37	475	-747	304	-280	-2100	-840	
6222158	12080	47	987	-19	15	-1018	38	481	-750	307	-280	-2030	-770	
6234240	12082	47	987	-22	15	-1017	38	475	-742	301	-210	-2100	-840	
6246321	12081	55	983	-15	15	-1018	39	477	-754	304	-140	-2100	-840	
6258401	12080	35	979	-11	14	-1019	38	472	-744	294	0	-2240	-840	
6270484	12083	43	991	-3	9	-1014	47	477	-745	295	-70	-2240	-840	
6282565	12081	23	979	4	-13	-1023	57	481	-747	300	-770	-5250	-630	
6294649	12084	59	983	-34	16	-1016	30	477	-744	301	70	-8120	-630	
6306730	12081	51	987	-7	33	-1018	35	477	-747	295	-280	-4550	-770	
6318814	12084	39	987	-3	9	-1020	36	481	-747	304	-280	-3710	-840	
6330896	12082	31	991	16	8	-1030	75	481	-747	304	0	-4270	-980	
6342977	12081	39	1006	23	-1	-1047	84	472	-756	303	-1470	-9450	-4620	
6355064	12087	31	1135	23	-3	-1027	72	474	-754	297	-1260	-12250	-3080	
6367144	12080	47	987	-34	27	-1011	3	483	-756	307	210	-9940	-770	
6379227	12083	39	987	-42	19	-1017	7	480	-742	298	-350	-6370	-700	
6391305	12078	35	983	-26	13	-1017	26	474	-750	310	-140	-3710	-630	
6403385	12080	55	971	12	23	-1019	44	478	-742	307	70	-4060	-490	
6415467	12082	43	971	0	20	-1008	40	478	-747	300	350	-5530	910	
6427549	12082	43	975	-38	24	-1012	23	486	-742	304	630	-5810	2310	
6439630	12081	-38	1256	140	18	-1036	10	475	-751	297	210	-2660	630	
6451713	12083	23	1053	12	7	-1027	42	489	-757	300	-70	-2170	-770	
6463794	12081	43	991	-7	2	-1029	70	480	-751	300	700	-2730	-910	
6475876	12082	23	991	20	7	-1024	61	480	-745	300	3990	-6090	-630	
6487958	12082	51	1006	-30	11	-1028	42	483	-753	309	10080	-10500	-560	
6500043	12085	47	998	20	9	-1036	41	483	-745	291	13160	-12460	-840	
6512127	12084	39	956	4	22	-1006	42	481	-750	307	15050	-14140	-770	
6524211	12084	27	932	98	28	-1017	6	484	-750	301	14490	-12740	-280	
6536292	12081	39	979	-34	20	-1011	36	481	-748	291	11480	-7000	-350	
6548375	12083	51	998	-34	21	-1012	36	484	-745	286	9100	-4760	-490	
6560458	12083	47	979	20	14	-1013	62	480	-741	289	6650	-2380	-630	
6572543	12085	39	987	4	15	-1013	58	487	-754	294	4900	-1750	-700	
6584626	12083	35	991	-7	16	-1017	52	487	-757	288	3640	-910	-700	
6596706	12080	39	991	-3	11	-1023	47	481	-748	289	5390	-1610	-630	
6608790	12084	39	998	-7	14	-1030	41	484	-747	285	8120	-1890	-700	
6620873	12083	43	998	-3	16	-1028	44	480	-747	282	12040	-2100	-630	
6632958	12085	35	987	16	15	-1020	59	483	-753	282	16380	-1890	-560	
6645041	12083	47	983	31	15	-1016	73	483	-753	277	15960	-1820	-630	
6657124	12083	51	983	-11	16	-1013	77	487	-762	279	15400	-1750	-700	
6669207	12083	47	975	8	22	-1007	67	487	-756	280	14210	-1330	-770	
6681290	12083	43	979	55	16	-1010	84	486	-753	270	9450	630	-840	
6693369	12079	43	983	12	9	-1012	80	481	-756	280	8330	-770	-770	
6705452	12083	31	991	31	8	-1021	96	478	-757	271	7700	-1120	-770	
6717532	12080	35	983	23	13	-1021	80	481	-757	268	8680	-2240	-840	
6729619	12087	47	983	31	13	-1022	78	480	-756	271	11550	-2380	-840	
6741699	12080	47	983	20	14	-1019	95	478	-759	265	12110	-2310	-840	
6753779	12080	39	983	39	15	-1009	102	480	-759	264	11060	-2170	-700	
6765861	12082	39	979	31	14	-1011	101	478	-754	268	9170	-2030	-770	
6777943	12082	31	979	51	15	-1010	105	474	-759	273	6090	-2100	-770	
6790025	12082	47	983	47	15	-1012	98	483	-751	265	4900	-2030	-700	
6802108	12083	27	983	35	15	-1017	96	480	-753	267	4690	-2030	-770	
6814189	12081	47	987	43	16	-1017	97	480	-759	256	5110	-2100	-770	
6826272	12083	47	983	35	15	-1019	95	481	-757	262	6370	-2170	-770	
6838354	12082	47	991	27	15	-1017	100	483	-759	259	7630	-2170	-770	
6850437	12083	35	979	47	14	-1017	102	487	-757	252	8470	-2380	-770	
6862517	12080	39	983	51	14	-1018	99	486	-759	256	9170	-2520	-700	
6874600	12083	39	995	47	13	-1019	99	475	-762	253	11760	-3080	-630	
6886680	12080	47	987	51	13	-1020	99	475	-762	255	13440	-3150	-700	
6898760	12080	51	987	59	15	-1020	104	484	-765	250	15190	-2590	-700	
6910841	12081	43	995	47	14	-1020	106	480	-760	246	16800	-2170	-630	
6922924	12083	31	979	43	16	-1018	110	481	-759	246	20020	-1960	-700	
6935006	12082	47	979	51	15	-1017	121	480	-763	235	21560	-1890	-630	
6947088	12082	43	987	86	14	-1013	130	484	-760	246	22680	-2030	-630	
6959169	12081	47	995	66	13	-1014	136	478	-765	237	23310	-3640	-350	
6971251	12082	43	987	59	16	-1017	129	489	-768	241	25410	-3290	-420	
6983332	12081	55	979	90	16	-1011	149	477	-766	235	26390	-3500	-420	
6995415	12083	51	979	78	15	-1013	148	480	-771	229	26740	-3780	-420	
7007498	12083	27	971	105	14	-1009	157	487	-771	226	26880	-3360	-490	
7019577	12079	47	983	105	15	-1008	165	480	-775	225	26670	-3850	-420	
7031660	12083	47	983	121	15	-1008	156	483	-774	213	26880	-3920	-490	
7043742	12082	55	963	62	19	-1002	149	477	-775	211	26040	-2730	-700	
7055823	12081	27	995	160	12	-1013	173	478	-775	210	26250	-560	-980	
7067906	12083	47	983	117	14	-1016	191	480	-771	196	29890	-1610	-840	
7079986	12080	47	971	129	14	-1006	193	480	-781	204	30870	-1610	-910	
7092066	12080	35	967	148	13	-1003	200	480	-777	186	31500	-1960	-770	
7104147	12081	51	971	133	14	-1002	198	477	-775	192	31500	-2870	-560	
7116230	12083	55	952	59	17	-993	179	481	-778	190	27300	-1330	-840	
7128310	12080	43	991	164	13	-999	223	468	-775	181	25830	-980	-980	
7140391	12081	51	948	82	28	-993	187	483	-778	186	23590	-1400	-1050	
7152475	12084	59	967	199	20	-991	213	472	-777	178	18130	-490	-980	
7164557	12082	47	920	16	4	-1005	277	480	-780	180	20790	-2800	-560	
7176639	12082	140	1057	109	29	-992	164	484	-784	174	11480	210	-1680	
7188721	12082	-34	835	164	1	-1001	220	483	-787	162	5390	4060	-2380	
7200802	12081	23	850	277	25	-998	250	474	-790	172	10500	4620	-1680	
7212884	12082	55	854	70	0	-1008	317	477	-784	168	21700	-1050	-630	
7224966	12082	47	928	125	18	-992	204	478	-787	163	27090	-4130	-490	
7237047	12081	59	920	296	21	-982	209	475	-790	163	19180	-2730	-1540	
7249130	12083	4	959	281	4	-1002	313	475	-790	148	24500	-3430	0	
7261216	12086	20	917	296	17	-993	268	477	-795	159	27440	-4130	0	
7273297	12081	31	971	218	13	-981	197	478	-790	145	27510	-3710	-210	
7285377	12080	47	1006	105	15	-983	272	477	-787	151	19110	70	-1890	
7297462	12085	70	881	113	13	-981	254	471	-790	144	4970	2240	-2520	
7309543	12081	23	995	281	27	-981	299	475	-793	136	5250	2870	-2310	
7321626	12083	20	971	234	13	-987	285	481	-793	145	14770	-70	-980	
7333707	12081	47	936	257	9	-988	272	477	-796	133	20510	-1890	-420	
7345791	12084	43	1010	195	20	-998	293	475	-790	135	26670	-3570	-280	
7357872	12081	62	956	215	12	-993	279	477	-795	127	30380	-3780	-140	
7369953	12081	47	963	234	20	-992	285	483	-798	123	33390	-2380	-630	
7382035	12082	43	952	261	17	-986	300	477	-795	120	37170	-1470	-1330	
7394114	12079	55	948	265	16	-977	306	475	-799	121	38850	-560	-1470	
7406198	12084	39	948	261	15	-972	327	472	-798	100	38220	-700	-1400	
7418277	12079	43	936	265	14	-972	328	475	-801	99	38570	-1330	-1120	
7430356	12079	43	936	265	16	-970	331	478	-792	97	38780	-1680	-1190	
7442440	12084	43	936	289	14	-969	338	471	-801	100	38150	-1050	-560	
7454520	12080	113	846	242	33	-928	350	474	-798	91	34160	-350	2450	
7466603	12083	31	928	300	9	-968	362	478	-802	79	31500	-210	3150	
7478686	12083	35	936	300	12	-962	365	472	-796	82	32550	-1190	3010	
7490764	12078	113	995	156	0	-954	384	480	-801	72	18130	-770	840	
7502846	12082	8	850	355	33	-962	319	480	-805	73	-490	4480	-3080	
7514928	12082	39	940	238	6	-1002	411	472	-799	75	9940	4690	-3500	
7527012	12084	70	959	312	4	-981	409	468	-796	67	22750	2380	-2800	
7539093	12081	62	928	293	15	-955	354	477	-796	66	33530	1050	-3290	
7551171	12078	90	924	480	26	-942	395	480	-807	57	27860	2660	-3640	
7563257	12086	74	936	254	11	-941	431	474	-807	49	24640	3010	-3430	
7575339	12082	35	889	273	16	-940	410	477	-804	51	25550	1190	-2870	
7587419	12080	-11	924	406	13	-947	400	474	-805	48	22750	2940	-3710	
7599500	12081	47	858	254	35	-944	420	477	-802	43	20510	5670	-4620	
7611581	12081	43	878	558	25	-945	412	477	-804	49	20930	6230	-5110	
7623663	12082	39	889	382	8	-937	428	469	-810	40	21910	6230	-5250	
7635743	12080	-19	893	386	9	-944	439	474	-805	34	24850	4760	-4970	
7647826	12083	27	878	355	22	-944	444	466	-817	33	25550	4550	-5110	
7659909	12083	-3	866	413	5	-905	485	469	-808	30	24920	3290	-4410	
7671992	12083	31	893	382	11	-918	452	471	-813	25	23590	280	-2660	
7684076	12084	23	889	378	4	-923	458	468	-810	22	21000	-560	-2310	
7696156	12080	39	893	371	9	-927	447	462	-811	24	20300	-1050	-2030	
7708236	12080	43	893	390	12	-932	443	457	-802	10	20650	-1540	-1890	
7720321	12085	43	889	390	16	-931	444	468	-808	13	21840	-1890	-1750	
7732402	12081	39	913	394	14	-940	441	460	-808	6	25900	-1680	-2310	
7744482	12080	35	920	390	14	-937	445	457	-811	9	30240	-1470	-3010	
7756565	12083	43	870	398	15	-924	461	465	-808	-1	33740	-1680	-3150	
7768645	12080	51	858	413	18	-902	481	463	-810	0	35350	-2030	-2590	
7780728	12083	39	870	410	19	-898	487	466	-802	-9	32480	-2100	-2100	
7792812	12084	51	874	433	25	-915	483	460	-811	-13	33250	-2170	-1050	
7804893	12081	43	874	417	19	-909	486	457	-807	-15	35280	-2520	-700	
7816975	12082	43	866	425	20	-898	498	465	-810	-18	36680	-2520	-490	
7829056	12081	47	858	449	19	-896	502	466	-807	-31	36260	-2100	-770	
7841138	12082	62	866	468	19	-903	505	457	-807	-33	37240	-2100	-980	
7853221	12083	47	858	460	19	-892	515	462	-810	-39	39270	-2240	-1050	
7865301	12080	47	850	460	20	-886	522	456	-805	-46	41370	-2170	-560	
7877384	12083	39	854	464	18	-884	527	466	-801	-45	42140	-2170	-560	
7889467	12083	43	827	491	20	-872	541	459	-804	-61	42560	-2100	-490	
7901550	12083	47	839	488	20	-871	546	460	-801	-63	42770	-1890	-280	
7913633	12083	51	862	480	17	-889	537	460	-805	-70	48160	-1960	-210	
7925719	12086	43	842	480	17	-888	537	454	-799	-75	52640	-1820	-700	
7937799	12080	51	807	534	20	-846	583	457	-799	-84	54040	-1610	-630	
7949883	12084	27	780	530	16	-837	592	459	-795	-88	53130	-1330	-630	
7961963	12080	39	792	538	17	-824	610	456	-798	-102	48930	-1820	-350	
7974047	12084	35	764	554	17	-816	623	454	-793	-109	45220	-2590	210	
7986130	12083	55	764	562	16	-806	646	460	-790	-112	41440	-4550	1820	
7998216	12086	35	788	573	21	-820	624	456	-792	-109	39760	-7070	2940	
8010297	12081	51	780	566	20	-816	633	453	-798	-121	38500	-7700	3500	
8022377	12080	27	749	624	21	-807	631	466	-789	-127	37030	-7490	3430	
8034462	12085	43	753	534	17	-808	644	457	-789	-133	34720	-7420	3570	
8046543	12081	43	768	577	19	-809	635	460	-792	-135	33460	-6930	3080	
8058626	12083	47	764	558	21	-807	638	456	-792	-139	31640	-5250	1820	
8070707	12081	55	757	581	14	-797	657	460	-789	-147	30870	-4900	1470	
8082791	12084	47	764	577	9	-808	647	456	-784	-154	30520	-3710	420	
8094872	12081	47	733	608	15	-783	672	457	-780	-157	28980	-2240	-1120	
8106953	12081	43	733	616	21	-763	685	447	-775	-159	22820	-1610	-1190	
8119035	12082	47	714	632	19	-763	689	460	-771	-160	19460	-1890	-560	
8131114	12079	43	725	601	16	-783	677	456	-777	-157	15820	-1680	-350	
8143198	12084	39	753	605	14	-795	668	454	-777	-162	15470	-1750	-910	
8155277	12079	39	741	597	17	-789	671	459	-775	-168	19880	-2100	-910	
8167356	12079	47	749	636	18	-781	677	459	-771	-178	21700	-2310	-630	
8179440	12084	47	753	620	16	-793	669	459	-775	-178	24500	-2730	-420	
8191520	12080	43	753	624	17	-794	666	459	-768	-180	28980	-2870	-840	
8203603	12083	43	757	624	16	-786	674	456	-774	-186	37520	-2380	-1190	
8215686	12083	43	718	644	18	-769	687	450	-768	-184	40180	-2380	-910	
8227764	12078	51	710	655	20	-741	712	454	-760	-205	42280	-2940	70	
8239846	12082	39	718	659	17	-747	713	448	-766	-198	43260	-3290	980	
8251928	12082	55	698	647	18	-739	716	447	-762	-208	43260	-3080	1050	
8264012	12084	43	694	651	18	-738	726	462	-762	-205	44870	-3290	1400	
8276093	12081	55	698	690	19	-729	732	456	-757	-223	46270	-3360	1470	
8288171	12078	47	679	675	17	-723	742	451	-757	-228	46410	-2940	700	
8300257	12086	47	679	683	18	-713	748	453	-754	-235	47320	-3360	630	
8312339	12082	51	640	686	16	-699	786	456	-754	-235	45920	-3430	770	
8324419	12080	51	636	753	28	-685	742	459	-750	-241	44170	-4270	1890	
8336501	12082	23	698	725	-4	-741	757	454	-744	-255	42490	-2870	-1470	
8348582	12081	39	647	706	11	-719	752	459	-738	-256	47110	-1330	-2940	
8360665	12083	47	647	698	19	-683	775	457	-738	-261	50470	-1750	-2240	
8372745	12080	47	608	718	19	-655	792	451	-741	-276	52710	-2240	-1820	
8384828	12083	39	612	725	17	-654	800	457	-739	-285	52640	-2310	-1540	
8396910	12082	47	612	729	18	-647	799	450	-732	-288	50820	-1750	-1610	
8408994	12084	47	601	749	19	-638	820	459	-730	-288	50260	-1610	-1470	
8421078	12084	39	585	753	22	-616	824	454	-727	-304	48720	-1540	-1330	
8433157	12079	43	566	741	19	-618	826	448	-715	-307	47180	-1470	-560	
8445240	12083	55	562	772	20	-609	831	448	-714	-309	45360	-1540	-280	
8457320	12080	51	569	768	19	-608	832	450	-718	-318	44800	-1540	-350	
8469400	12080	43	566	780	20	-585	852	453	-711	-327	45150	-1470	-420	
8481482	12082	43	542	796	19	-575	865	453	-699	-334	43750	-2380	770	
8493565	12083	35	488	761	20	-571	871	448	-700	-337	44170	-3710	2450	
8505645	12080	31	546	792	22	-569	861	451	-702	-343	42140	-3570	2870	
8517728	12083	43	542	807	12	-581	865	451	-693	-342	40600	-3360	1260	
8529812	12084	51	527	788	17	-572	863	451	-691	-346	39900	-2730	-630	
8541893	12081	43	523	831	12	-563	874	445	-688	-358	37380	-2660	-1190	
8553975	12082	62	456	858	19	-499	887	448	-682	-363	37100	-3710	70	
8566056	12081	-54	363	928	15	-491	888	441	-679	-363	38290	-4620	2660	
8578139	12083	23	484	940	7	-546	923	453	-675	-378	37380	-6090	5810	
8590220	12081	39	468	862	33	-496	881	451	-667	-378	37170	-7000	8190	
8602302	12082	70	367	679	14	-509	918	453	-667	-379	37520	-8540	11060	
8614384	12082	70	577	725	23	-533	864	445	-664	-393	35070	-8470	11760	
8626467	12083	4	468	823	0	-561	899	450	-663	-388	30800	-5810	6440	
8638550	12083	-22	519	893	28	-556	852	454	-657	-388	27300	-3220	3010	
8650635	12085	74	425	792	-10	-512	874	445	-657	-382	30380	-3010	280	
8662721	12086	16	480	831	12	-547	872	451	-649	-399	34510	-2030	-280	
8674803	12082	39	523	823	0	-539	895	453	-649	-394	35350	-140	-6020	
8686884	12081	47	437	862	17	-475	904	439	-639	-409	37730	490	-5810	
8698966	12082	39	441	835	18	-490	921	450	-640	-408	37940	280	-5180	
8711047	12081	59	417	831	20	-453	904	447	-639	-412	37870	280	-6020	
8723130	12083	59	425	831	17	-465	938	444	-639	-420	34860	1890	-7630	
8735216	12086	82	464	897	13	-468	921	445	-631	-420	35210	2450	-9030	
8747297	12081	47	421	870	10	-450	947	448	-633	-415	35910	2800	-9870	
8759377	12080	59	398	889	22	-423	929	448	-622	-435	36750	1820	-9100	
8771462	12085	35	351	893	15	-411	949	445	-619	-441	41370	-560	-3570	
8783543	12081	55	347	991	37	-401	937	447	-622	-442	47460	-1400	-1890	
8795626	12083	55	410	932	26	-444	918	442	-607	-445	51590	-1820	0	
8807707	12081	86	515	831	-7	-435	975	445	-612	-460	50260	-770	-1260	
8819791	12084	12	363	936	36	-368	918	448	-604	-460	56070	-840	-1400	
8831872	12081	101	316	694	5	-403	953	447	-595	-472	59430	-1400	-2940	
8843953	12081	55	304	792	33	-359	960	447	-583	-471	59780	-1890	-3920	
8856035	12082	62	335	839	17	-383	983	447	-580	-480	53270	-210	-4340	
8868114	12079	-61	140	909	15	-285	968	445	-574	-480	46830	-420	-3850	
8880193	12079	20	176	991	11	-303	1013	444	-576	-486	45710	-2100	-770	
8892275	12082	39	328	959	25	-302	993	444	-558	-495	48720	-2660	3290	
8904356	12081	-30	289	1053	4	-342	988	436	-559	-502	49000	-2870	5460	
8916439	12083	31	363	963	17	-345	1006	444	-543	-504	40180	-2450	1890	
8928521	12082	20	289	940	20	-308	1002	444	-550	-510	33180	-2310	630	
8940605	12084	51	254	924	10	-283	995	445	-537	-507	28420	-2800	-210	
8952688	12083	55	238	924	14	-295	991	441	-538	-505	28630	-3360	630	
8964768	12080	43	273	928	15	-315	986	445	-531	-510	26530	-2590	560	
8976851	12083	43	218	932	15	-281	995	444	-538	-513	25270	-2240	140	
8988932	12081	59	234	917	17	-265	1004	439	-526	-522	23310	-1750	420	
9001013	12081	39	226	959	7	-271	1010	448	-522	-525	21560	-1400	-140	
9013096	12083	55	191	948	16	-252	1011	442	-525	-529	16030	-1610	0	
9025178	12082	43	230	948	23	-243	1010	442	-519	-528	14840	-1680	980	
9037259	12081	43	215	940	16	-255	997	441	-516	-529	15750	-1960	1120	
9049339	12080	43	207	924	16	-249	1002	442	-511	-529	17290	-2450	3080	
9061416	12077	43	218	917	15	-262	1002	445	-510	-532	18130	-2730	3010	
9073497	12081	43	191	917	11	-259	1002	444	-505	-529	17990	-2730	3010	
9085577	12080	47	215	924	13	-243	993	448	-510	-537	19950	-3080	4550	
9097660	12083	66	254	944	8	-268	995	444	-505	-543	22120	-2730	4130	
9109742	12082	39	222	917	7	-267	1001	441	-501	-546	23380	-2380	2240	
9121823	12081	55	148	952	13	-215	1038	442	-504	-538	18970	-2030	1610	
9133906	12083	55	183	948	7	-250	1007	436	-495	-537	13300	-1820	1260	
9145986	12080	47	195	920	13	-249	993	439	-502	-540	13090	-1960	-1260	
9158066	12080	39	207	913	5	-246	999	441	-486	-547	18690	-1890	-2030	
9170147	12081	39	152	944	16	-224	1000	448	-486	-549	21700	-2590	-490	
9182230	12083	51	168	932	15	-215	1016	447	-484	-549	24360	-2940	2310	
9194310	12080	27	152	975	9	-189	1011	439	-483	-553	24220	-3150	5810	
9206391	12081	47	261	1037	6	-159	981	450	-478	-555	31990	-3220	8820	
9218475	12084	31	156	924	7	-246	1022	448	-477	-558	31500	-3710	7210	
9230557	12082	47	144	944	17	-187	1023	445	-475	-561	29680	-3570	5110	
9242639	12082	43	148	948	20	-195	1033	450	-457	-564	27790	-3220	3010	
9254721	12082	39	121	948	11	-165	1041	441	-459	-568	18900	-3220	2520	
9266801	12080	39	109	948	24	-146	1008	456	-456	-565	17710	-3570	4340	
9278883	12082	47	164	936	14	-205	1001	445	-457	-561	19600	-3220	5600	
9290963	12080	43	125	928	-1	-181	1004	444	-454	-562	22610	-2730	4900	
9303047	12084	43	140	975	13	-169	1019	447	-447	-568	26670	-2660	5460	
9315130	12083	66	148	979	0	-157	1012	454	-439	-568	28000	-2450	5180	
9327216	12086	27	121	959	17	-143	1017	445	-442	-576	29540	-2380	4550	
9339297	12081	59	125	952	15	-148	1026	450	-436	-573	30450	-3010	4900	
9351377	12080	35	82	952	19	-163	1017	450	-436	-585	31710	-2730	3570	
9363462	12085	55	82	952	12	-135	1032	456	-426	-589	31500	-2450	2800	
9375543	12081	35	62	948	15	-109	1024	448	-424	-586	30450	-2590	3290	
9387626	12083	55	86	975	11	-126	1014	453	-421	-580	30660	-2450	4760	
9399707	12081	27	70	967	-1	-103	1026	453	-415	-586	32340	-2310	5250	
9411791	12084	16	20	959	10	-99	1043	453	-408	-597	30380	-1820	4830	
9423872	12081	43	4	963	22	-78	1054	451	-397	-594	27160	-1750	3920	
9435953	12081	47	20	956	19	-59	1051	448	-402	-591	21910	-2100	4900	
9448035	12082	-19	-22	924	-7	-29	1013	447	-397	-600	19880	-1750	7560	
9460114	12079	43	78	963	20	-139	1037	450	-391	-591	23030	-2240	7490	
9472198	12084	39	39	936	1	-86	1027	451	-388	-591	23100	-2450	5040	
9484277	12079	62	90	948	-4	-81	1016	451	-384	-598	23520	-2240	3920	
9496356	12079	31	-19	928	-5	-75	1009	453	-385	-597	30870	-2100	4550	
9508439	12083	27	23	963	21	-92	1039	450	-376	-601	35980	-1330	6440	
9520520	12081	55	43	956	13	-79	1033	454	-370	-604	36750	-2030	5810	
9532601	12081	43	12	948	15	-60	1025	453	-372	-607	36330	-1890	4270	
9544684	12083	66	-7	944	4	-49	1035	450	-358	-609	36330	-1890	3990	
9556767	12083	47	-46	956	18	5	1056	456	-342	-612	33460	-1890	4410	
9568849	12082	31	-38	971	9	0	1066	457	-348	-613	28840	-2100	5320	
9580930	12081	82	-81	967	24	28	1103	457	-348	-612	9030	-2240	4620	
9593011	12081	47	-7	1252	21	27	1085	457	-340	-612	-1050	-2870	4200	
9605093	12082	47	-42	917	6	-12	1033	457	-346	-607	-420	-2310	4060	
9617173	12080	35	-30	956	15	-15	1025	456	-348	-613	-210	-1890	3640	
9629257	12084	47	-22	956	17	-38	1037	457	-345	-615	140	-1890	3500	
9641336	12079	47	-3	963	18	-45	1033	456	-343	-604	280	-1750	2660	
9653416	12080	39	4	959	22	-33	1033	451	-342	-609	700	-1190	1820	
9665497	12081	39	-11	940	15	-33	1038	459	-345	-609	700	-1400	1260	
9677579	12082	55	-22	967	13	-26	1034	453	-345	-615	210	-1820	280	
9689660	12081	47	-19	956	16	-21	1030	466	-342	-612	70	-1750	-210	
9701743	12083	43	-22	971	11	-18	1033	459	-342	-610	140	-1680	-560	
9713829	12086	55	-19	971	10	-18	1033	453	-349	-613	140	-1750	-770	
9725911	12082	43	-22	967	9	-19	1034	465	-342	-613	-70	-1820	-910	
9737993	12082	35	-11	967	10	-20	1031	462	-342	-607	0	-1890	-840	
9750076	12083	39	-26	963	9	-20	1034	459	-346	-610	0	-2030	-770	
9762158	12082	55	-22	956	10	-14	1033	462	-342	-612	-70	-2100	-630	
9774238	12080	43	-19	975	1	-5	1032	469	-345	-612	-70	-2240	1190	
9786319	12081	39	-38	971	2	10	1032	456	-346	-609	0	-2170	3010	
9798401	12082	51	0	944	16	-26	1030	463	-340	-610	0	-2450	3500	
9810481	12080	8	-46	967	-7	-7	1036	471	-343	-609	0	-2450	3500	
9822561	12080	66	12	956	5	-14	1037	457	-345	-604	-210	-2520	4340	
9834645	12084	31	16	983	4	-43	1023	459	-334	-612	-280	-2310	2660	
9846728	12083	43	39	928	-6	-57	1038	453	-337	-609	-280	-2240	0	
9858812	12084	43	27	948	-2	-71	1017	454	-340	-610	-350	-2310	-5320	
9870893	12081	47	-77	975	2	-23	1049	463	-339	-610	-560	-2380	-6370	
9882975	12082	74	-19	1022	30	25	1032	459	-345	-607	-140	-2170	-4690	
9895057	12082	51	-97	1014	49	55	1040	457	-348	-604	-70	-2030	-1890	
9907139	12082	152	66	624	-5	-107	1065	459	-340	-603	-210	-3500	-2800	
9919220	12081	172	-65	667	40	-28	1008	459	-343	-609	-140	-1890	-3500	
9931300	12080	31	-19	1174	32	10	988	454	-345	-607	420	-1540	-3430	
9943381	12081	-136	8	991	59	-77	669	456	-345	-613	1680	2660	-12670	
9955465	12084	-225	129	1919	-28	69	1166	466	-342	-615	9730	30030	-10850	
9967543	12078	351	-405	573	-104	-25	1251	460	-336	-615	-1540	-11060	-13580	
9979628	12085	-26	43	917	-111	-8	875	457	-333	-609	-2380	-25550	-13090	
9991708	12080	-26	-104	242	104	-37	834	460	-334	-618	-630	-6440	-8820	
10003791	12083	144	43	1034	24	6	997	466	-348	-615	490	11550	-7350	
10015872	12081	-11	35	1006	-73	12	1262	460	-339	-615	-630	-9660	-4060	
10027954	12082	82	-38	1002	-7	8	961	457	-340	-609	-420	-6860	-1750	
10040039	12085	98	-38	800	30	-19	996	457	-345	-612	-140	1120	-2100	
10052120	12081	-3	-15	963	-37	-3	1106	459	-345	-615	-210	4340	-1330	
10064200	12080	23	4	905	-16	-24	1067	463	-334	-618	-210	-7350	-1120	
10076285	12085	62	-22	901	18	-10	966	460	-346	-607	-210	-3360	-1120	
10088367	12082	23	-7	963	-5	-15	1052	457	-349	-610	-210	2380	-1330	
10100447	12080	0	-15	991	-27	-15	1083	459	-346	-613	-210	770	-980	
10112527	12080	16	-46	952	-2	-12	1048	462	-348	-609	-140	-5950	-700	
10124609	12082	90	-19	893	24	-21	1002	459	-336	-610	-210	-2030	-1050	
10136690	12081	20	-15	971	0	-16	1044	463	-348	-616	-350	1120	-980	
10148772	12082	27	-15	971	-15	-15	1063	460	-346	-610	-210	-3430	-840	
10160854	12082	27	-19	963	-1	-17	1044	456	-346	-613	-140	-4760	-700	
10172935	12081	70	-11	913	7	-18	995	456	-348	-610	-280	-3220	-770	
10185020	12085	23	-19	967	0	-13	1038	465	-342	-610	-280	-70	-1050	
10197103	12083	31	-11	956	-1	-22	1042	459	-348	-612	-280	-1540	-840	
10209184	12081	31	-22	971	-3	-14	1043	456	-349	-616	-210	-2800	-770	
10221269	12085	39	-11	971	0	-16	1036	451	-345	-606	-210	-3570	-700	
10233350	12081	51	-34	948	15	-14	1012	465	-346	-609	-210	-3710	-770	
10245432	12082	47	-30	959	7	-14	1024	457	-345	-613	-210	-910	-770	
10257516	12084	43	-19	959	2	-20	1040	454	-343	-609	-280	-1680	-770	
10269601	12085	39	-19	956	0	-18	1036	459	-346	-606	-140	-2660	-700	
10281682	12081	66	-11	944	10	-17	1022	454	-345	-610	-210	-3080	-770	
10293762	12080	35	-38	971	11	-16	1023	462	-343	-613	-280	-1260	-770	
10305844	12082	39	-19	987	2	-19	1038	456	-346	-609	-210	-1820	-770	
10317926	12082	35	-15	983	0	-17	1036	460	-345	-613	-210	-2450	-770	
10330009	12083	39	-26	944	8	-19	1025	462	-342	-622	-280	-2730	-700	
10342094	12085	35	-19	963	8	-17	1024	459	-352	-621	-210	-1470	-770	
10354176	12082	31	-26	956	2	-16	1035	462	-346	-610	-210	-1750	-770	
10366256	12080	31	-19	956	0	-14	1037	453	-346	-607	-210	-2240	-770	
10378335	12079	23	-11	956	5	-15	1030	462	-342	-618	-210	-2730	-770	
10390416	12081	43	-15	956	10	-16	1023	454	-343	-610	-210	-1610	-770	
10402497	12081	39	-15	956	4	-15	1031	454	-339	-607	-280	-1680	-770	
10414578	12081	35	-19	975	2	-18	1036	457	-343	-613	-210	-2310	-770	
10426662	12084	35	-19	952	7	-17	1028	456	-349	-609	-210	-2590	-770	
10438745	12083	39	-22	952	8	-18	1027	454	-349	-606	-280	-1680	-770	
10450829	12084	43	-15	967	3	-18	1033	448	-337	-610	-280	-1890	-840	
10462911	12082	23	-22	975	2	-16	1034	462	-339	-604	-210	-2310	-840	
10474991	12080	47	-22	956	7	-17	1027	457	-345	-606	-280	-2380	-770	
10487074	12083	31	-22	952	5	-16	1029	457	-348	-612	-210	-1750	-770	
10499157	12083	31	-15	956	2	-16	1034	454	-354	-601	-210	-1960	-770	
10511240	12083	31	-26	971	1	-15	1033	462	-343	-604	-280	-2240	-700	
10523321	12081	31	-19	979	7	-18	1028	460	-342	-609	-280	-2380	-770	
10535401	12080	47	-22	956	6	-17	1028	462	-345	-610	-280	-1820	-770	
10547484	12083	43	-19	959	4	-17	1033	457	-340	-609	-280	-2030	-770	
10559565	12081	39	-19	959	6	-17	1030	453	-346	-606	-280	-2240	-700	
10571649	12084	39	-19	948	8	-16	1028	457	-343	-607	-210	-2240	-840	
10583730	12081	31	-19	959	5	-15	1033	453	-346	-606	-280	-1890	-770	
10595814	12084	35	-19	956	4	-16	1034	459	-340	-609	-280	-2170	-770	
10607896	12082	39	-19	967	5	-17	1028	460	-352	-609	-210	-2380	-770	
10619976	12080	31	-22	959	5	-17	1029	460	-340	-607	-210	-2100	-770	
10632058	12082	31	-22	952	3	-17	1031	453	-351	-604	-210	-1960	-770	
10644139	12081	35	-19	963	3	-17	1033	462	-351	-606	-210	-2170	-840	
10656220	12081	43	-19	967	4	-16	1032	451	-346	-607	-210	-2240	-770	
10668299	12079	31	-15	948	5	-17	1031	451	-345	-619	-280	-2030	-770	
10680380	12081	39	-22	959	5	-18	1031	454	-343	-604	-210	-2100	-770	
10692463	12083	39	-19	948	5	-18	1032	465	-342	-606	-210	-2170	-770	
10704544	12081	35	-15	948	7	-18	1030	462	-343	-603	-210	-2170	-770	
10716629	12085	35	-22	975	7	-16	1032	454	-342	-609	-210	-2100	-840	
10728708	12079	39	-22	979	6	-16	1033	453	-352	-609	-210	-2100	-770	
10740788	12080	35	-22	967	5	-15	1033	459	-343	-600	-210	-2170	-700	
10752871	12083	39	-22	952	5	-15	1030	457	-343	-603	-210	-2170	-840	
10764951	12080	31	-22	967	3	-17	1025	459	-340	-604	-210	-2030	-770	
10777033	12082	39	-15	952	4	-17	1030	456	-343	-612	70	-2240	-770	
10789113	12080	35	-22	940	5	-21	1015	456	-349	-603	210	-2170	-840	
10801193	12080	43	-30	991	4	-12	1052	460	-342	-607	-280	-1960	-770	
10813274	12081	20	-3	928	2	-18	1023	460	-342	-604	-630	-1960	-700	
10825354	12080	27	-15	944	3	-22	1004	457	-343	-618	-70	-1750	-700	
10837435	12081	23	-15	983	2	-24	1049	450	-342	-600	-140	-1820	-840	
10849518	12083	47	-15	971	2	-24	1019	463	-345	-604	-350	-2100	-770	
10861603	12085	47	-26	959	0	-15	1024	468	-339	-615	-140	-2170	-770	
10873685	12082	31	-15	952	5	-16	1044	460	-339	-610	-280	-2030	-770	
10885769	12084	31	-38	948	4	-16	1023	453	-349	-607	-350	-2170	-770	
10897853	12084	39	-19	944	2	-15	1032	456	-343	-610	-140	-2380	-700	
10909935	12082	43	-22	944	5	-18	1039	460	-346	-607	-140	-2450	-770	
10922020	12085	27	-22	963	6	-17	1026	453	-346	-604	-210	-1960	-700	
10934103	12083	47	-15	967	6	-17	1025	457	-348	-604	-70	-1820	-770	
10946184	12081	35	-30	971	3	-13	1035	457	-342	-610	140	-1960	-770	
10958269	12085	43	-22	971	4	-17	1049	454	-340	-607	-70	-1960	-840	
10970350	12081	39	-15	983	3	-12	1041	460	-343	-604	-490	-2170	-700	
10982432	12082	39	-19	940	5	-22	1024	453	-345	-610	-210	-2170	-840	
10994516	12084	31	-11	967	4	-18	1041	462	-348	-606	-140	-2170	-840	
11006601	12085	23	-30	959	4	-20	1035	460	-339	-613	-210	-2310	-840	
11018682	12081	43	-19	963	5	-16	1024	459	-345	-607	-140	-2100	-770	
11030762	12080	47	-22	959	3	-16	1030	457	-342	-604	-140	-1890	-770	
11042844	12082	31	-34	959	3	-6	1030	453	-342	-606	-210	-1820	-770	
11054926	12082	47	-22	963	4	-12	1034	463	-345	-607	-140	-2100	-770	
11067009	12083	31	-22	971	3	-15	1037	457	-345	-606	-210	-2310	-770	
11079094	12085	39	-15	956	5	-15	1029	456	-346	-607	-210	-2310	-770	
11091176	12082	47	-22	963	8	-18	1031	462	-343	-601	-210	-2450	-840	
11103256	12080	31	-15	944	10	-19	1029	456	-342	-604	-140	-1820	-840	
11115335	12079	35	-19	963	7	-20	1030	465	-345	-607	-210	-1680	-840	
11127416	12081	35	-22	956	6	-12	1032	448	-342	-610	-210	-1820	-770	
11139497	12081	43	-19	971	4	-16	1032	453	-346	-609	-210	-1960	-770	
11151578	12081	27	-19	963	2	-16	1033	459	-345	-607	-210	-1820	-770	
11163662	12084	27	-26	944	1	-18	1032	462	-343	-604	-210	-1820	-770	
11175745	12083	39	-19	963	2	-16	1032	453	-351	-610	-210	-1890	-840	
11187829	12084	43	-19	952	2	-19	1032	460	-343	-606	-280	-1820	-770	
11199911	12082	35	-22	944	2	-16	1032	465	-345	-606	-280	-2170	-770	
11211991	12080	35	-15	963	4	-13	1033	468	-343	-606	-210	-2310	-700	
11224074	12083	43	-26	959	5	-16	1031	465	-349	-601	-280	-2380	-770	
11236157	12083	31	-19	959	6	-17	1032	457	-345	-607	-210	-2520	-770	
11248240	12083	39	-22	963	7	-17	1033	459	-343	-612	-140	-2520	-770	
11260321	12081	39	-26	963	6	-16	1031	460	-343	-600	-280	-2310	-700	
11272401	12080	35	-15	959	8	-17	1028	456	-351	-607	-280	-1890	-770	
11284484	12083	35	-26	948	6	-15	1031	457	-340	-604	-210	-1750	-910	
11296565	12081	47	-22	956	4	-13	1033	462	-348	-606	-210	-1610	-770	
11308649	12084	31	-22	959	3	-13	1032	466	-337	-601	-280	-1610	-770	
11320730	12081	43	-19	956	2	-14	1032	456	-349	-607	-210	-1750	-770	
11332814	12084	35	-19	967	3	-17	1034	453	-346	-598	-210	-1820	-770	
11344896	12082	23	-15	959	2	-18	1034	468	-346	-606	-210	-2170	-770	
11356976	12080	31	-19	963	3	-21	1032	454	-352	-609	-210	-2310	-770	
11369058	12082	35	-19	967	4	-18	1032	457	-337	-603	-210	-2380	-770	
11381139	12081	39	-15	975	4	-17	1031	454	-345	-609	-280	-2310	-770	
11393220	12081	35	-22	967	4	-15	1032	457	-345	-610	-210	-2240	-770	
11405299	12079	43	-22	975	4	-14	1031	463	-342	-609	-280	-2100	-770	
11417380	12081	35	-30	959	5	-13	1031	454	-351	-609	-280	-2100	-770	
11429463	12083	35	-22	940	5	-14	1032	460	-343	-603	-280	-2170	-770	
11441544	12081	27	-30	952	5	-15	1032	451	-348	-612	-210	-2100	-770	
11453629	12085	39	-19	963	6	-16	1031	457	-343	-609	-210	-2100	-770	
11465708	12079	35	-22	948	4	-17	1031	457	-337	-609	-210	-2100	-840	
11477788	12080	35	-15	959	4	-17	1030	462	-348	-609	-280	-1890	-770	
11489871	12083	27	-22	971	4	-17	1031	460	-339	-603	-210	-1820	-840	
11501951	12080	20	-15	959	4	-18	1032	460	-343	-603	-280	-1820	-770	
11514033	12082	47	-19	963	2	-18	1032	465	-340	-603	-280	-1820	-770	
11526113	12080	35	-15	952	1	-17	1033	460	-343	-607	-280	-1890	-770	
11538193	12080	35	-19	956	2	-17	1033	453	-345	-604	-280	-2240	-770	
11550274	12081	27	-22	963	4	-17	1031	460	-342	-615	-280	-2170	-770	
11562354	12080	51	-38	909	1	-12	1034	454	-337	-612	-350	-2030	-770	
11574435	12081	35	-42	979	2	-5	1026	463	-342	-606	-280	-1960	-700	
11586518	12083	31	-7	971	3	-18	1032	457	-343	-603	-280	-2030	-770	
11598603	12085	43	-26	956	2	-13	1035	462	-345	-606	-280	-2310	-700	
11610685	12082	47	-7	967	7	-22	1030	459	-336	-610	-210	-2450	-700	
11622769	12084	39	-22	959	6	-16	1033	456	-337	-609	-210	-2520	-700	
11634853	12084	39	-11	967	8	-27	1031	468	-342	-610	-280	-2380	-840	
11646935	12082	47	-7	944	6	-20	1028	460	-345	-610	-210	-2170	-770	
11659020	12085	39	-22	948	6	-25	1030	454	-352	-615	-210	-1890	-770	
11671103	12083	23	-11	948	4	-11	1031	456	-345	-604	-280	-1610	-770	
11683184	12081	16	-34	944	4	-14	1030	459	-343	-609	-280	-1330	-770	
11695269	12085	31	-26	975	-1	-16	1040	457	-336	-606	-210	-1890	-770	
11707350	12081	35	-15	963	3	-16	1032	457	-342	-612	-280	-2590	-700	
11719432	12082	27	-26	924	3	-16	1029	457	-345	-606	-280	-2660	-840	
11731516	12084	35	-7	956	5	-13	1029	460	-343	-609	-210	-2310	-700	
11743601	12085	43	-22	967	6	-20	1031	463	-342	-603	-210	-2100	-770	
11755682	12081	39	-22	952	7	-15	1030	456	-346	-607	-280	-1890	-770	
11767762	12080	35	-19	959	6	-19	1030	456	-342	-609	-280	-1890	-770	
11779844	12082	35	-15	956	5	-16	1032	463	-343	-604	-210	-1680	-770	
11791926	12082	27	-22	967	4	-18	1034	456	-343	-600	-280	-1750	-770	
11804009	12083	39	-19	963	1	-15	1035	454	-348	-600	-210	-2170	-840	
11816094	12085	35	-30	948	3	-17	1031	459	-346	-607	-210	-2380	-700	
11828176	12082	43	-26	967	4	-17	1030	462	-348	-609	-210	-2030	-770	
11840256	12080	39	-15	928	3	-13	1031	463	-343	-609	-210	-1890	-770	
11852335	12079	31	-22	948	1	-16	1035	465	-337	-606	-210	-1960	-770	
11864416	12081	39	-15	967	4	-15	1033	460	-343	-609	-280	-2310	-770	
11876497	12081	35	-26	967	4	-18	1030	457	-345	-604	-210	-2240	-770	
11888578	12081	43	-15	971	6	-18	1030	453	-343	-610	-210	-2170	-770	
11900662	12084	39	-22	956	6	-20	1031	457	-352	-609	-280	-2030	-770	
11912745	12083	39	-22	959	5	-18	1030	456	-342	-604	-210	-2030	-770	
11924829	12084	39	-19	948	5	-17	1031	474	-345	-609	-210	-1960	-770	
11936911	12082	39	-19	979	4	-18	1033	459	-342	-609	-280	-1960	-770	
11948991	12080	31	-15	967	3	-14	1033	462	-346	-609	-210	-2100	-770	
11961074	12083	31	-22	952	3	-14	1031	463	-340	-606	-210	-2100	-770	
11973157	12083	31	-15	959	3	-15	1030	454	-345	-610	-210	-1960	-770	
11985240	12083	35	-22	963	3	-15	1031	454	-345	-612	-280	-2030	-770	
11997321	12081	43	-15	948	3	-17	1031	465	-343	-603	-210	-2170	-840	
12009401	12080	27	-19	956	5	-17	1031	456	-339	-606	-210	-2030	-770	
12021484	12083	35	-22	975	5	-16	1031	460	-340	-609	-280	-1960	-770	
12033565	12081	43	-15	975	4	-17	1031	459	-343	-610	-210	-2100	-770	
12045649	12084	23	-19	959	4	-16	1032	465	-345	-609	-210	-2100	-770	
12057730	12081	39	-15	952	5	-16	1031	457	-340	-601	-280	-2100	-770	
12069814	12084	47	-26	963	4	-17	1032	457	-345	-607	-210	-2030	-770	
12081896	12082	39	-22	967	3	-16	1032	460	-349	-603	-280	-2100	-770	
12093976	12080	39	-22	967	4	-16	1033	453	-342	-609	-210	-2100	-700	
12106058	12082	39	-19	971	5	-16	1031	460	-345	-613	-210	-2030	-770	
12118139	12081	31	-15	963	4	-16	1031	460	-342	-609	-210	-2030	-770	
12130220	12081	35	-22	959	3	-15	1033	456	-346	-606	-280	-2030	-770	
12142299	12079	39	-22	956	3	-16	1031	465	-333	-609	-210	-2170	-770	
12154380	12081	43	-22	979	3	-17	1031	459	-348	-609	-280	-1960	-770	
12166463	12083	35	-15	956	4	-17	1032	459	-340	-609	-210	-2030	-770	
12178544	12081	31	-19	963	4	-18	1030	463	-345	-601	-210	-2170	-770	
12190629	12085	27	-19	956	3	-18	1031	454	-343	-612	-280	-2100	-770	
12202708	12079	35	-22	959	4	-17	1031	456	-348	-612	-210	-2030	-770	
12214788	12080	43	-15	963	3	-16	1033	462	-346	-613	-210	-2170	-770	
12226871	12083	27	-26	967	3	-16	1031	459	-346	-604	-210	-2100	-840	
12238951	12080	43	-15	967	4	-16	1031	459	-346	-609	-210	-2100	-770	
12251033	12082	35	-22	971	4	-16	1033	459	-345	-604	-210	-2100	-770	
12263113	12080	27	-22	959	4	-16	1032	460	-345	-613	-210	-2100	-770	
12275193	12080	39	-19	967	4	-17	1030	459	-343	-609	-280	-2100	-770	
12287274	12081	39	-19	959	4	-17	1031	454	-348	-606	-210	-2100	-840	
12299354	12080	35	-19	959	4	-17	1033	462	-343	-610	-280	-2100	-770	
12311435	12081	35	-19	971	4	-17	1032	465	-342	-612	-210	-2100	-770	
12323518	12083	31	-15	956	3	-18	1032	450	-346	-612	-210	-2170	-840	
12335603	12085	31	-22	959	2	-17	1032	460	-342	-603	-280	-2030	-770	
12347685	12082	35	-19	952	4	-17	1032	460	-342	-610	-210	-2100	-770	
12359769	12084	35	-19	944	3	-16	1031	465	-342	-610	-210	-2100	-770	
